ISO-10303-21;
HEADER;
FILE_DESCRIPTION (( 'STEP AP214' ),
    '1' );
FILE_NAME ('0287040.PXCN.STEP',
    '2023-04-28T19:45:10',
    ( '' ),
    ( '' ),
    'SwSTEP 2.0',
    'SolidWorks 2022',
    '' );
FILE_SCHEMA (( 'AUTOMOTIVE_DESIGN' ));
ENDSEC;

DATA;
#1 = CARTESIAN_POINT ( 'NONE',  ( 1.902881415125309950, 6.149899999999999700, 8.346206644400899322 ) ) ;
#2 = CARTESIAN_POINT ( 'NONE',  ( 1.919899243579859860, 6.149897924467699895, 9.953175874181290794 ) ) ;
#3 = ORIENTED_EDGE ( 'NONE', *, *, #3289, .T. ) ;
#4 = EDGE_LOOP ( 'NONE', ( #8579, #3673, #4717, #6272 ) ) ;
#5 = EDGE_CURVE ( 'NONE', #8512, #5393, #3582, .T. ) ;
#6 = CARTESIAN_POINT ( 'NONE',  ( 0.4302828521505699944, 6.150000000000000355, 12.30000000000000071 ) ) ;
#7 = ORIENTED_EDGE ( 'NONE', *, *, #6269, .T. ) ;
#8 = DIRECTION ( 'NONE',  ( 1.000000000000000000, 0.000000000000000000, 0.000000000000000000 ) ) ;
#9 = CARTESIAN_POINT ( 'NONE',  ( 1.152476217557649951, 6.150000000000000355, 11.51152273694870054 ) ) ;
#10 = EDGE_CURVE ( 'NONE', #2336, #7424, #6651, .T. ) ;
#11 = STYLED_ITEM ( 'NONE', ( #587 ), #4760 ) ;
#12 = DIRECTION ( 'NONE',  ( 0.000000000000000000, 0.7998893862965784640, -0.6001474566221894902 ) ) ;
#13 = CARTESIAN_POINT ( 'NONE',  ( 0.009351313679485179914, -1.425000000000000044, 18.50000000000000000 ) ) ;
#14 = ORIENTED_EDGE ( 'NONE', *, *, #961, .F. ) ;
#15 = CIRCLE ( 'NONE', #1453, 0.1999999999999999833 ) ;
#16 = CARTESIAN_POINT ( 'NONE',  ( 1.376139105817553387, 6.150000000000000355, 11.06500733321239949 ) ) ;
#17 = EDGE_LOOP ( 'NONE', ( #1841, #5479, #5158, #3397 ) ) ;
#18 = DIRECTION ( 'NONE',  ( -0.000000000000000000, 1.000000000000000000, 0.000000000000000000 ) ) ;
#19 = CARTESIAN_POINT ( 'NONE',  ( -1.940823017527810057, 3.060162171588010072, 18.50051768866470070 ) ) ;
#20 = DIRECTION ( 'NONE',  ( -1.000000000000000000, 0.000000000000000000, 0.000000000000000000 ) ) ;
#21 = PLANE ( 'NONE',  #8709 ) ;
#22 = B_SPLINE_CURVE_WITH_KNOTS ( 'NONE', 3,
 ( #5422, #1797, #4541, #1664, #8604, #2638, #2427, #7288, #3866, #1754, #5377 ),
 .UNSPECIFIED., .F., .F.,
 ( 4, 1, 1, 1, 2, 2, 4 ),
 ( 0.000000000000000000, 0.2500000000000126010, 0.3750000000000152101, 0.4375000000000155986, 0.4687500000000128786, 0.5000000000000101030, 1.000000000000000000 ),
 .UNSPECIFIED. ) ;
#23 = CARTESIAN_POINT ( 'NONE',  ( 1.294291454678969888, 6.149949536118099580, 10.14118235996499884 ) ) ;
#24 = CARTESIAN_POINT ( 'NONE',  ( 1.776463260891450124, 6.150000000000000355, 6.945072101642299600 ) ) ;
#25 = ADVANCED_FACE ( 'NONE', ( #3232 ), #5378, .F. ) ;
#26 = VECTOR ( 'NONE', #2532, 1000.000000000000000 ) ;
#27 = AXIS2_PLACEMENT_3D ( 'NONE', #5296, #7279, #8595 ) ;
#28 = ORIENTED_EDGE ( 'NONE', *, *, #1801, .T. ) ;
#29 = ORIENTED_EDGE ( 'NONE', *, *, #3324, .T. ) ;
#30 = CARTESIAN_POINT ( 'NONE',  ( 1.257014306635656276, 6.150000000000000355, 10.44966426623646782 ) ) ;
#31 = ORIENTED_EDGE ( 'NONE', *, *, #8345, .F. ) ;
#32 = VERTEX_POINT ( 'NONE', #8864 ) ;
#33 = CARTESIAN_POINT ( 'NONE',  ( -0.05552309676571959979, 0.1499999999999999944, 0.2999999999999999889 ) ) ;
#34 = AXIS2_PLACEMENT_3D ( 'NONE', #3662, #4965, #6405 ) ;
#35 = CARTESIAN_POINT ( 'NONE',  ( 0.4302828521505699944, 5.349999999999999645, 12.30000000000000071 ) ) ;
#36 = EDGE_CURVE ( 'NONE', #7980, #6542, #4448, .T. ) ;
#37 = LINE ( 'NONE', #2780, #307 ) ;
#38 = VERTEX_POINT ( 'NONE', #4747 ) ;
#39 = CARTESIAN_POINT ( 'NONE',  ( -2.040305328863119882, 3.149999999999999911, 0.000000000000000000 ) ) ;
#40 = CARTESIAN_POINT ( 'NONE',  ( 1.152476217557659943, 6.150000000000000355, 9.312981375176489607 ) ) ;
#41 = AXIS2_PLACEMENT_3D ( 'NONE', #1694, #2040, #5501 ) ;
#42 = ORIENTED_EDGE ( 'NONE', *, *, #3435, .F. ) ;
#43 =( BOUNDED_CURVE ( )  B_SPLINE_CURVE ( 3, ( #3121, #5859, #1680, #5820 ),
 .UNSPECIFIED., .F., .T. ) 
 B_SPLINE_CURVE_WITH_KNOTS ( ( 4, 4 ),
 ( 5.446888423189115258, 5.497787143782159269 ),
 .UNSPECIFIED. ) 
 CURVE ( )  GEOMETRIC_REPRESENTATION_ITEM ( )  RATIONAL_B_SPLINE_CURVE ( ( 1.000000000000000000, 0.9997841216720351198, 0.9997841216720351198, 1.000000000000000000 ) ) 
 REPRESENTATION_ITEM ( '' )  );
#44 = PLANE ( 'NONE',  #1276 ) ;
#45 = ORIENTED_EDGE ( 'NONE', *, *, #7300, .T. ) ;
#46 = ADVANCED_FACE ( 'NONE', ( #6130 ), #3437, .F. ) ;
#47 = EDGE_LOOP ( 'NONE', ( #5684, #8806, #7637, #8603 ) ) ;
#48 = LINE ( 'NONE', #7562, #1173 ) ;
#49 = CARTESIAN_POINT ( 'NONE',  ( 1.718926793259370145, 6.149950000000000472, 9.704391429631320065 ) ) ;
#50 = CARTESIAN_POINT ( 'NONE',  ( 1.807257426666360356, 6.150000000000000355, 10.53963590386204174 ) ) ;
#51 = ORIENTED_EDGE ( 'NONE', *, *, #1182, .F. ) ;
#52 = ORIENTED_EDGE ( 'NONE', *, *, #4209, .F. ) ;
#53 = EDGE_CURVE ( 'NONE', #4232, #7833, #1289, .T. ) ;
#54 = CARTESIAN_POINT ( 'NONE',  ( 1.909351313647939863, 2.752070754658749951, 11.29999999999999893 ) ) ;
#55 = ORIENTED_EDGE ( 'NONE', *, *, #2837, .F. ) ;
#56 = CARTESIAN_POINT ( 'NONE',  ( 0.4302828521505689952, 5.150000000000000355, 15.90000000000000036 ) ) ;
#57 = VECTOR ( 'NONE', #5264, 1000.000000000000000 ) ;
#58 = DIRECTION ( 'NONE',  ( 1.000000000000000000, 0.000000000000000000, 0.000000000000000000 ) ) ;
#59 = CARTESIAN_POINT ( 'NONE',  ( 0.8518279148604700479, 6.150000000000000355, 8.975866297219530665 ) ) ;
#60 = CARTESIAN_POINT ( 'NONE',  ( -2.449609993155674292, 3.120710678118653991, 12.07928932188134397 ) ) ;
#61 = ADVANCED_FACE ( 'NONE', ( #6176 ), #4025, .F. ) ;
#62 = ORIENTED_EDGE ( 'NONE', *, *, #2578, .F. ) ;
#63 = CARTESIAN_POINT ( 'NONE',  ( 0.009351313679485179914, -6.150000000000000355, 0.5999999999999999778 ) ) ;
#64 = VERTEX_POINT ( 'NONE', #19 ) ;
#65 = FACE_OUTER_BOUND ( 'NONE', #4012, .T. ) ;
#66 = FACE_OUTER_BOUND ( 'NONE', #8243, .T. ) ;
#67 = CARTESIAN_POINT ( 'NONE',  ( 0.4302828521505719928, 6.150000000000000355, 6.799999999999999822 ) ) ;
#68 = CARTESIAN_POINT ( 'NONE',  ( 1.746566314627203242, 6.150000000000000355, 7.275267459985063745 ) ) ;
#69 = CARTESIAN_POINT ( 'NONE',  ( -0.4302828521505719928, 5.349999999999999645, 6.000000000000000000 ) ) ;
#70 = ORIENTED_EDGE ( 'NONE', *, *, #3009, .T. ) ;
#71 = ADVANCED_FACE ( 'NONE', ( #3350 ), #1335, .F. ) ;
#72 = ORIENTED_EDGE ( 'NONE', *, *, #7910, .F. ) ;
#73 = CARTESIAN_POINT ( 'NONE',  ( 1.100000000000000089, 3.050000000000000266, 0.2999999999999999889 ) ) ;
#74 = ORIENTED_EDGE ( 'NONE', *, *, #6787, .T. ) ;
#75 = ORIENTED_EDGE ( 'NONE', *, *, #746, .T. ) ;
#76 = AXIS2_PLACEMENT_3D ( 'NONE', #431, #1959, #4702 ) ;
#77 = DIRECTION ( 'NONE',  ( 0.000000000000000000, -0.7404330889864662035, 0.6721300772424634307 ) ) ;
#78 = LINE ( 'NONE', #8416, #2645 ) ;
#79 = CARTESIAN_POINT ( 'NONE',  ( 1.857500539246489835, 6.150000000000000355, 8.082835489747019153 ) ) ;
#80 = ORIENTED_EDGE ( 'NONE', *, *, #5796, .F. ) ;
#81 = CARTESIAN_POINT ( 'NONE',  ( 2.015255073646102790, 3.149999999999999467, 0.5250502552170165371 ) ) ;
#82 = CARTESIAN_POINT ( 'NONE',  ( 1.809688545017020145, 6.149950000282250251, 7.099042930516869632 ) ) ;
#83 = ADVANCED_FACE ( 'NONE', ( #4790 ), #4834, .T. ) ;
#84 = VERTEX_POINT ( 'NONE', #607 ) ;
#85 = EDGE_CURVE ( 'NONE', #7631, #7617, #6784, .T. ) ;
#86 = CARTESIAN_POINT ( 'NONE',  ( 1.748100213467179920, 6.150000000000000355, 8.658200166067791415 ) ) ;
#87 = ORIENTED_EDGE ( 'NONE', *, *, #4212, .T. ) ;
#88 = ADVANCED_FACE ( 'NONE', ( #5423 ), #8222, .F. ) ;
#89 = ADVANCED_FACE ( 'NONE', ( #5508 ), #1373, .F. ) ;
#90 = CIRCLE ( 'NONE', #8735, 0.1000000000000002554 ) ;
#91 = FACE_OUTER_BOUND ( 'NONE', #780, .T. ) ;
#92 = DIRECTION ( 'NONE',  ( 0.000000000000000000, 0.000000000000000000, -1.000000000000000000 ) ) ;
#93 = CARTESIAN_POINT ( 'NONE',  ( 1.630619128452234889, 6.150000000000000355, 10.33080959131579846 ) ) ;
#94 = ORIENTED_EDGE ( 'NONE', *, *, #1854, .F. ) ;
#95 = ORIENTED_EDGE ( 'NONE', *, *, #6949, .F. ) ;
#96 = FACE_OUTER_BOUND ( 'NONE', #6785, .T. ) ;
#97 = ORIENTED_EDGE ( 'NONE', *, *, #3247, .F. ) ;
#98 = DIRECTION ( 'NONE',  ( 0.000000000000000000, 0.000000000000000000, 1.000000000000000000 ) ) ;
#99 = B_SPLINE_CURVE_WITH_KNOTS ( 'NONE', 3,
 ( #6267, #5689, #4884, #7086 ),
 .UNSPECIFIED., .F., .F.,
 ( 4, 4 ),
 ( 0.000000000000000000, 1.000000000000000000 ),
 .UNSPECIFIED. ) ;
#100 = DIRECTION ( 'NONE',  ( 0.7071067811865466846, -0.7071067811865483499, 0.000000000000000000 ) ) ;
#101 = FACE_OUTER_BOUND ( 'NONE', #8381, .T. ) ;
#102 = DIRECTION ( 'NONE',  ( 0.000000000000000000, 0.7071067811865583419, -0.7071067811865366926 ) ) ;
#103 = ORIENTED_EDGE ( 'NONE', *, *, #895, .F. ) ;
#104 = CARTESIAN_POINT ( 'NONE',  ( 1.326323407303046986, 6.150000000000000355, 9.822962411590367537 ) ) ;
#105 = VERTEX_POINT ( 'NONE', #4666 ) ;
#106 = AXIS2_PLACEMENT_3D ( 'NONE', #1863, #5907, #5238 ) ;
#107 = DIRECTION ( 'NONE',  ( -1.000000000000000000, 0.000000000000000000, 0.000000000000000000 ) ) ;
#108 = CARTESIAN_POINT ( 'NONE',  ( -2.449609993155674292, 3.120710678118654879, 7.020710678118654791 ) ) ;
#109 = DIRECTION ( 'NONE',  ( 0.7071067811865446862, 0.7071067811865503483, 5.082197683525802034E-16 ) ) ;
#110 = PRODUCT_RELATED_PRODUCT_CATEGORY ( 'part', '', ( #5473 ) ) ;
#111 = B_SPLINE_CURVE_WITH_KNOTS ( 'NONE', 3,
 ( #4626, #6654, #3395, #1161 ),
 .UNSPECIFIED., .F., .F.,
 ( 4, 4 ),
 ( 0.000000000000000000, 1.000000000000000000 ),
 .UNSPECIFIED. ) ;
#112 = CIRCLE ( 'NONE', #1985, 0.09999999999999986677 ) ;
#113 = DIRECTION ( 'NONE',  ( 0.000000000000000000, -0.3826834323650923908, 0.9238795325112856283 ) ) ;
#114 = DIRECTION ( 'NONE',  ( 0.000000000000000000, 0.000000000000000000, 1.000000000000000000 ) ) ;
#115 = EDGE_LOOP ( 'NONE', ( #1266, #7578, #6806, #6331, #2655 ) ) ;
#116 = ORIENTED_EDGE ( 'NONE', *, *, #7349, .T. ) ;
#117 = CARTESIAN_POINT ( 'NONE',  ( 1.152476217557659943, 6.150000000000000355, 9.105525942587588517 ) ) ;
#118 = EDGE_LOOP ( 'NONE', ( #398, #2452, #7144 ) ) ;
#119 = ORIENTED_EDGE ( 'NONE', *, *, #5379, .T. ) ;
#120 = ORIENTED_EDGE ( 'NONE', *, *, #8549, .F. ) ;
#121 = AXIS2_PLACEMENT_3D ( 'NONE', #3687, #3959, #5397 ) ;
#122 = CIRCLE ( 'NONE', #5155, 0.1000000000000002554 ) ;
#123 = LINE ( 'NONE', #8456, #2184 ) ;
#124 = EDGE_CURVE ( 'NONE', #4386, #6866, #566, .T. ) ;
#125 = DIRECTION ( 'NONE',  ( 0.000000000000000000, 0.000000000000000000, 1.000000000000000000 ) ) ;
#126 = DIRECTION ( 'NONE',  ( 0.000000000000000000, -1.000000000000000000, 0.000000000000000000 ) ) ;
#127 = AXIS2_PLACEMENT_3D ( 'NONE', #5096, #2187, #706 ) ;
#128 = VERTEX_POINT ( 'NONE', #6857 ) ;
#129 = CARTESIAN_POINT ( 'NONE',  ( -0.6000000000320139248, -6.150000000000000355, 18.10000000003200071 ) ) ;
#130 = CARTESIAN_POINT ( 'NONE',  ( 1.275000000000000133, 6.049999999999999822, 19.00000000000000000 ) ) ;
#131 = ORIENTED_EDGE ( 'NONE', *, *, #8831, .T. ) ;
#132 = CARTESIAN_POINT ( 'NONE',  ( 2.449999999999999734, 3.104252291860539970, 7.034004100065880394 ) ) ;
#133 = ORIENTED_EDGE ( 'NONE', *, *, #2066, .F. ) ;
#134 = EDGE_CURVE ( 'NONE', #5639, #158, #5741, .T. ) ;
#135 = DIRECTION ( 'NONE',  ( 0.7071067811865594521, 0.000000000000000000, -0.7071067811865355823 ) ) ;
#136 = PLANE ( 'NONE',  #7698 ) ;
#137 = DIRECTION ( 'NONE',  ( 0.000000000000000000, -0.6001474566221896012, -0.7998893862965785750 ) ) ;
#138 = ORIENTED_EDGE ( 'NONE', *, *, #2322, .T. ) ;
#139 = ORIENTED_EDGE ( 'NONE', *, *, #8637, .T. ) ;
#140 = CARTESIAN_POINT ( 'NONE',  ( 0.3250000000000000111, 7.900000000000000355, 0.000000000000000000 ) ) ;
#141 = CIRCLE ( 'NONE', #2148, 0.1999999999999999833 ) ;
#142 = EDGE_LOOP ( 'NONE', ( #1839, #1213, #7323, #3867 ) ) ;
#143 = LINE ( 'NONE', #863, #8657 ) ;
#144 = FACE_OUTER_BOUND ( 'NONE', #265, .T. ) ;
#145 = DIRECTION ( 'NONE',  ( -0.1016217158801569903, 0.9948231133531089121, 0.000000000000000000 ) ) ;
#146 = DIRECTION ( 'NONE',  ( 0.000000000000000000, 0.000000000000000000, -1.000000000000000000 ) ) ;
#147 = ORIENTED_EDGE ( 'NONE', *, *, #7920, .F. ) ;
#148 = CARTESIAN_POINT ( 'NONE',  ( 1.131406525185360001, 6.149899998944220236, 7.128216350724679629 ) ) ;
#149 = VERTEX_POINT ( 'NONE', #6732 ) ;
#150 =( GEOMETRIC_REPRESENTATION_CONTEXT ( 3 ) GLOBAL_UNCERTAINTY_ASSIGNED_CONTEXT ( ( #5295 ) ) GLOBAL_UNIT_ASSIGNED_CONTEXT ( ( #7347, #2438, #1178 ) ) REPRESENTATION_CONTEXT ( 'NONE', 'WORKASPACE' ) );
#151 = FACE_OUTER_BOUND ( 'NONE', #4621, .T. ) ;
#152 = DIRECTION ( 'NONE',  ( -0.7071067811865466846, 0.000000000000000000, 0.7071067811865483499 ) ) ;
#153 = LINE ( 'NONE', #4925, #5062 ) ;
#154 = DIRECTION ( 'NONE',  ( -1.000000000000000000, 0.000000000000000000, 0.000000000000000000 ) ) ;
#155 = DIRECTION ( 'NONE',  ( 0.000000000000000000, 1.000000000000000000, 0.000000000000000000 ) ) ;
#156 = AXIS2_PLACEMENT_3D ( 'NONE', #3106, #1082, #1759 ) ;
#157 = CARTESIAN_POINT ( 'NONE',  ( 1.715685302125170120, 6.150000000000000355, 8.078513501568089339 ) ) ;
#158 = VERTEX_POINT ( 'NONE', #5464 ) ;
#159 = ORIENTED_EDGE ( 'NONE', *, *, #2896, .F. ) ;
#160 = VERTEX_POINT ( 'NONE', #564 ) ;
#161 = ORIENTED_EDGE ( 'NONE', *, *, #2459, .F. ) ;
#162 = ORIENTED_EDGE ( 'NONE', *, *, #4602, .T. ) ;
#163 = SPHERICAL_SURFACE ( 'NONE', #7225, 0.1000000000000000056 ) ;
#164 = DIRECTION ( 'NONE',  ( -1.000000000000000000, 0.000000000000000000, 0.000000000000000000 ) ) ;
#165 = CIRCLE ( 'NONE', #5652, 0.09999999999999986677 ) ;
#166 = CARTESIAN_POINT ( 'NONE',  ( 0.9028814002241329906, 6.150000000000000355, 12.18818401121320072 ) ) ;
#167 = ORIENTED_EDGE ( 'NONE', *, *, #8639, .F. ) ;
#168 = LINE ( 'NONE', #2919, #6248 ) ;
#169 = CARTESIAN_POINT ( 'NONE',  ( -0.1093513136794850016, 0.1499999999999999944, 18.50000000000000000 ) ) ;
#170 = EDGE_CURVE ( 'NONE', #32, #2216, #3311, .T. ) ;
#171 = ORIENTED_EDGE ( 'NONE', *, *, #2506, .T. ) ;
#172 = FACE_OUTER_BOUND ( 'NONE', #2998, .T. ) ;
#173 = ORIENTED_EDGE ( 'NONE', *, *, #8799, .F. ) ;
#174 = AXIS2_PLACEMENT_3D ( 'NONE', #1167, #3287, #2517 ) ;
#175 = CARTESIAN_POINT ( 'NONE',  ( 0.009351313679485179914, 0.1499999999999999944, 18.39999999999999858 ) ) ;
#176 = DIRECTION ( 'NONE',  ( 0.000000000000000000, 0.000000000000000000, 1.000000000000000000 ) ) ;
#177 = CARTESIAN_POINT ( 'NONE',  ( 2.449999999999999734, 6.049999999999999822, 0.1000000000000000056 ) ) ;
#178 = LINE ( 'NONE', #767, #3617 ) ;
#179 = ORIENTED_EDGE ( 'NONE', *, *, #5922, .T. ) ;
#180 = DIRECTION ( 'NONE',  ( 0.000000000000000000, 1.000000000000000000, 0.000000000000000000 ) ) ;
#181 = DIRECTION ( 'NONE',  ( 0.000000000000000000, 0.000000000000000000, 1.000000000000000000 ) ) ;
#182 = AXIS2_PLACEMENT_3D ( 'NONE', #8225, #3442, #4794 ) ;
#183 = B_SPLINE_CURVE_WITH_KNOTS ( 'NONE', 3,
 ( #7718, #8312, #7048, #875 ),
 .UNSPECIFIED., .F., .F.,
 ( 4, 4 ),
 ( 0.000000000000000000, 1.000000000000000000 ),
 .UNSPECIFIED. ) ;
#184 = ADVANCED_FACE ( 'NONE', ( #8137 ), #741, .T. ) ;
#185 = B_SPLINE_CURVE_WITH_KNOTS ( 'NONE', 3,
 ( #598, #1864, #8129, #644 ),
 .UNSPECIFIED., .F., .F.,
 ( 4, 4 ),
 ( 0.000000000000000000, 1.000000000000000000 ),
 .UNSPECIFIED. ) ;
#186 = CARTESIAN_POINT ( 'NONE',  ( -1.000000000000000000, -6.150000000000000355, 0.000000000000000000 ) ) ;
#187 = FACE_OUTER_BOUND ( 'NONE', #2106, .T. ) ;
#188 = CARTESIAN_POINT ( 'NONE',  ( 1.152476217557659943, 6.149899999999999700, 8.346206644400888663 ) ) ;
#189 = VERTEX_POINT ( 'NONE', #1642 ) ;
#190 = DIRECTION ( 'NONE',  ( 0.2460110547314106888, -0.9692670225226579506, 0.000000000000000000 ) ) ;
#191 = ORIENTED_EDGE ( 'NONE', *, *, #4444, .T. ) ;
#192 = ADVANCED_FACE ( 'NONE', ( #66 ), #822, .T. ) ;
#193 = DIRECTION ( 'NONE',  ( -0.7071067811865482389, 0.000000000000000000, -0.7071067811865466846 ) ) ;
#194 = CARTESIAN_POINT ( 'NONE',  ( -2.445132268476472248, 3.076876110206469228, 7.049999999999998934 ) ) ;
#195 = EDGE_CURVE ( 'NONE', #3804, #3337, #4924, .T. ) ;
#196 = EDGE_CURVE ( 'NONE', #3521, #7631, #6942, .T. ) ;
#197 = CARTESIAN_POINT ( 'NONE',  ( 0.3151414260752840035, 5.208578643762690419, 16.04142135623731136 ) ) ;
#198 = EDGE_CURVE ( 'NONE', #4311, #6866, #6902, .T. ) ;
#199 = EDGE_CURVE ( 'NONE', #2899, #6126, #7761, .T. ) ;
#200 = CYLINDRICAL_SURFACE ( 'NONE', #3799, 0.09999999999999951983 ) ;
#201 = CIRCLE ( 'NONE', #3648, 0.1000000000000000056 ) ;
#202 = LINE ( 'NONE', #3443, #5571 ) ;
#203 = CARTESIAN_POINT ( 'NONE',  ( 0.3250000000000000111, -2.918218110389290576, 5.213668830718219738 ) ) ;
#204 = ORIENTED_EDGE ( 'NONE', *, *, #5892, .F. ) ;
#205 = ORIENTED_EDGE ( 'NONE', *, *, #6892, .F. ) ;
#206 = CIRCLE ( 'NONE', #1074, 0.09999999999999982514 ) ;
#207 = ORIENTED_EDGE ( 'NONE', *, *, #5813, .T. ) ;
#208 = ORIENTED_EDGE ( 'NONE', *, *, #199, .T. ) ;
#209 = ORIENTED_EDGE ( 'NONE', *, *, #3909, .F. ) ;
#210 = CARTESIAN_POINT ( 'NONE',  ( 1.915003875348632700, 6.150000000000001243, 8.643358168480784087 ) ) ;
#211 = DIRECTION ( 'NONE',  ( 0.000000000000000000, -1.000000000000000000, 0.000000000000000000 ) ) ;
#212 = DIRECTION ( 'NONE',  ( 1.000000000000000000, 0.000000000000000000, 0.000000000000000000 ) ) ;
#213 = ORIENTED_EDGE ( 'NONE', *, *, #7006, .F. ) ;
#214 = CARTESIAN_POINT ( 'NONE',  ( 2.462159884122632203, 3.129656503977710003, 12.08874519549486415 ) ) ;
#215 = CARTESIAN_POINT ( 'NONE',  ( 2.520710678118654791, 1.004596597366330002, 0.02928932188134549322 ) ) ;
#216 = VECTOR ( 'NONE', #1050, 1000.000000000000000 ) ;
#217 = ORIENTED_EDGE ( 'NONE', *, *, #7005, .F. ) ;
#218 = CARTESIAN_POINT ( 'NONE',  ( 1.953160138207324703, 3.104276165581514313, 18.51285480934420136 ) ) ;
#219 = ORIENTED_EDGE ( 'NONE', *, *, #3715, .F. ) ;
#220 = CARTESIAN_POINT ( 'NONE',  ( 1.153312735341279982, 6.150000000000000355, 7.661515490574629439 ) ) ;
#221 = PRODUCT_CONTEXT ( 'NONE', #2974, 'mechanical' ) ;
#222 = ORIENTED_EDGE ( 'NONE', *, *, #1629, .T. ) ;
#223 = CARTESIAN_POINT ( 'NONE',  ( 1.902881415125299958, 6.150000000000000355, 9.426433564873539339 ) ) ;
#224 = VECTOR ( 'NONE', #3694, 1000.000000000000000 ) ;
#225 = AXIS2_PLACEMENT_3D ( 'NONE', #3305, #1905, #5365 ) ;
#226 = LINE ( 'NONE', #4273, #7561 ) ;
#227 = DIRECTION ( 'NONE',  ( -0.1016217158801569903, 0.9948231133531089121, 0.000000000000000000 ) ) ;
#228 = ORIENTED_EDGE ( 'NONE', *, *, #2354, .F. ) ;
#229 = DIRECTION ( 'NONE',  ( 0.000000000000000000, 0.000000000000000000, -1.000000000000000000 ) ) ;
#230 = VECTOR ( 'NONE', #4726, 1000.000000000000000 ) ;
#231 = CARTESIAN_POINT ( 'NONE',  ( -0.4302828521505699944, 5.349999999999999645, 12.30000000000000071 ) ) ;
#232 = B_SPLINE_CURVE_WITH_KNOTS ( 'NONE', 3,
 ( #86, #7066, #4354, #8331 ),
 .UNSPECIFIED., .F., .F.,
 ( 4, 4 ),
 ( 0.000000000000000000, 1.000000000000000000 ),
 .UNSPECIFIED. ) ;
#233 = EDGE_CURVE ( 'NONE', #7109, #5606, #3572, .T. ) ;
#234 = CARTESIAN_POINT ( 'NONE',  ( 1.236214738524520129, 6.150000000000000355, 12.18818401121320072 ) ) ;
#235 = DIRECTION ( 'NONE',  ( 0.7071067811865368036, 0.000000000000000000, 0.7071067811865584529 ) ) ;
#236 = LINE ( 'NONE', #4510, #7992 ) ;
#237 = ORIENTED_EDGE ( 'NONE', *, *, #7835, .T. ) ;
#238 = EDGE_CURVE ( 'NONE', #6881, #8401, #4200, .T. ) ;
#239 = CARTESIAN_POINT ( 'NONE',  ( -0.3250000000000000111, -6.817157287525379417, 0.2000000000000000111 ) ) ;
#240 = VERTEX_POINT ( 'NONE', #5600 ) ;
#241 = CARTESIAN_POINT ( 'NONE',  ( 1.000000000000000000, 3.050000000000000266, 18.80000000000000071 ) ) ;
#242 = DIRECTION ( 'NONE',  ( 1.000000000000000000, 1.586376439026039888E-16, 0.000000000000000000 ) ) ;
#243 = FACE_OUTER_BOUND ( 'NONE', #2303, .T. ) ;
#244 = CARTESIAN_POINT ( 'NONE',  ( -1.000000000000000000, -6.150000000000000355, 11.29999999999999893 ) ) ;
#245 = CARTESIAN_POINT ( 'NONE',  ( -0.05552309676571959979, 0.2500000000000000000, 0.2999999999999999889 ) ) ;
#246 = ORIENTED_EDGE ( 'NONE', *, *, #6389, .F. ) ;
#247 = AXIS2_PLACEMENT_3D ( 'NONE', #8538, #2270, #1641 ) ;
#248 = EDGE_CURVE ( 'NONE', #5779, #2216, #7335, .T. ) ;
#249 = VERTEX_POINT ( 'NONE', #5551 ) ;
#250 = EDGE_CURVE ( 'NONE', #5990, #8095, #4883, .T. ) ;
#251 = EDGE_CURVE ( 'NONE', #3670, #1018, #8308, .T. ) ;
#252 = ORIENTED_EDGE ( 'NONE', *, *, #3385, .F. ) ;
#253 = ORIENTED_EDGE ( 'NONE', *, *, #5642, .T. ) ;
#254 = EDGE_LOOP ( 'NONE', ( #6401, #4782, #3803, #1535, #7218, #3420, #804, #2122, #205, #5659, #1792, #2077, #2237, #8084 ) ) ;
#255 = CARTESIAN_POINT ( 'NONE',  ( 1.793816430916013394, 6.150000000000000355, 7.398429781873947064 ) ) ;
#256 = AXIS2_PLACEMENT_3D ( 'NONE', #2543, #3343, #4615 ) ;
#257 = AXIS2_PLACEMENT_3D ( 'NONE', #4737, #7609, #7440 ) ;
#258 = CARTESIAN_POINT ( 'NONE',  ( 1.000000000000000000, -6.150000000000000355, 18.50000000000000000 ) ) ;
#259 = CARTESIAN_POINT ( 'NONE',  ( 1.152476217557660165, 6.150000000000000355, 9.256255280327962964 ) ) ;
#260 = ORIENTED_EDGE ( 'NONE', *, *, #1805, .F. ) ;
#261 = CARTESIAN_POINT ( 'NONE',  ( 0.4302828521505689952, 5.349999999999999645, 16.10000000000000142 ) ) ;
#262 = B_SPLINE_CURVE_WITH_KNOTS ( 'NONE', 3,
 ( #1692, #7902, #1012, #1644 ),
 .UNSPECIFIED., .F., .F.,
 ( 4, 4 ),
 ( 0.000000000000000000, 1.000000000000000000 ),
 .UNSPECIFIED. ) ;
#263 = AXIS2_PLACEMENT_3D ( 'NONE', #2692, #2570, #8837 ) ;
#264 = AXIS2_PLACEMENT_3D ( 'NONE', #1720, #2527, #5941 ) ;
#265 = EDGE_LOOP ( 'NONE', ( #2600, #333, #1762, #5444, #709, #6219, #8829, #7607, #7191 ) ) ;
#266 = DIRECTION ( 'NONE',  ( -4.163336342344339985E-16, 0.000000000000000000, 1.000000000000000000 ) ) ;
#267 = VERTEX_POINT ( 'NONE', #2944 ) ;
#268 = CARTESIAN_POINT ( 'NONE',  ( 0.8583108971288709865, 6.149899999999999700, 9.552851719107401607 ) ) ;
#269 = LINE ( 'NONE', #6569, #771 ) ;
#270 = ORIENTED_EDGE ( 'NONE', *, *, #3944, .F. ) ;
#271 = LINE ( 'NONE', #2156, #7065 ) ;
#272 = DIRECTION ( 'NONE',  ( 0.000000000000000000, 0.000000000000000000, 1.000000000000000000 ) ) ;
#273 = CARTESIAN_POINT ( 'NONE',  ( 2.015255073646103234, 3.150000000000000355, 18.57494974478298388 ) ) ;
#274 = ORIENTED_EDGE ( 'NONE', *, *, #7410, .T. ) ;
#275 = CARTESIAN_POINT ( 'NONE',  ( -0.3250000000000000111, -7.576999999999999957, 0.000000000000000000 ) ) ;
#276 = CARTESIAN_POINT ( 'NONE',  ( 1.254583188285000261, 6.150000000000000355, 9.879455104386307696 ) ) ;
#277 = AXIS2_PLACEMENT_3D ( 'NONE', #8779, #7580, #1962 ) ;
#278 =( BOUNDED_CURVE ( )  B_SPLINE_CURVE ( 3, ( #3101, #1710, #8654, #606 ),
 .UNSPECIFIED., .F., .F. ) 
 B_SPLINE_CURVE_WITH_KNOTS ( ( 4, 4 ),
 ( 1.570796326794896558, 2.305295769599332356 ),
 .UNSPECIFIED. ) 
 CURVE ( )  GEOMETRIC_REPRESENTATION_ITEM ( )  RATIONAL_B_SPLINE_CURVE ( ( 1.000000000000000000, 0.9555455743070112584, 0.9555455743070112584, 1.000000000000000000 ) ) 
 REPRESENTATION_ITEM ( '' )  );
#279 = DIRECTION ( 'NONE',  ( 0.000000000000000000, -1.000000000000000000, 0.000000000000000000 ) ) ;
#280 = CARTESIAN_POINT ( 'NONE',  ( 1.252514879955178406, 6.150000000000001243, 10.24576563003945395 ) ) ;
#281 = AXIS2_PLACEMENT_3D ( 'NONE', #7857, #4423, #1057 ) ;
#282 = CARTESIAN_POINT ( 'NONE',  ( 1.939784946236559948, 3.050000000000000266, 7.049999999999999822 ) ) ;
#283 = ORIENTED_EDGE ( 'NONE', *, *, #586, .F. ) ;
#284 = CARTESIAN_POINT ( 'NONE',  ( 1.454745265821949962, 6.150000000000000355, 7.842965145816109818 ) ) ;
#285 = CARTESIAN_POINT ( 'NONE',  ( 0.000000000000000000, 5.150000000000000355, 5.000000000000000000 ) ) ;
#287 = ORIENTED_EDGE ( 'NONE', *, *, #4079, .T. ) ;
#286 = ADVANCED_FACE ( 'NONE', ( #5645 ), #2903, .F. ) ;
#288 = CARTESIAN_POINT ( 'NONE',  ( 0.9999999999999997780, 3.076876110206470560, 18.80000000000000426 ) ) ;
#289 = DIRECTION ( 'NONE',  ( 0.000000000000000000, 1.000000000000000000, 0.000000000000000000 ) ) ;
#290 = CARTESIAN_POINT ( 'NONE',  ( -2.449609993155674292, 3.120710678118654879, 7.020710678118654791 ) ) ;
#291 = LINE ( 'NONE', #7227, #4570 ) ;
#292 = LINE ( 'NONE', #2324, #7303 ) ;
#293 = ORIENTED_EDGE ( 'NONE', *, *, #6353, .F. ) ;
#294 = EDGE_LOOP ( 'NONE', ( #2878, #4935, #6388, #5019 ) ) ;
#295 = ORIENTED_EDGE ( 'NONE', *, *, #4322, .T. ) ;
#296 = ORIENTED_EDGE ( 'NONE', *, *, #4811, .F. ) ;
#297 = ORIENTED_EDGE ( 'NONE', *, *, #1010, .F. ) ;
#298 = LINE ( 'NONE', #7004, #5075 ) ;
#299 = DIRECTION ( 'NONE',  ( 0.000000000000000000, 1.000000000000000000, 0.000000000000000000 ) ) ;
#300 = AXIS2_PLACEMENT_3D ( 'NONE', #4104, #684, #3340 ) ;
#301 = EDGE_CURVE ( 'NONE', #4630, #4333, #6032, .T. ) ;
#302 = DIRECTION ( 'NONE',  ( -1.000000000000000000, -2.775557561562890168E-15, 0.000000000000000000 ) ) ;
#303 = ORIENTED_EDGE ( 'NONE', *, *, #1960, .T. ) ;
#304 = DIRECTION ( 'NONE',  ( 1.000000000000000000, 0.000000000000000000, 0.000000000000000000 ) ) ;
#305 = CARTESIAN_POINT ( 'NONE',  ( -2.449999999999999734, 6.049999999999999822, 19.00000000000000000 ) ) ;
#306 = VERTEX_POINT ( 'NONE', #7622 ) ;
#307 = VECTOR ( 'NONE', #5522, 1000.000000000000000 ) ;
#308 = CARTESIAN_POINT ( 'NONE',  ( -1.029289321881346808, 3.120710678118655323, 18.82928932188134752 ) ) ;
#309 = EDGE_LOOP ( 'NONE', ( #6629, #6185, #5792, #6928, #1148, #8925, #1631, #6464, #3184, #5245, #1154, #6016, #3189, #6227, #1502, #1928, #4844, #6463 ) ) ;
#310 = CARTESIAN_POINT ( 'NONE',  ( 1.969594650744465048, 3.120710678118654879, 0.5707106781186547240 ) ) ;
#311 = EDGE_CURVE ( 'NONE', #3243, #2291, #6183, .T. ) ;
#312 = EDGE_CURVE ( 'NONE', #4058, #6465, #141, .T. ) ;
#313 = CARTESIAN_POINT ( 'NONE',  ( 1.856690166462930058, 6.149899994780049894, 9.697098074579370675 ) ) ;
#314 = ORIENTED_EDGE ( 'NONE', *, *, #3487, .T. ) ;
#315 = ADVANCED_FACE ( 'NONE', ( #1506 ), #4246, .F. ) ;
#316 = DIRECTION ( 'NONE',  ( -0.7071067811865474617, -0.7071067811865474617, 0.000000000000000000 ) ) ;
#317 = CARTESIAN_POINT ( 'NONE',  ( 2.444770149275812265, 3.073331153821062589, 7.047948231036436972 ) ) ;
#318 = CARTESIAN_POINT ( 'NONE',  ( -0.4302828521505719928, 5.349999999999999645, 6.799999999999999822 ) ) ;
#319 = VERTEX_POINT ( 'NONE', #3616 ) ;
#320 = VECTOR ( 'NONE', #1386, 1000.000000000000000 ) ;
#321 = CARTESIAN_POINT ( 'NONE',  ( -1.275000000000000133, 3.050000000000000266, 0.5999999999999999778 ) ) ;
#322 = EDGE_CURVE ( 'NONE', #6276, #6611, #3440, .T. ) ;
#323 = EDGE_CURVE ( 'NONE', #3981, #5655, #4596, .T. ) ;
#324 = CARTESIAN_POINT ( 'NONE',  ( 1.152476217557659943, 6.149899999999999700, 8.682511349574300041 ) ) ;
#325 = AXIS2_PLACEMENT_3D ( 'NONE', #1011, #3753, #6506 ) ;
#326 = LINE ( 'NONE', #5818, #7850 ) ;
#327 = CARTESIAN_POINT ( 'NONE',  ( 1.878225761230670088, 6.150000000000000355, 6.894204481595902934 ) ) ;
#328 = PLANE ( 'NONE',  #7693 ) ;
#329 = VERTEX_POINT ( 'NONE', #1150 ) ;
#330 = DIRECTION ( 'NONE',  ( -0.5773502691896253980, -0.5773502691896280625, -0.5773502691896237327 ) ) ;
#331 = DIRECTION ( 'NONE',  ( 0.6315887651184259877, 0.7753035739477678323, 0.000000000000000000 ) ) ;
#332 = VECTOR ( 'NONE', #4019, 1000.000000000000000 ) ;
#333 = ORIENTED_EDGE ( 'NONE', *, *, #8079, .T. ) ;
#334 = DIRECTION ( 'NONE',  ( 1.000000000000000000, 0.000000000000000000, 0.000000000000000000 ) ) ;
#335 =( BOUNDED_CURVE ( )  B_SPLINE_CURVE ( 3, ( #6648, #6048, #7957, #8732 ),
 .UNSPECIFIED., .F., .F. ) 
 B_SPLINE_CURVE_WITH_KNOTS ( ( 4, 4 ),
 ( 3.243390094775778110, 3.926990816987239619 ),
 .UNSPECIFIED. ) 
 CURVE ( )  GEOMETRIC_REPRESENTATION_ITEM ( )  RATIONAL_B_SPLINE_CURVE ( ( 1.000000000000000000, 0.9614351605251658661, 0.9614351605251658661, 1.000000000000000000 ) ) 
 REPRESENTATION_ITEM ( '' )  );
#336 = CARTESIAN_POINT ( 'NONE',  ( 1.735512422896053675, 6.150000000000000355, 8.808929503808160533 ) ) ;
#337 = SPHERICAL_SURFACE ( 'NONE', #8846, 0.1000000000000000056 ) ;
#338 = CARTESIAN_POINT ( 'NONE',  ( -2.449999999999999734, 6.049999999999999822, 0.1000000000000000056 ) ) ;
#339 = ADVANCED_FACE ( 'NONE', ( #2492 ), #1733, .T. ) ;
#340 = CARTESIAN_POINT ( 'NONE',  ( 1.589889200950958870, 6.150000000000000355, 7.812630761950739355 ) ) ;
#341 = VERTEX_POINT ( 'NONE', #5867 ) ;
#342 = ORIENTED_EDGE ( 'NONE', *, *, #4709, .T. ) ;
#343 = EDGE_LOOP ( 'NONE', ( #5711, #8475, #5076, #2571 ) ) ;
#344 = VERTEX_POINT ( 'NONE', #7267 ) ;
#345 = UNCERTAINTY_MEASURE_WITH_UNIT (LENGTH_MEASURE( 1.000000000000000082E-05 ), #3163, 'distance_accuracy_value', 'NONE');
#346 = CIRCLE ( 'NONE', #1787, 0.2000000000000005107 ) ;
#347 = DIRECTION ( 'NONE',  ( -0.000000000000000000, 1.000000000000000000, 0.000000000000000000 ) ) ;
#348 = CARTESIAN_POINT ( 'NONE',  ( -0.3250000000000000111, 7.900000000000000355, 0.000000000000000000 ) ) ;
#349 = CARTESIAN_POINT ( 'NONE',  ( -0.3250000000000000111, 7.900000000000000355, -4.700000000000000178 ) ) ;
#350 = EDGE_CURVE ( 'NONE', #8365, #3981, #7390, .T. ) ;
#351 = ORIENTED_EDGE ( 'NONE', *, *, #4045, .T. ) ;
#352 = CIRCLE ( 'NONE', #2511, 0.09999999999999939493 ) ;
#353 = FACE_OUTER_BOUND ( 'NONE', #4298, .T. ) ;
#354 = B_SPLINE_CURVE_WITH_KNOTS ( 'NONE', 3,
 ( #6200, #2877, #7733, #40 ),
 .UNSPECIFIED., .F., .F.,
 ( 4, 4 ),
 ( 0.000000000000000000, 1.000000000000000000 ),
 .UNSPECIFIED. ) ;
#355 = SURFACE_SIDE_STYLE ('',( #2966 ) ) ;
#356 = ORIENTED_EDGE ( 'NONE', *, *, #3621, .T. ) ;
#357 = CARTESIAN_POINT ( 'NONE',  ( -0.4302828521505719928, 5.150000000000000355, 6.799999999999999822 ) ) ;
#359 = ADVANCED_FACE ( 'NONE', ( #5953 ), #8677, .T. ) ;
#358 = ORIENTED_EDGE ( 'NONE', *, *, #6965, .T. ) ;
#360 = DIRECTION ( 'NONE',  ( 0.9948231133531091341, -0.1016217158801560050, 0.000000000000000000 ) ) ;
#361 = LINE ( 'NONE', #1081, #7530 ) ;
#362 = ORIENTED_EDGE ( 'NONE', *, *, #4205, .T. ) ;
#363 = DIRECTION ( 'NONE',  ( 1.000000000000000000, 0.000000000000000000, 0.000000000000000000 ) ) ;
#364 = AXIS2_PLACEMENT_3D ( 'NONE', #8532, #5186, #5050 ) ;
#365 = CARTESIAN_POINT ( 'NONE',  ( -0.4302828521505689952, 5.349999999999999645, 15.10000000000000142 ) ) ;
#366 = EDGE_CURVE ( 'NONE', #1880, #7908, #715, .T. ) ;
#367 = FACE_OUTER_BOUND ( 'NONE', #5584, .T. ) ;
#368 = EDGE_CURVE ( 'NONE', #4736, #5513, #8341, .T. ) ;
#369 = ORIENTED_EDGE ( 'NONE', *, *, #8233, .F. ) ;
#370 = EDGE_CURVE ( 'NONE', #5065, #5736, #6196, .T. ) ;
#371 = EDGE_CURVE ( 'NONE', #2093, #6912, #3888, .T. ) ;
#372 = CARTESIAN_POINT ( 'NONE',  ( 1.000000000000000000, -6.150000000000000355, 0.5999999999999999778 ) ) ;
#373 = VECTOR ( 'NONE', #4714, 1000.000000000000114 ) ;
#374 = DIRECTION ( 'NONE',  ( 1.000000000000000000, 0.000000000000000000, 0.000000000000000000 ) ) ;
#375 = FACE_OUTER_BOUND ( 'NONE', #5523, .T. ) ;
#376 = CARTESIAN_POINT ( 'NONE',  ( -0.05552309676571959979, 0.2500000000000000000, 0.5999999999999999778 ) ) ;
#377 = EDGE_LOOP ( 'NONE', ( #2911, #2163, #3792, #3546, #1370, #5451, #4225, #3019, #3448, #1204, #5776, #5269, #8316, #3087 ) ) ;
#378 = CARTESIAN_POINT ( 'NONE',  ( 1.152476217557649951, 6.149899999999999700, 11.27651462971900109 ) ) ;
#379 = CARTESIAN_POINT ( 'NONE',  ( 1.776463260891450124, 6.150000000000000355, 7.979918146236129495 ) ) ;
#380 = ORIENTED_EDGE ( 'NONE', *, *, #3115, .T. ) ;
#381 = DIRECTION ( 'NONE',  ( 0.000000000000000000, 0.000000000000000000, -1.000000000000000000 ) ) ;
#382 = CARTESIAN_POINT ( 'NONE',  ( -2.449999999999999734, 2.504596597366330002, 19.00000000000000000 ) ) ;
#383 = CARTESIAN_POINT ( 'NONE',  ( 2.051086864743950411, -0.7806210000172050245, 9.549999999999998934 ) ) ;
#384 = CARTESIAN_POINT ( 'NONE',  ( -0.4302828521505689952, 5.349999999999999645, 15.90000000000000036 ) ) ;
#385 = APPLICATION_CONTEXT ( 'automotive_design' ) ;
#386 = CARTESIAN_POINT ( 'NONE',  ( 1.444210419635790110, 6.149899536118099697, 10.20277069151480021 ) ) ;
#387 = ORIENTED_EDGE ( 'NONE', *, *, #7750, .T. ) ;
#388 = VERTEX_POINT ( 'NONE', #4561 ) ;
#389 =( BOUNDED_CURVE ( )  B_SPLINE_CURVE ( 3, ( #8919, #2013, #4757, #7467 ),
 .UNSPECIFIED., .F., .F. ) 
 B_SPLINE_CURVE_WITH_KNOTS ( ( 4, 4 ),
 ( 2.356194490192363045, 3.039795212403801461 ),
 .UNSPECIFIED. ) 
 CURVE ( )  GEOMETRIC_REPRESENTATION_ITEM ( )  RATIONAL_B_SPLINE_CURVE ( ( 1.000000000000000000, 0.9614351605251683086, 0.9614351605251683086, 1.000000000000000000 ) ) 
 REPRESENTATION_ITEM ( '' )  );
#390 = DIRECTION ( 'NONE',  ( 0.000000000000000000, 0.000000000000000000, 1.000000000000000000 ) ) ;
#391 = EDGE_LOOP ( 'NONE', ( #6281, #237, #7813, #2339, #7465 ) ) ;
#392 = ORIENTED_EDGE ( 'NONE', *, *, #7901, .T. ) ;
#393 = CARTESIAN_POINT ( 'NONE',  ( -2.520710678118653014, 6.049999999999999822, 19.07071067811865461 ) ) ;
#394 = CARTESIAN_POINT ( 'NONE',  ( 0.6617312721318370228, 0.9872694591751948190, 0.5999999999999999778 ) ) ;
#395 = CARTESIAN_POINT ( 'NONE',  ( 1.152476217557660165, 6.150000000000000355, 9.284618327752225397 ) ) ;
#396 = ORIENTED_EDGE ( 'NONE', *, *, #2606, .F. ) ;
#397 = CARTESIAN_POINT ( 'NONE',  ( 2.449999999999999734, 3.250000000000000000, 0.1000000000000000056 ) ) ;
#398 = ORIENTED_EDGE ( 'NONE', *, *, #3212, .T. ) ;
#399 = CYLINDRICAL_SURFACE ( 'NONE', #7877, 0.2000000000000000389 ) ;
#400 = ORIENTED_EDGE ( 'NONE', *, *, #7244, .F. ) ;
#401 = CIRCLE ( 'NONE', #819, 0.1999999999999999833 ) ;
#402 = ADVANCED_FACE ( 'NONE', ( #7947 ), #2446, .F. ) ;
#403 = CARTESIAN_POINT ( 'NONE',  ( 0.1093513136794850016, 0.1499999999999999944, 0.5999999999999999778 ) ) ;
#404 = FACE_OUTER_BOUND ( 'NONE', #6262, .T. ) ;
#405 = CARTESIAN_POINT ( 'NONE',  ( -0.5717042083878828285, 6.150000000000000355, 3.058578643762690952 ) ) ;
#406 = EDGE_CURVE ( 'NONE', #2362, #1344, #7900, .T. ) ;
#407 = AXIS2_PLACEMENT_3D ( 'NONE', #1809, #2350, #4548 ) ;
#408 = CIRCLE ( 'NONE', #4133, 0.09999999999999982514 ) ;
#409 = LINE ( 'NONE', #4004, #6984 ) ;
#410 = CARTESIAN_POINT ( 'NONE',  ( 2.449999999999999734, 3.250000000000000000, 19.00000000000000000 ) ) ;
#411 = VERTEX_POINT ( 'NONE', #7130 ) ;
#412 = EDGE_CURVE ( 'NONE', #656, #7109, #3021, .T. ) ;
#413 = DIRECTION ( 'NONE',  ( 1.000000000000000000, 0.000000000000000000, 0.000000000000000000 ) ) ;
#414 = AXIS2_PLACEMENT_3D ( 'NONE', #5045, #7119, #949 ) ;
#415 = B_SPLINE_CURVE_WITH_KNOTS ( 'NONE', 3,
 ( #923, #6997, #6409, #2996 ),
 .UNSPECIFIED., .F., .F.,
 ( 4, 4 ),
 ( 0.000000000000000000, 1.000000000000000000 ),
 .UNSPECIFIED. ) ;
#416 = CARTESIAN_POINT ( 'NONE',  ( 1.100000000000000089, 3.149999999999999911, 0.5000000000000000000 ) ) ;
#417 = CARTESIAN_POINT ( 'NONE',  ( 1.764462541842542143, 6.150000000000001243, 8.417811200193980881 ) ) ;
#418 = CARTESIAN_POINT ( 'NONE',  ( -2.449609993155674292, 3.120710678118653991, 12.07928932188134397 ) ) ;
#419 = EDGE_LOOP ( 'NONE', ( #2840, #6433, #8147, #6212, #7533 ) ) ;
#420 = CARTESIAN_POINT ( 'NONE',  ( 1.940823017527810057, 3.060162171588010072, 12.05051768866469786 ) ) ;
#421 = DIRECTION ( 'NONE',  ( -9.251858538542969855E-16, 1.000000000000000000, 0.000000000000000000 ) ) ;
#422 = EDGE_LOOP ( 'NONE', ( #6980, #6060, #3029, #7423 ) ) ;
#423 = CARTESIAN_POINT ( 'NONE',  ( -2.449999999999999734, 6.049999999999999822, 19.00000000000000000 ) ) ;
#424 = CARTESIAN_POINT ( 'NONE',  ( 1.810277353480612916, 6.150000000000000355, 7.566096570089436923 ) ) ;
#425 = CARTESIAN_POINT ( 'NONE',  ( 1.940478040866315812, 3.056785031638665551, 7.049827287996802028 ) ) ;
#426 = CARTESIAN_POINT ( 'NONE',  ( 1.029289321881347030, 3.120710678118655323, 18.82928932188134752 ) ) ;
#427 = CARTESIAN_POINT ( 'NONE',  ( -0.4302828521505729920, 5.349999999999999645, 3.200000000000000178 ) ) ;
#428 = CARTESIAN_POINT ( 'NONE',  ( 2.449999999999999734, 3.179289321881344943, 0.02928932188134531975 ) ) ;
#429 = VERTEX_POINT ( 'NONE', #3703 ) ;
#430 = ORIENTED_EDGE ( 'NONE', *, *, #1182, .T. ) ;
#431 = CARTESIAN_POINT ( 'NONE',  ( -2.449999999999999734, 6.049999999999999822, 19.00000000000000000 ) ) ;
#432 = ORIENTED_EDGE ( 'NONE', *, *, #5358, .T. ) ;
#433 = ORIENTED_EDGE ( 'NONE', *, *, #6573, .T. ) ;
#434 = EDGE_CURVE ( 'NONE', #4232, #3431, #8062, .T. ) ;
#435 = PLANE ( 'NONE',  #6649 ) ;
#436 = B_SPLINE_CURVE_WITH_KNOTS ( 'NONE', 3,
 ( #931, #8551, #7237, #3192 ),
 .UNSPECIFIED., .F., .F.,
 ( 4, 4 ),
 ( 0.000000000000000000, 1.000000000000000000 ),
 .UNSPECIFIED. ) ;
#437 = CARTESIAN_POINT ( 'NONE',  ( 1.302957591252145608, 6.150000000000002132, 10.14938005672340182 ) ) ;
#438 = FACE_OUTER_BOUND ( 'NONE', #1640, .T. ) ;
#439 = ORIENTED_EDGE ( 'NONE', *, *, #707, .F. ) ;
#440 = DIRECTION ( 'NONE',  ( 0.000000000000000000, 0.6001474566221896012, -0.7998893862965785750 ) ) ;
#441 = EDGE_CURVE ( 'NONE', #5791, #3088, #4457, .T. ) ;
#442 = CARTESIAN_POINT ( 'NONE',  ( 1.152476217557659943, 6.149899999999999700, 8.346206644400888663 ) ) ;
#443 = ORIENTED_EDGE ( 'NONE', *, *, #7089, .T. ) ;
#444 = PLANE ( 'NONE',  #6149 ) ;
#445 = ORIENTED_EDGE ( 'NONE', *, *, #8899, .T. ) ;
#446 = EDGE_CURVE ( 'NONE', #1019, #38, #4153, .T. ) ;
#447 = LINE ( 'NONE', #4632, #8819 ) ;
#448 = COLOUR_RGB ( '',0.7921568627450980005, 0.8196078431372548767, 0.9333333333333333481 ) ;
#449 = CARTESIAN_POINT ( 'NONE',  ( 1.257014306635659828, 6.150000000000000355, 9.312981375176489607 ) ) ;
#450 = B_SPLINE_CURVE_WITH_KNOTS ( 'NONE', 3,
 ( #3950, #7502, #8827, #1343 ),
 .UNSPECIFIED., .F., .F.,
 ( 4, 4 ),
 ( 0.000000000000000000, 1.000000000000000000 ),
 .UNSPECIFIED. ) ;
#451 = CARTESIAN_POINT ( 'NONE',  ( -0.4302828521505729920, 6.150000000000000355, 3.200000000000000178 ) ) ;
#452 = EDGE_CURVE ( 'NONE', #1307, #4736, #7180, .T. ) ;
#453 = CARTESIAN_POINT ( 'NONE',  ( -0.4302828521505699944, 5.349999999999999645, 12.09999999999999964 ) ) ;
#454 = VECTOR ( 'NONE', #6021, 1000.000000000000000 ) ;
#455 = CARTESIAN_POINT ( 'NONE',  ( -2.040305328863119882, 3.050000000000000266, 6.949999999999999289 ) ) ;
#456 = ORIENTED_EDGE ( 'NONE', *, *, #7839, .F. ) ;
#457 = CARTESIAN_POINT ( 'NONE',  ( 1.857500539246489835, 6.150000000000000355, 8.082835489747019153 ) ) ;
#458 = AXIS2_PLACEMENT_3D ( 'NONE', #7073, #137, #7606 ) ;
#459 = AXIS2_PLACEMENT_3D ( 'NONE', #3312, #8822, #7581 ) ;
#460 = CARTESIAN_POINT ( 'NONE',  ( 0.3250000000000000111, 7.900000000000000355, 0.000000000000000000 ) ) ;
#461 = FACE_OUTER_BOUND ( 'NONE', #487, .T. ) ;
#462 = CARTESIAN_POINT ( 'NONE',  ( 1.807257426666350142, 6.149899999999999700, 10.94102029732920123 ) ) ;
#463 = ORIENTED_EDGE ( 'NONE', *, *, #5317, .T. ) ;
#464 = CARTESIAN_POINT ( 'NONE',  ( 1.000000000000000000, 3.050000000000000266, 18.80000000000000071 ) ) ;
#465 = CARTESIAN_POINT ( 'NONE',  ( 1.943184900355285905, 3.083283761372800136, 12.05287957149216460 ) ) ;
#466 = ORIENTED_EDGE ( 'NONE', *, *, #3114, .F. ) ;
#467 = CARTESIAN_POINT ( 'NONE',  ( -1.695410859163400064, -4.262501896753089881, 11.29999999999999893 ) ) ;
#468 = DIRECTION ( 'NONE',  ( 0.000000000000000000, 1.000000000000000000, 0.000000000000000000 ) ) ;
#469 = EDGE_CURVE ( 'NONE', #1477, #5191, #5498, .T. ) ;
#470 = CARTESIAN_POINT ( 'NONE',  ( -1.048293601660257313, 3.139714957897566272, 18.84829360166025225 ) ) ;
#471 = CARTESIAN_POINT ( 'NONE',  ( 1.331255536056635602, 6.149999999999999467, 7.313827262051175282 ) ) ;
#472 = DIRECTION ( 'NONE',  ( 0.000000000000000000, 0.000000000000000000, 1.000000000000000000 ) ) ;
#473 = CARTESIAN_POINT ( 'NONE',  ( 1.752824930945396265, 6.150000000000001243, 10.12434677318923626 ) ) ;
#474 = ORIENTED_EDGE ( 'NONE', *, *, #4243, .T. ) ;
#475 = ADVANCED_FACE ( 'NONE', ( #1994 ), #8893, .F. ) ;
#476 = ORIENTED_EDGE ( 'NONE', *, *, #1958, .T. ) ;
#477 = EDGE_CURVE ( 'NONE', #7352, #4363, #7442, .T. ) ;
#478 = DIRECTION ( 'NONE',  ( 0.000000000000000000, 1.000000000000000000, 0.000000000000000000 ) ) ;
#479 = EDGE_CURVE ( 'NONE', #6319, #2185, #185, .T. ) ;
#480 = EDGE_CURVE ( 'NONE', #2651, #656, #4391, .T. ) ;
#481 = EDGE_LOOP ( 'NONE', ( #1067, #3836, #1611, #5375, #4972 ) ) ;
#482 = DIRECTION ( 'NONE',  ( 1.000000000000000000, 0.000000000000000000, 0.000000000000000000 ) ) ;
#483 = EDGE_CURVE ( 'NONE', #3477, #3065, #8693, .T. ) ;
#484 = CARTESIAN_POINT ( 'NONE',  ( -1.935512576883390956, 2.719956629130203751, 12.07928932188134574 ) ) ;
#485 = CARTESIAN_POINT ( 'NONE',  ( 0.3250000000000000111, -7.576999999999999957, 0.6769999999999999352 ) ) ;
#486 = DIRECTION ( 'NONE',  ( -0.9948231133531090231, -0.1016217158801576009, 3.674956111430944746E-15 ) ) ;
#487 = EDGE_LOOP ( 'NONE', ( #6171, #5549, #3492, #4057, #1540, #3738, #8890, #723, #7503 ) ) ;
#488 = CARTESIAN_POINT ( 'NONE',  ( -2.550000000000000266, 3.149999999999999911, 0.000000000000000000 ) ) ;
#489 = DIRECTION ( 'NONE',  ( 0.000000000000000000, 1.000000000000000000, 0.000000000000000000 ) ) ;
#490 = ORIENTED_EDGE ( 'NONE', *, *, #6964, .F. ) ;
#491 = ORIENTED_EDGE ( 'NONE', *, *, #4475, .T. ) ;
#492 = CARTESIAN_POINT ( 'NONE',  ( 0.1625000000000000056, -2.899999999999999911, -5.200000000000000178 ) ) ;
#493 = CARTESIAN_POINT ( 'NONE',  ( 2.449999999999999734, 3.104252291860539970, 12.06599589993410149 ) ) ;
#494 = VECTOR ( 'NONE', #2385, 1000.000000000000000 ) ;
#495 = LINE ( 'NONE', #2479, #7355 ) ;
#496 = CIRCLE ( 'NONE', #7397, 0.1999999999999996503 ) ;
#497 = EDGE_LOOP ( 'NONE', ( #6332, #4331, #5560, #2328 ) ) ;
#498 = DIRECTION ( 'NONE',  ( 0.000000000000000000, 0.000000000000000000, 1.000000000000000000 ) ) ;
#499 = FACE_OUTER_BOUND ( 'NONE', #4869, .T. ) ;
#500 = ORIENTED_EDGE ( 'NONE', *, *, #6750, .F. ) ;
#501 = DIRECTION ( 'NONE',  ( 0.000000000000000000, 1.000000000000000000, 0.000000000000000000 ) ) ;
#502 = PRESENTATION_STYLE_ASSIGNMENT (( #3211 ) ) ;
#503 = DIRECTION ( 'NONE',  ( 0.000000000000000000, 0.000000000000000000, 1.000000000000000000 ) ) ;
#504 = CARTESIAN_POINT ( 'NONE',  ( 1.779143412156012793, 6.150000000000002132, 10.26486248399678303 ) ) ;
#505 = ORIENTED_EDGE ( 'NONE', *, *, #1564, .T. ) ;
#506 = ORIENTED_EDGE ( 'NONE', *, *, #3324, .F. ) ;
#507 = DIRECTION ( 'NONE',  ( 0.7071067811865467956, 0.000000000000000000, 0.7071067811865481278 ) ) ;
#508 = CARTESIAN_POINT ( 'NONE',  ( -2.449999999999999734, 6.049999999999999822, 19.00000000000000000 ) ) ;
#509 = DIRECTION ( 'NONE',  ( 0.6315887651184259877, 0.7753035739477678323, 0.000000000000000000 ) ) ;
#510 = CARTESIAN_POINT ( 'NONE',  ( 1.275000000000000133, 6.049999999999999822, 0.1000000000000000056 ) ) ;
#511 = EDGE_CURVE ( 'NONE', #4974, #4971, #1316, .T. ) ;
#512 = SURFACE_STYLE_USAGE ( .BOTH. , #1865 ) ;
#513 = DIRECTION ( 'NONE',  ( 0.000000000000000000, -1.000000000000000000, 0.000000000000000000 ) ) ;
#514 = AXIS2_PLACEMENT_3D ( 'NONE', #5405, #8713, #7985 ) ;
#515 = DIRECTION ( 'NONE',  ( 0.000000000000000000, 0.000000000000000000, -1.000000000000000000 ) ) ;
#516 = CARTESIAN_POINT ( 'NONE',  ( 2.520710678118653014, 3.250000000000000000, 19.07071067811865461 ) ) ;
#517 = ORIENTED_EDGE ( 'NONE', *, *, #5533, .T. ) ;
#518 = VERTEX_POINT ( 'NONE', #1947 ) ;
#519 = DIRECTION ( 'NONE',  ( 0.000000000000000000, 1.000000000000000000, 0.000000000000000000 ) ) ;
#520 = ADVANCED_FACE ( 'NONE', ( #6765 ), #4061, .T. ) ;
#521 = ORIENTED_EDGE ( 'NONE', *, *, #3898, .T. ) ;
#522 = CARTESIAN_POINT ( 'NONE',  ( 0.009351313679485179914, 0.1499999999999999944, 0.5999999999999999778 ) ) ;
#523 = DIRECTION ( 'NONE',  ( -0.7071067811865489050, 0.000000000000000000, -0.7071067811865461294 ) ) ;
#524 = LINE ( 'NONE', #6094, #3759 ) ;
#525 = EDGE_CURVE ( 'NONE', #8252, #32, #6042, .T. ) ;
#526 = EDGE_CURVE ( 'NONE', #2049, #8454, #2811, .T. ) ;
#527 = ORIENTED_EDGE ( 'NONE', *, *, #5301, .F. ) ;
#528 = EDGE_CURVE ( 'NONE', #4265, #2823, #6082, .T. ) ;
#529 = CARTESIAN_POINT ( 'NONE',  ( -0.009351313679485140015, 0.1499999999999999944, 0.5999999999999999778 ) ) ;
#530 = FACE_OUTER_BOUND ( 'NONE', #5656, .T. ) ;
#531 = EDGE_LOOP ( 'NONE', ( #8229, #842, #768, #8186 ) ) ;
#532 = ORIENTED_EDGE ( 'NONE', *, *, #7006, .T. ) ;
#533 = DIRECTION ( 'NONE',  ( 1.000000000000000000, 0.000000000000000000, 0.000000000000000000 ) ) ;
#534 = FACE_OUTER_BOUND ( 'NONE', #6371, .T. ) ;
#535 = B_SPLINE_CURVE_WITH_KNOTS ( 'NONE', 3,
 ( #5601, #8357, #8446, #8493 ),
 .UNSPECIFIED., .F., .F.,
 ( 4, 4 ),
 ( 0.000000000000000000, 1.000000000000000000 ),
 .UNSPECIFIED. ) ;
#536 = EDGE_LOOP ( 'NONE', ( #1430, #8707, #3724, #75 ) ) ;
#537 = DIRECTION ( 'NONE',  ( 0.000000000000000000, -0.3826834323650923908, 0.9238795325112856283 ) ) ;
#538 = CARTESIAN_POINT ( 'NONE',  ( 0.08006199179813987266, -1.425000000000000044, 0.6707106781186548128 ) ) ;
#539 = ORIENTED_EDGE ( 'NONE', *, *, #1299, .T. ) ;
#540 = CIRCLE ( 'NONE', #2833, 0.1000000000000002554 ) ;
#541 = CARTESIAN_POINT ( 'NONE',  ( 1.782946243159849953, 6.150000000000000355, 10.37213860327680059 ) ) ;
#542 =( NAMED_UNIT ( * ) PLANE_ANGLE_UNIT ( ) SI_UNIT ( $, .RADIAN. ) );
#543 = VECTOR ( 'NONE', #6317, 1000.000000000000000 ) ;
#544 = VECTOR ( 'NONE', #7804, 1000.000000000000114 ) ;
#545 = FACE_OUTER_BOUND ( 'NONE', #5924, .T. ) ;
#546 = DIRECTION ( 'NONE',  ( 0.000000000000000000, 1.000000000000000000, 0.000000000000000000 ) ) ;
#547 = VERTEX_POINT ( 'NONE', #8850 ) ;
#548 = EDGE_LOOP ( 'NONE', ( #681, #2248, #5078, #293, #2149 ) ) ;
#549 = DIRECTION ( 'NONE',  ( 0.000000000000000000, -1.000000000000000000, 0.000000000000000000 ) ) ;
#550 = CARTESIAN_POINT ( 'NONE',  ( -2.040305328863119882, 3.050000000000000266, 6.949999999999999289 ) ) ;
#551 = AXIS2_PLACEMENT_3D ( 'NONE', #8328, #1438, #4172 ) ;
#552 = AXIS2_PLACEMENT_3D ( 'NONE', #1632, #1675, #180 ) ;
#553 = CARTESIAN_POINT ( 'NONE',  ( 0.9369170571332551267, 6.150000000000000355, 10.64685497690039995 ) ) ;
#554 = CARTESIAN_POINT ( 'NONE',  ( 1.820223391203169783, 6.149899999999999700, 8.346206644400899322 ) ) ;
#555 = DIRECTION ( 'NONE',  ( 0.000000000000000000, 0.000000000000000000, -1.000000000000000000 ) ) ;
#556 = CARTESIAN_POINT ( 'NONE',  ( 1.302957591252134506, 6.150000000000001243, 7.293626367491853557 ) ) ;
#557 = B_SPLINE_CURVE_WITH_KNOTS ( 'NONE', 3,
 ( #2338, #8601, #4537, #934 ),
 .UNSPECIFIED., .F., .F.,
 ( 4, 4 ),
 ( 0.000000000000000000, 1.000000000000000000 ),
 .UNSPECIFIED. ) ;
#558 = CARTESIAN_POINT ( 'NONE',  ( 1.152476217557660165, 6.150000000000000355, 8.766790119063539777 ) ) ;
#559 = CARTESIAN_POINT ( 'NONE',  ( 0.6302828521505690063, 5.349999999999999645, 15.90000000000000036 ) ) ;
#560 = ORIENTED_EDGE ( 'NONE', *, *, #6747, .T. ) ;
#561 = EDGE_CURVE ( 'NONE', #6611, #6462, #2668, .T. ) ;
#562 = ORIENTED_EDGE ( 'NONE', *, *, #8079, .F. ) ;
#563 = DIRECTION ( 'NONE',  ( -0.5506908908668940450, 0.8347092563978349977, 0.000000000000000000 ) ) ;
#564 = CARTESIAN_POINT ( 'NONE',  ( 2.442386859369360064, 3.120710678118654879, 7.020710678118654791 ) ) ;
#565 = DIRECTION ( 'NONE',  ( -1.000000000000000000, 0.000000000000000000, 0.000000000000000000 ) ) ;
#566 = CIRCLE ( 'NONE', #4877, 0.1000000000000000333 ) ;
#567 = CARTESIAN_POINT ( 'NONE',  ( -1.815479446723969881, 1.833114583718829849, 0.5999999999999999778 ) ) ;
#568 = CARTESIAN_POINT ( 'NONE',  ( 1.970794474613136282, 3.121910501987325670, 0.5695108542499834892 ) ) ;
#569 = VERTEX_POINT ( 'NONE', #4784 ) ;
#570 = DIRECTION ( 'NONE',  ( -0.7071067811865479058, 4.641740550953563492E-15, -0.7071067811865472397 ) ) ;
#571 = CYLINDRICAL_SURFACE ( 'NONE', #5305, 0.09999999999999985290 ) ;
#572 = AXIS2_PLACEMENT_3D ( 'NONE', #782, #1555, #152 ) ;
#573 = ORIENTED_EDGE ( 'NONE', *, *, #687, .F. ) ;
#574 = ORIENTED_EDGE ( 'NONE', *, *, #323, .F. ) ;
#575 = DIRECTION ( 'NONE',  ( 0.000000000000000000, -1.000000000000000000, 0.000000000000000000 ) ) ;
#576 = EDGE_CURVE ( 'NONE', #8454, #6886, #1236, .T. ) ;
#577 = CARTESIAN_POINT ( 'NONE',  ( 1.898829551207560140, 6.149899609549899893, 6.955606947828460562 ) ) ;
#578 = CARTESIAN_POINT ( 'NONE',  ( 1.715685302125170120, 6.150000000000000355, 8.076352507478620879 ) ) ;
#579 = ORIENTED_EDGE ( 'NONE', *, *, #3775, .F. ) ;
#580 = DIRECTION ( 'NONE',  ( 1.000000000000000000, 0.000000000000000000, 0.000000000000000000 ) ) ;
#581 = ADVANCED_FACE ( 'NONE', ( #8089 ), #6168, .T. ) ;
#582 = ORIENTED_EDGE ( 'NONE', *, *, #2654, .F. ) ;
#583 = EDGE_CURVE ( 'NONE', #3903, #7686, #2603, .T. ) ;
#584 = ADVANCED_FACE ( 'NONE', ( #6844 ), #3973, .F. ) ;
#585 = CARTESIAN_POINT ( 'NONE',  ( 1.782946243159849953, 6.150000000000000355, 10.37943195832879972 ) ) ;
#586 = EDGE_CURVE ( 'NONE', #3938, #7680, #7999, .T. ) ;
#587 = PRESENTATION_STYLE_ASSIGNMENT (( #5532 ) ) ;
#588 = EDGE_CURVE ( 'NONE', #2460, #4779, #5079, .T. ) ;
#589 = PRODUCT_DEFINITION_SHAPE ( 'NONE', 'NONE',  #8929 ) ;
#590 = DIRECTION ( 'NONE',  ( 0.000000000000000000, 0.7071067811865486830, 0.7071067811865464625 ) ) ;
#591 = CARTESIAN_POINT ( 'NONE',  ( -1.973283754570961834, 3.124216632767869317, 18.53297842570783871 ) ) ;
#592 = ORIENTED_EDGE ( 'NONE', *, *, #7907, .F. ) ;
#593 = ADVANCED_FACE ( 'NONE', ( #1405 ), #5759, .F. ) ;
#594 = ORIENTED_EDGE ( 'NONE', *, *, #3663, .T. ) ;
#595 = DIRECTION ( 'NONE',  ( 0.000000000000000000, 0.7071067811865344721, -0.7071067811865605623 ) ) ;
#596 = VECTOR ( 'NONE', #7102, 1000.000000000000000 ) ;
#597 = CARTESIAN_POINT ( 'NONE',  ( 0.4302828521505689952, 5.349999999999999645, 15.90000000000000036 ) ) ;
#598 = CARTESIAN_POINT ( 'NONE',  ( 1.257014306635649836, 6.150000000000000355, 10.73113374638960238 ) ) ;
#599 = VECTOR ( 'NONE', #3237, 1000.000000000000000 ) ;
#600 = CARTESIAN_POINT ( 'NONE',  ( 0.9369170571332520181, 6.149899999999999700, 11.06500733321239949 ) ) ;
#601 = CARTESIAN_POINT ( 'NONE',  ( 1.100000000000000089, 3.149999999999999911, 18.89999999999999858 ) ) ;
#602 = ORIENTED_EDGE ( 'NONE', *, *, #1299, .F. ) ;
#603 = ORIENTED_EDGE ( 'NONE', *, *, #6349, .T. ) ;
#604 = CYLINDRICAL_SURFACE ( 'NONE', #2846, 0.2000000000000000389 ) ;
#605 = CIRCLE ( 'NONE', #1472, 0.1999999999999999833 ) ;
#606 = CARTESIAN_POINT ( 'NONE',  ( -1.973283754570961834, 3.124216632767869317, 18.53297842570783871 ) ) ;
#607 = CARTESIAN_POINT ( 'NONE',  ( 1.100000000000000089, 3.149999999999999911, 18.59999999999999787 ) ) ;
#608 = DIRECTION ( 'NONE',  ( 1.000000000000000000, -4.205390244792259832E-16, 0.000000000000000000 ) ) ;
#609 = CARTESIAN_POINT ( 'NONE',  ( 1.540644780878300146, 6.149899999999999700, 6.827568048027499614 ) ) ;
#610 = CARTESIAN_POINT ( 'NONE',  ( 1.672735544596990032, 6.150000000000000355, 10.73113374638960238 ) ) ;
#611 = ORIENTED_EDGE ( 'NONE', *, *, #412, .T. ) ;
#612 = SPHERICAL_SURFACE ( 'NONE', #2380, 0.1000000000000000056 ) ;
#613 = FACE_OUTER_BOUND ( 'NONE', #3488, .T. ) ;
#614 = ORIENTED_EDGE ( 'NONE', *, *, #1773, .T. ) ;
#615 = EDGE_LOOP ( 'NONE', ( #527, #3772, #7898, #1681 ) ) ;
#616 = VECTOR ( 'NONE', #1293, 1000.000000000000000 ) ;
#617 = LINE ( 'NONE', #5437, #5921 ) ;
#618 =( BOUNDED_CURVE ( )  B_SPLINE_CURVE ( 3, ( #5794, #1114, #4441, #3143 ),
 .UNSPECIFIED., .F., .F. ) 
 B_SPLINE_CURVE_WITH_KNOTS ( ( 4, 4 ),
 ( 1.468998885608893801, 1.570796326794892117 ),
 .UNSPECIFIED. ) 
 CURVE ( )  GEOMETRIC_REPRESENTATION_ITEM ( )  RATIONAL_B_SPLINE_CURVE ( ( 1.000000000000000000, 0.9991366264984998802, 0.9991366264984998802, 1.000000000000000000 ) ) 
 REPRESENTATION_ITEM ( '' )  );
#619 = ADVANCED_FACE ( 'NONE', ( #7156 ), #4268, .F. ) ;
#620 = DIRECTION ( 'NONE',  ( 0.000000000000000000, 0.000000000000000000, 1.000000000000000000 ) ) ;
#621 = CARTESIAN_POINT ( 'NONE',  ( -2.449999999999999734, 3.250000000000000000, 19.00000000000000000 ) ) ;
#622 = ORIENTED_EDGE ( 'NONE', *, *, #3550, .T. ) ;
#623 = DIRECTION ( 'NONE',  ( 0.6702157429215804818, 0.7421663276786907293, 0.000000000000000000 ) ) ;
#624 = ADVANCED_FACE ( 'NONE', ( #7739 ), #4312, .T. ) ;
#625 = CARTESIAN_POINT ( 'NONE',  ( 1.152476217557659943, 6.150000000000000355, 8.896449764431599405 ) ) ;
#626 = EDGE_CURVE ( 'NONE', #5557, #4622, #3946, .T. ) ;
#627 = EDGE_LOOP ( 'NONE', ( #7814, #6320, #1073, #3 ) ) ;
#628 = DIRECTION ( 'NONE',  ( -1.000000000000000000, 0.000000000000000000, 0.000000000000000000 ) ) ;
#629 = ORIENTED_EDGE ( 'NONE', *, *, #4871, .T. ) ;
#630 = APPLICATION_PROTOCOL_DEFINITION ( 'draft international standard', 'automotive_design', 1998, #2680 ) ;
#631 = VECTOR ( 'NONE', #8459, 1000.000000000000114 ) ;
#632 = EDGE_CURVE ( 'NONE', #5416, #4161, #4453, .T. ) ;
#633 = CARTESIAN_POINT ( 'NONE',  ( 1.902881415125298181, 6.150000000000000355, 11.99504516446703306 ) ) ;
#634 = EDGE_CURVE ( 'NONE', #388, #6174, #4090, .T. ) ;
#635 = EDGE_CURVE ( 'NONE', #1040, #2096, #3103, .T. ) ;
#636 = CARTESIAN_POINT ( 'NONE',  ( 1.390899236998960120, 6.150000000000000355, 6.831192568704443246 ) ) ;
#637 = EDGE_CURVE ( 'NONE', #306, #6799, #4401, .T. ) ;
#638 = ORIENTED_EDGE ( 'NONE', *, *, #8460, .T. ) ;
#639 = EDGE_CURVE ( 'NONE', #8788, #3000, #2079, .T. ) ;
#640 = CIRCLE ( 'NONE', #4520, 0.1999999999999989009 ) ;
#641 = VERTEX_POINT ( 'NONE', #175 ) ;
#642 = DIRECTION ( 'NONE',  ( 0.1016217158801566017, -0.9948231133531090231, -2.818925648462310049E-16 ) ) ;
#643 = LINE ( 'NONE', #2078, #5335 ) ;
#644 = CARTESIAN_POINT ( 'NONE',  ( 1.257014306635649836, 6.150000000000000355, 10.81622288866240034 ) ) ;
#645 = CARTESIAN_POINT ( 'NONE',  ( 0.009351313679485179914, -1.425000000000000044, 0.5999999999999999778 ) ) ;
#646 = CARTESIAN_POINT ( 'NONE',  ( 1.027678808890889917, 6.149950000000000472, 11.37619048209569961 ) ) ;
#647 = AXIS2_PLACEMENT_3D ( 'NONE', #6937, #1295, #4283 ) ;
#648 = VERTEX_POINT ( 'NONE', #268 ) ;
#649 = DIRECTION ( 'NONE',  ( 1.000000000000000000, 0.000000000000000000, 0.000000000000000000 ) ) ;
#650 = DIRECTION ( 'NONE',  ( 1.000000000000000000, 0.000000000000000000, 0.000000000000000000 ) ) ;
#651 = DIRECTION ( 'NONE',  ( -9.251858538542969855E-16, 1.000000000000000000, 0.000000000000000000 ) ) ;
#652 = DIRECTION ( 'NONE',  ( 0.000000000000000000, -1.000000000000000000, 0.000000000000000000 ) ) ;
#653 = CARTESIAN_POINT ( 'NONE',  ( 0.9369170571332540165, 6.150000000000000355, 10.60471559215579873 ) ) ;
#654 = CIRCLE ( 'NONE', #2810, 0.2000000000000000666 ) ;
#655 = CARTESIAN_POINT ( 'NONE',  ( 1.875328740484596857, 6.150000000000000355, 8.346206644400899322 ) ) ;
#656 = VERTEX_POINT ( 'NONE', #2925 ) ;
#657 = ORIENTED_EDGE ( 'NONE', *, *, #6336, .F. ) ;
#658 = DIRECTION ( 'NONE',  ( 0.5773502691896253980, -0.5773502691896248429, -0.5773502691896270633 ) ) ;
#659 = AXIS2_PLACEMENT_3D ( 'NONE', #6159, #4093, #4863 ) ;
#660 = ORIENTED_EDGE ( 'NONE', *, *, #6115, .T. ) ;
#661 = PRODUCT_DEFINITION_SHAPE ( 'NONE', 'NONE',  #8930 ) ;
#662 = VERTEX_POINT ( 'NONE', #6481 ) ;
#663 = CARTESIAN_POINT ( 'NONE',  ( 1.909351313647939863, 2.752070754658749951, 7.049999999999999822 ) ) ;
#664 = DIRECTION ( 'NONE',  ( -1.000000000000000000, 0.000000000000000000, 0.000000000000000000 ) ) ;
#665 = CARTESIAN_POINT ( 'NONE',  ( 0.3250000000000000111, -7.900000000000000355, 0.000000000000000000 ) ) ;
#666 = AXIS2_PLACEMENT_3D ( 'NONE', #3543, #6108, #717 ) ;
#667 = EDGE_CURVE ( 'NONE', #6877, #7955, #2713, .T. ) ;
#668 = ORIENTED_EDGE ( 'NONE', *, *, #4438, .T. ) ;
#669 = FACE_OUTER_BOUND ( 'NONE', #8763, .T. ) ;
#670 = DIRECTION ( 'NONE',  ( -0.9948231133531082460, -0.1016217158801652198, 1.438827436427480313E-15 ) ) ;
#671 = ADVANCED_FACE ( 'NONE', ( #3682 ), #7878, .F. ) ;
#672 = VERTEX_POINT ( 'NONE', #310 ) ;
#673 = DIRECTION ( 'NONE',  ( 0.000000000000000000, -1.000000000000000000, 0.000000000000000000 ) ) ;
#674 = ORIENTED_EDGE ( 'NONE', *, *, #639, .F. ) ;
#675 = SURFACE_STYLE_FILL_AREA ( #4814 ) ;
#676 = EDGE_CURVE ( 'NONE', #2085, #1829, #2343, .T. ) ;
#677 = VECTOR ( 'NONE', #3035, 1000.000000000000000 ) ;
#678 = CARTESIAN_POINT ( 'NONE',  ( 0.4302828521505729920, 5.349999999999999645, 3.200000000000000178 ) ) ;
#679 = DIRECTION ( 'NONE',  ( -0.7071067811865483499, 0.000000000000000000, 0.7071067811865466846 ) ) ;
#680 = ORIENTED_EDGE ( 'NONE', *, *, #1691, .F. ) ;
#681 = ORIENTED_EDGE ( 'NONE', *, *, #5084, .F. ) ;
#682 = DIRECTION ( 'NONE',  ( 0.000000000000000000, -0.3826834323650923908, -0.9238795325112856283 ) ) ;
#683 = VERTEX_POINT ( 'NONE', #5308 ) ;
#684 = DIRECTION ( 'NONE',  ( -1.000000000000000000, 0.000000000000000000, 0.000000000000000000 ) ) ;
#685 = DIRECTION ( 'NONE',  ( -1.000000000000000000, 0.000000000000000000, 0.000000000000000000 ) ) ;
#686 = AXIS2_PLACEMENT_3D ( 'NONE', #1730, #7897, #6719 ) ;
#687 = EDGE_CURVE ( 'NONE', #7480, #5121, #1756, .T. ) ;
#688 = DIRECTION ( 'NONE',  ( -1.387778780781445922E-16, -1.387778780781443703E-16, 1.000000000000000000 ) ) ;
#689 = CARTESIAN_POINT ( 'NONE',  ( 2.040305328863119882, 3.149999999999999911, 0.5000000000000000000 ) ) ;
#690 = AXIS2_PLACEMENT_3D ( 'NONE', #8071, #3918, #7472 ) ;
#691 = VECTOR ( 'NONE', #7256, 1000.000000000000000 ) ;
#692 = ORIENTED_EDGE ( 'NONE', *, *, #6988, .F. ) ;
#693 = CARTESIAN_POINT ( 'NONE',  ( 0.009351313679485179914, 0.1499999999999999944, 18.50000000000000000 ) ) ;
#694 = VERTEX_POINT ( 'NONE', #7290 ) ;
#695 = FACE_OUTER_BOUND ( 'NONE', #879, .T. ) ;
#696 = DIRECTION ( 'NONE',  ( 1.000000000000000000, 0.000000000000000000, 0.000000000000000000 ) ) ;
#697 = ADVANCED_FACE ( 'NONE', ( #7975 ), #3869, .F. ) ;
#698 = CARTESIAN_POINT ( 'NONE',  ( -1.000000000000000000, 1.500000000000000000, 0.5999999999999999778 ) ) ;
#699 = AXIS2_PLACEMENT_3D ( 'NONE', #3906, #6657, #3282 ) ;
#700 = AXIS2_PLACEMENT_3D ( 'NONE', #3729, #8557, #6566 ) ;
#701 = CARTESIAN_POINT ( 'NONE',  ( 1.048293601660257091, 3.139714957897566272, 0.5517063983397435534 ) ) ;
#702 = CARTESIAN_POINT ( 'NONE',  ( 1.254871396775116832, 6.150000000000000355, 10.10176230206115910 ) ) ;
#703 = CARTESIAN_POINT ( 'NONE',  ( 1.794284816742593991, 6.150000000000000355, 11.01364998945117435 ) ) ;
#704 = EDGE_LOOP ( 'NONE', ( #7552, #2954, #4810, #474 ) ) ;
#705 = ORIENTED_EDGE ( 'NONE', *, *, #1734, .F. ) ;
#706 = DIRECTION ( 'NONE',  ( 0.000000000000000000, 0.000000000000000000, -1.000000000000000000 ) ) ;
#707 = EDGE_CURVE ( 'NONE', #3639, #8694, #8110, .T. ) ;
#708 = EDGE_LOOP ( 'NONE', ( #2403, #7001, #1579, #3757 ) ) ;
#709 = ORIENTED_EDGE ( 'NONE', *, *, #5090, .F. ) ;
#710 = AXIS2_PLACEMENT_3D ( 'NONE', #4704, #2046, #6007 ) ;
#711 = CARTESIAN_POINT ( 'NONE',  ( 1.160335477999736353, 6.149999999999999467, 7.297587453655963508 ) ) ;
#712 = DIRECTION ( 'NONE',  ( 0.000000000000000000, 1.000000000000000000, 0.000000000000000000 ) ) ;
#713 = CARTESIAN_POINT ( 'NONE',  ( 0.009351313679485179914, -1.425000000000000044, 18.39999999999999858 ) ) ;
#714 = ADVANCED_FACE ( 'NONE', ( #3910 ), #5977, .F. ) ;
#715 = CIRCLE ( 'NONE', #6165, 0.1999999999999996503 ) ;
#716 = ORIENTED_EDGE ( 'NONE', *, *, #4874, .F. ) ;
#717 = DIRECTION ( 'NONE',  ( 0.7071067811865474617, -0.7071067811865474617, 0.000000000000000000 ) ) ;
#718 = CARTESIAN_POINT ( 'NONE',  ( -1.275000000000000133, 3.149999999999999911, 18.89999999999999858 ) ) ;
#719 = EDGE_CURVE ( 'NONE', #6414, #770, #1328, .T. ) ;
#720 = ORIENTED_EDGE ( 'NONE', *, *, #3115, .F. ) ;
#721 = LINE ( 'NONE', #2064, #2568 ) ;
#722 = ORIENTED_EDGE ( 'NONE', *, *, #4601, .F. ) ;
#723 = ORIENTED_EDGE ( 'NONE', *, *, #5693, .F. ) ;
#724 = CARTESIAN_POINT ( 'NONE',  ( 0.4302828521505689952, 5.349999999999999645, 15.90000000000000036 ) ) ;
#725 = EDGE_CURVE ( 'NONE', #4470, #1018, #959, .T. ) ;
#726 = CARTESIAN_POINT ( 'NONE',  ( 1.902881415125304176, 6.150000000000000355, 8.261927874911659586 ) ) ;
#727 = CARTESIAN_POINT ( 'NONE',  ( 1.760255805220430014, 6.150000000000000355, 10.58688739091770081 ) ) ;
#728 = ORIENTED_EDGE ( 'NONE', *, *, #4648, .F. ) ;
#729 = ORIENTED_EDGE ( 'NONE', *, *, #4858, .F. ) ;
#730 = DIRECTION ( 'NONE',  ( -0.7071067811865496822, -0.7071067811865453523, 0.000000000000000000 ) ) ;
#731 = EDGE_LOOP ( 'NONE', ( #1567, #3915, #8552, #7723 ) ) ;
#732 = FACE_OUTER_BOUND ( 'NONE', #548, .T. ) ;
#733 = CIRCLE ( 'NONE', #3741, 0.2000000000000000389 ) ;
#734 = ADVANCED_FACE ( 'NONE', ( #8744 ), #1799, .F. ) ;
#735 = PLANE ( 'NONE',  #3814 ) ;
#736 = DIRECTION ( 'NONE',  ( -0.7071067811865467956, 0.000000000000000000, 0.7071067811865481278 ) ) ;
#737 = ORIENTED_EDGE ( 'NONE', *, *, #8549, .T. ) ;
#738 = CARTESIAN_POINT ( 'NONE',  ( 1.257014306635649836, 6.150000000000000355, 11.06500733321239949 ) ) ;
#739 = ORIENTED_EDGE ( 'NONE', *, *, #1583, .T. ) ;
#740 = CARTESIAN_POINT ( 'NONE',  ( -0.4302828521505689952, 5.349999999999999645, 16.10000000000000142 ) ) ;
#741 = PLANE ( 'NONE',  #6752 ) ;
#742 = CARTESIAN_POINT ( 'NONE',  ( -2.449743797548884050, 3.122020552704813046, 7.019400803532496624 ) ) ;
#743 = CARTESIAN_POINT ( 'NONE',  ( 1.809688545017020145, 6.149950000282250251, 7.099042930516869632 ) ) ;
#744 = LINE ( 'NONE', #4250, #1979 ) ;
#745 = EDGE_CURVE ( 'NONE', #8271, #1566, #447, .T. ) ;
#746 = EDGE_CURVE ( 'NONE', #32, #429, #4054, .T. ) ;
#747 = AXIS2_PLACEMENT_3D ( 'NONE', #2767, #20, #5509 ) ;
#748 = ORIENTED_EDGE ( 'NONE', *, *, #4432, .F. ) ;
#749 = EDGE_CURVE ( 'NONE', #8917, #6420, #1746, .T. ) ;
#750 = ORIENTED_EDGE ( 'NONE', *, *, #5770, .F. ) ;
#751 = CARTESIAN_POINT ( 'NONE',  ( 0.3250000000000000111, -6.893693973998397340, -0.01522409349774287574 ) ) ;
#752 = ADVANCED_FACE ( 'NONE', ( #8699 ), #1883, .F. ) ;
#753 = VERTEX_POINT ( 'NONE', #8790 ) ;
#754 = ORIENTED_EDGE ( 'NONE', *, *, #7300, .F. ) ;
#755 = DIRECTION ( 'NONE',  ( -8.854028621385621832E-15, 0.6721300772424598780, 0.7404330889864694232 ) ) ;
#756 = DIRECTION ( 'NONE',  ( 0.000000000000000000, 1.000000000000000000, 0.000000000000000000 ) ) ;
#757 = CARTESIAN_POINT ( 'NONE',  ( 1.902881415125309950, 6.149899999999999700, 8.219788490167038830 ) ) ;
#758 = VERTEX_POINT ( 'NONE', #403 ) ;
#759 = DIRECTION ( 'NONE',  ( 0.000000000000000000, 0.000000000000000000, -1.000000000000000000 ) ) ;
#760 = CARTESIAN_POINT ( 'NONE',  ( 1.797600484329059833, 6.149999999999999467, 7.005474045759630286 ) ) ;
#761 = ORIENTED_EDGE ( 'NONE', *, *, #6573, .F. ) ;
#762 = CARTESIAN_POINT ( 'NONE',  ( 1.917468125229210063, 6.150000000000000355, 10.64876956376363815 ) ) ;
#763 = VERTEX_POINT ( 'NONE', #5350 ) ;
#764 = DIRECTION ( 'NONE',  ( 0.000000000000000000, 0.000000000000000000, 1.000000000000000000 ) ) ;
#765 = CARTESIAN_POINT ( 'NONE',  ( -2.040305328863119882, 3.149999999999999911, 0.5000000000000000000 ) ) ;
#766 = CYLINDRICAL_SURFACE ( 'NONE', #6407, 0.1000000000000001443 ) ;
#767 = CARTESIAN_POINT ( 'NONE',  ( -0.08125000000000000278, -6.817157287525379417, 0.000000000000000000 ) ) ;
#768 = ORIENTED_EDGE ( 'NONE', *, *, #1195, .F. ) ;
#769 = ORIENTED_EDGE ( 'NONE', *, *, #1527, .F. ) ;
#770 = VERTEX_POINT ( 'NONE', #1258 ) ;
#771 = VECTOR ( 'NONE', #5173, 1000.000000000000000 ) ;
#772 = DIRECTION ( 'NONE',  ( 0.000000000000000000, 0.000000000000000000, 1.000000000000000000 ) ) ;
#773 = VECTOR ( 'NONE', #1703, 1000.000000000000000 ) ;
#774 = CARTESIAN_POINT ( 'NONE',  ( 1.534661273658869618, 6.150000000000000355, 8.025028897853763610 ) ) ;
#775 = DIRECTION ( 'NONE',  ( 0.000000000000000000, 0.000000000000000000, 1.000000000000000000 ) ) ;
#776 = DIRECTION ( 'NONE',  ( 0.000000000000000000, 1.000000000000000000, 0.000000000000000000 ) ) ;
#777 = ORIENTED_EDGE ( 'NONE', *, *, #3113, .T. ) ;
#778 = DIRECTION ( 'NONE',  ( -2.081668171172174923E-16, -2.081668171172169746E-16, 1.000000000000000000 ) ) ;
#780 = EDGE_LOOP ( 'NONE', ( #439, #2428, #4664, #4807 ) ) ;
#779 = ADVANCED_FACE ( 'NONE', ( #7425, #3153 ), #3997, .T. ) ;
#781 = LINE ( 'NONE', #3524, #4562 ) ;
#782 = CARTESIAN_POINT ( 'NONE',  ( 0.4302828521505729920, 5.349999999999999645, 3.200000000000000178 ) ) ;
#783 = FACE_OUTER_BOUND ( 'NONE', #5166, .T. ) ;
#784 = DIRECTION ( 'NONE',  ( 1.000000000000000000, 0.000000000000000000, 0.000000000000000000 ) ) ;
#785 = DIRECTION ( 'NONE',  ( 0.000000000000000000, 0.000000000000000000, -1.000000000000000000 ) ) ;
#786 = CARTESIAN_POINT ( 'NONE',  ( -0.08125000000000000278, -6.817157287525379417, -0.2000000000000000111 ) ) ;
#787 = EDGE_LOOP ( 'NONE', ( #8314, #3677, #7880, #1478 ) ) ;
#788 = EDGE_CURVE ( 'NONE', #3511, #6957, #2429, .T. ) ;
#789 = ORIENTED_EDGE ( 'NONE', *, *, #4092, .F. ) ;
#790 = CARTESIAN_POINT ( 'NONE',  ( 1.784566988726940195, 6.150000000000000355, 11.90644440679890081 ) ) ;
#791 = B_SPLINE_CURVE_WITH_KNOTS ( 'NONE', 3,
 ( #4831, #7667, #104, #4110 ),
 .UNSPECIFIED., .F., .F.,
 ( 4, 4 ),
 ( 0.000000000000000000, 1.000000000000000000 ),
 .UNSPECIFIED. ) ;
#792 = VERTEX_POINT ( 'NONE', #2054 ) ;
#793 = ORIENTED_EDGE ( 'NONE', *, *, #4097, .F. ) ;
#794 = EDGE_LOOP ( 'NONE', ( #7240, #2238, #5713, #2284 ) ) ;
#795 = CARTESIAN_POINT ( 'NONE',  ( 1.883769795697562754, 6.149999999999999467, 8.716297596032934081 ) ) ;
#796 = DIRECTION ( 'NONE',  ( 0.7071067811865457964, 1.626303258728256651E-15, -0.7071067811865492381 ) ) ;
#797 = CARTESIAN_POINT ( 'NONE',  ( -2.040305328863119882, 3.050000000000000266, 6.949999999999999289 ) ) ;
#798 = ORIENTED_EDGE ( 'NONE', *, *, #5367, .T. ) ;
#799 = CIRCLE ( 'NONE', #4249, 0.1999999999999996503 ) ;
#800 = CARTESIAN_POINT ( 'NONE',  ( -2.040305328863119882, 3.050000000000000266, 12.14999999999999858 ) ) ;
#801 = B_SPLINE_CURVE_WITH_KNOTS ( 'NONE', 3,
 ( #7071, #2252, #2927, #7697 ),
 .UNSPECIFIED., .F., .F.,
 ( 4, 4 ),
 ( 0.000000000000000000, 1.000000000000000000 ),
 .UNSPECIFIED. ) ;
#802 = ORIENTED_EDGE ( 'NONE', *, *, #7387, .F. ) ;
#803 = CARTESIAN_POINT ( 'NONE',  ( 2.462159884122632647, 3.129656503977708226, 7.011254804505131055 ) ) ;
#804 = ORIENTED_EDGE ( 'NONE', *, *, #8621, .F. ) ;
#805 = AXIS2_PLACEMENT_3D ( 'NONE', #3958, #6754, #2609 ) ;
#806 = DIRECTION ( 'NONE',  ( 0.7071067811865474617, -0.7071067811865474617, 0.000000000000000000 ) ) ;
#807 = DIRECTION ( 'NONE',  ( 0.7071067811865474617, 0.7071067811865474617, 0.000000000000000000 ) ) ;
#808 = CARTESIAN_POINT ( 'NONE',  ( -0.4302828521505699944, 6.150000000000000355, 12.30000000000000071 ) ) ;
#809 = ORIENTED_EDGE ( 'NONE', *, *, #2727, .T. ) ;
#810 = ORIENTED_EDGE ( 'NONE', *, *, #5148, .T. ) ;
#811 = FACE_OUTER_BOUND ( 'NONE', #8642, .T. ) ;
#812 = ORIENTED_EDGE ( 'NONE', *, *, #8233, .T. ) ;
#813 = CARTESIAN_POINT ( 'NONE',  ( 1.797600484329048953, 6.149999999999999467, 9.861227734991127036 ) ) ;
#814 = CARTESIAN_POINT ( 'NONE',  ( -0.3250000000000000111, 2.136383829059059991, 1.421261342674909889 ) ) ;
#815 = DIRECTION ( 'NONE',  ( -0.7071067811865466846, -0.7071067811865483499, 0.000000000000000000 ) ) ;
#816 = LINE ( 'NONE', #2168, #8721 ) ;
#817 = ORIENTED_EDGE ( 'NONE', *, *, #5036, .F. ) ;
#818 = CARTESIAN_POINT ( 'NONE',  ( -0.4302828521505689952, 5.150000000000000355, 15.90000000000000036 ) ) ;
#819 = AXIS2_PLACEMENT_3D ( 'NONE', #384, #6459, #7952 ) ;
#820 = EDGE_LOOP ( 'NONE', ( #5888, #4118, #1122, #4387 ) ) ;
#821 = CARTESIAN_POINT ( 'NONE',  ( 1.917468125229210063, 6.150000000000000355, 10.51233309483099987 ) ) ;
#822 = CYLINDRICAL_SURFACE ( 'NONE', #5594, 0.1000000000000007411 ) ;
#823 = CARTESIAN_POINT ( 'NONE',  ( -2.449999999999999734, 3.250000000000000000, 19.00000000000000000 ) ) ;
#824 = DIRECTION ( 'NONE',  ( 0.000000000000000000, -1.000000000000000000, 0.000000000000000000 ) ) ;
#825 = EDGE_CURVE ( 'NONE', #1829, #3196, #617, .T. ) ;
#826 = CIRCLE ( 'NONE', #3286, 0.09999999999999982514 ) ;
#827 = CARTESIAN_POINT ( 'NONE',  ( 1.755926416376842214, 6.150000000000000355, 6.901944728161600651 ) ) ;
#828 = CARTESIAN_POINT ( 'NONE',  ( 0.4302828521505689952, 6.150000000000000355, 15.90000000000000036 ) ) ;
#829 = ORIENTED_EDGE ( 'NONE', *, *, #7753, .F. ) ;
#830 = VERTEX_POINT ( 'NONE', #1432 ) ;
#831 = ORIENTED_EDGE ( 'NONE', *, *, #6949, .T. ) ;
#832 = EDGE_LOOP ( 'NONE', ( #4569, #8450, #7379, #5962, #392, #3125, #4308, #1418, #5611, #7242, #6289, #4973, #4484, #8739, #3186, #3533, #3489, #1202 ) ) ;
#833 = ORIENTED_EDGE ( 'NONE', *, *, #5228, .F. ) ;
#834 = PRESENTATION_LAYER_ASSIGNMENT (  '', '', ( #8619 ) ) ;
#835 = VECTOR ( 'NONE', #4364, 1000.000000000000000 ) ;
#836 = CARTESIAN_POINT ( 'NONE',  ( 1.856690166462930058, 6.149899830003858980, 8.740858189989930693 ) ) ;
#837 =( REPRESENTATION_RELATIONSHIP ('NONE','NONE', #8277, #1544 ) REPRESENTATION_RELATIONSHIP_WITH_TRANSFORMATION ( #4228 )SHAPE_REPRESENTATION_RELATIONSHIP( ) );
#838 = CARTESIAN_POINT ( 'NONE',  ( 0.4302828521505699944, 6.150000000000000355, 12.30000000000000071 ) ) ;
#839 = B_SPLINE_CURVE_WITH_KNOTS ( 'NONE', 3,
 ( #24, #827, #2770, #5512 ),
 .UNSPECIFIED., .F., .F.,
 ( 4, 4 ),
 ( 0.000000000000000000, 1.000000000000000000 ),
 .UNSPECIFIED. ) ;
#840 = CARTESIAN_POINT ( 'NONE',  ( 2.449999999999999734, 3.250000000000000000, 19.00000000000000000 ) ) ;
#841 = VECTOR ( 'NONE', #4416, 1000.000000000000000 ) ;
#842 = ORIENTED_EDGE ( 'NONE', *, *, #1408, .T. ) ;
#843 = CARTESIAN_POINT ( 'NONE',  ( 0.3250000000000000111, -7.900000000000000355, 0.000000000000000000 ) ) ;
#844 = FACE_OUTER_BOUND ( 'NONE', #936, .T. ) ;
#845 = ORIENTED_EDGE ( 'NONE', *, *, #6962, .T. ) ;
#846 = EDGE_CURVE ( 'NONE', #8401, #2096, #4167, .T. ) ;
#847 = DIRECTION ( 'NONE',  ( 5.551115123125780336E-15, 0.000000000000000000, 1.000000000000000000 ) ) ;
#848 = EDGE_LOOP ( 'NONE', ( #7817, #7828, #6137, #1492 ) ) ;
#849 = CARTESIAN_POINT ( 'NONE',  ( 1.000000000000000000, -6.150000000000000355, 0.000000000000000000 ) ) ;
#850 = VERTEX_POINT ( 'NONE', #3449 ) ;
#851 = CARTESIAN_POINT ( 'NONE',  ( 1.073123889793531127, 3.149999999999999911, 18.57312388979353202 ) ) ;
#852 = CLOSED_SHELL ( 'NONE', ( #1252, #697, #7635, #581, #8159, #7407, #6028, #359, #8712, #3983, #3714, #1674, #2618 ) ) ;
#853 = CARTESIAN_POINT ( 'NONE',  ( 1.152476217557659943, 6.150000000000000355, 8.896449764431599405 ) ) ;
#854 = ADVANCED_FACE ( 'NONE', ( #5562 ), #7505, .F. ) ;
#855 = LINE ( 'NONE', #7031, #885 ) ;
#856 = EDGE_CURVE ( 'NONE', #1297, #4595, #2334, .T. ) ;
#857 = EDGE_LOOP ( 'NONE', ( #2690, #8193, #1218, #6305 ) ) ;
#858 = EDGE_CURVE ( 'NONE', #8339, #8878, #1967, .T. ) ;
#859 = ADVANCED_FACE ( 'NONE', ( #4123 ), #8232, .F. ) ;
#860 = EDGE_CURVE ( 'NONE', #4121, #4821, #4592, .T. ) ;
#861 = DIRECTION ( 'NONE',  ( 0.000000000000000000, -1.000000000000000000, 0.000000000000000000 ) ) ;
#862 = ORIENTED_EDGE ( 'NONE', *, *, #899, .T. ) ;
#863 = CARTESIAN_POINT ( 'NONE',  ( -0.3250000000000000111, 7.900000000000000355, 0.000000000000000000 ) ) ;
#864 = DIRECTION ( 'NONE',  ( 0.000000000000000000, 0.000000000000000000, 1.000000000000000000 ) ) ;
#865 = CYLINDRICAL_SURFACE ( 'NONE', #6779, 0.2000000000000000389 ) ;
#866 = CARTESIAN_POINT ( 'NONE',  ( -1.275000000000000133, 3.050000000000000266, 18.89999999999999858 ) ) ;
#867 = VERTEX_POINT ( 'NONE', #4034 ) ;
#868 = CARTESIAN_POINT ( 'NONE',  ( -2.449999999999999734, 3.250000000000000000, 6.949999999999999289 ) ) ;
#869 = ORIENTED_EDGE ( 'NONE', *, *, #7846, .T. ) ;
#870 = AXIS2_PLACEMENT_3D ( 'NONE', #597, #3606, #7841 ) ;
#871 = CARTESIAN_POINT ( 'NONE',  ( 1.293481081895420104, 6.150000000000000355, 9.849448157886840249 ) ) ;
#872 = DIRECTION ( 'NONE',  ( 0.000000000000000000, 0.7071067811865431318, -0.7071067811865519026 ) ) ;
#873 = CARTESIAN_POINT ( 'NONE',  ( -1.941243611405529812, 3.060119207697280963, 12.14081426268980479 ) ) ;
#874 = DIRECTION ( 'NONE',  ( -1.000000000000000000, 0.000000000000000000, 0.000000000000000000 ) ) ;
#875 = CARTESIAN_POINT ( 'NONE',  ( 1.152476217557649951, 6.150000000000000355, 11.51152273694870054 ) ) ;
#876 = VECTOR ( 'NONE', #6065, 1000.000000000000000 ) ;
#877 = CARTESIAN_POINT ( 'NONE',  ( 0.4302828521505689952, 6.150000000000000355, 15.90000000000000036 ) ) ;
#878 = EDGE_LOOP ( 'NONE', ( #4549, #7968, #8828, #133 ) ) ;
#879 = EDGE_LOOP ( 'NONE', ( #2058, #6831, #2196, #6166 ) ) ;
#880 = VERTEX_POINT ( 'NONE', #7548 ) ;
#881 = ORIENTED_EDGE ( 'NONE', *, *, #561, .F. ) ;
#882 = ORIENTED_EDGE ( 'NONE', *, *, #3495, .T. ) ;
#883 = CARTESIAN_POINT ( 'NONE',  ( 0.9369170571332520181, 6.149899999999999700, 11.06500733321239949 ) ) ;
#884 = AXIS2_PLACEMENT_3D ( 'NONE', #840, #6326, #6376 ) ;
#885 = VECTOR ( 'NONE', #227, 1000.000000000000114 ) ;
#886 = CARTESIAN_POINT ( 'NONE',  ( 1.810228793539383485, 6.150000000000000355, 8.082835489747029811 ) ) ;
#887 = AXIS2_PLACEMENT_3D ( 'NONE', #8009, #2463, #5835 ) ;
#888 = ORIENTED_EDGE ( 'NONE', *, *, #1734, .T. ) ;
#889 = DIRECTION ( 'NONE',  ( -0.7071067811865477948, 4.641740550953563492E-15, 0.7071067811865472397 ) ) ;
#890 = DIRECTION ( 'NONE',  ( 0.5558414053436417923, 0.6155134058435893785, -0.5587339074482861045 ) ) ;
#891 = ORIENTED_EDGE ( 'NONE', *, *, #561, .T. ) ;
#892 = DIRECTION ( 'NONE',  ( -2.775557561562890365E-16, 0.000000000000000000, 1.000000000000000000 ) ) ;
#893 = ORIENTED_EDGE ( 'NONE', *, *, #7221, .F. ) ;
#894 = AXIS2_PLACEMENT_3D ( 'NONE', #1603, #109, #2858 ) ;
#895 = EDGE_CURVE ( 'NONE', #6163, #64, #389, .T. ) ;
#896 = DIRECTION ( 'NONE',  ( -0.7071067811865480168, 1.287490079826536515E-15, -0.7071067811865471286 ) ) ;
#897 = ORIENTED_EDGE ( 'NONE', *, *, #4905, .F. ) ;
#898 = CARTESIAN_POINT ( 'NONE',  ( 1.206501069794347014, 6.150000000000000355, 9.426433564873539339 ) ) ;
#899 = EDGE_CURVE ( 'NONE', #2559, #1798, #8194, .T. ) ;
#900 = CARTESIAN_POINT ( 'NONE',  ( 1.222168276942993570, 6.150000000000000355, 8.896449764431590523 ) ) ;
#901 = DIRECTION ( 'NONE',  ( 0.000000000000000000, 0.000000000000000000, -1.000000000000000000 ) ) ;
#902 = VERTEX_POINT ( 'NONE', #33 ) ;
#903 = FACE_OUTER_BOUND ( 'NONE', #731, .T. ) ;
#904 =( NAMED_UNIT ( * ) PLANE_ANGLE_UNIT ( ) SI_UNIT ( $, .RADIAN. ) );
#905 = EDGE_CURVE ( 'NONE', #4888, #2011, #6102, .T. ) ;
#906 = EDGE_CURVE ( 'NONE', #5216, #3457, #1298, .T. ) ;
#907 = EDGE_CURVE ( 'NONE', #7142, #2559, #4646, .T. ) ;
#908 = EDGE_CURVE ( 'NONE', #753, #8353, #7435, .T. ) ;
#909 = B_SPLINE_CURVE_WITH_KNOTS ( 'NONE', 3,
 ( #2405, #4961, #4375, #7177 ),
 .UNSPECIFIED., .F., .F.,
 ( 4, 4 ),
 ( 0.000000000000000000, 1.000000000000000000 ),
 .UNSPECIFIED. ) ;
#910 = EDGE_CURVE ( 'NONE', #3670, #7866, #1333, .T. ) ;
#911 = CARTESIAN_POINT ( 'NONE',  ( 2.449999999999999734, 6.049999999999999822, 0.1000000000000000056 ) ) ;
#912 = CARTESIAN_POINT ( 'NONE',  ( 0.9798668146614298857, 6.150000000000000355, 8.846206651851471037 ) ) ;
#913 = DIRECTION ( 'NONE',  ( 1.000000000000000000, 0.000000000000000000, 0.000000000000000000 ) ) ;
#914 = VERTEX_POINT ( 'NONE', #4259 ) ;
#915 = CARTESIAN_POINT ( 'NONE',  ( 0.5717042083878782766, 5.208578643762690419, 15.90000000000000036 ) ) ;
#916 = EDGE_LOOP ( 'NONE', ( #6519, #4185, #810, #103, #6440 ) ) ;
#917 = DIRECTION ( 'NONE',  ( -1.000000000000000000, 0.000000000000000000, 0.000000000000000000 ) ) ;
#918 = DIRECTION ( 'NONE',  ( -1.000000000000000000, 0.000000000000000000, 0.000000000000000000 ) ) ;
#919 = SPHERICAL_SURFACE ( 'NONE', #3060, 0.2000000000000000111 ) ;
#920 = CARTESIAN_POINT ( 'NONE',  ( -1.000000000000000000, 1.500000000000000000, 0.2999999999999999889 ) ) ;
#921 = AXIS2_PLACEMENT_3D ( 'NONE', #1207, #1875, #2641 ) ;
#922 = CARTESIAN_POINT ( 'NONE',  ( -0.6302828521505700055, 6.150000000000000355, 12.30000000000000071 ) ) ;
#923 = CARTESIAN_POINT ( 'NONE',  ( 1.471763094276509864, 6.149899999999999700, 6.827568048027489844 ) ) ;
#924 = ORIENTED_EDGE ( 'NONE', *, *, #5151, .F. ) ;
#925 = EDGE_LOOP ( 'NONE', ( #2108, #6701, #1462, #80, #295, #6318, #5503, #1166 ) ) ;
#926 = ORIENTED_EDGE ( 'NONE', *, *, #1304, .F. ) ;
#927 = ORIENTED_EDGE ( 'NONE', *, *, #1723, .F. ) ;
#928 = ORIENTED_EDGE ( 'NONE', *, *, #248, .F. ) ;
#929 = DIRECTION ( 'NONE',  ( 1.000000000000000000, 0.000000000000000000, 0.000000000000000000 ) ) ;
#930 = CARTESIAN_POINT ( 'NONE',  ( 1.377076995243516899, 6.150000000000000355, 10.19221861855803368 ) ) ;
#931 = CARTESIAN_POINT ( 'NONE',  ( 1.240806850964649932, 6.150000000000000355, 7.802446506638589518 ) ) ;
#932 = ORIENTED_EDGE ( 'NONE', *, *, #981, .T. ) ;
#933 = CARTESIAN_POINT ( 'NONE',  ( 0.8963984179557320520, 6.149950000000000472, 11.37619048209569961 ) ) ;
#934 = CARTESIAN_POINT ( 'NONE',  ( 1.703529710371920025, 6.150000000000000355, 7.669545370136329865 ) ) ;
#935 = AXIS2_PLACEMENT_3D ( 'NONE', #1815, #8052, #1871 ) ;
#936 = EDGE_LOOP ( 'NONE', ( #7075, #7945, #5407, #2772 ) ) ;
#937 = CARTESIAN_POINT ( 'NONE',  ( 1.940823017527810057, 3.060162171588010072, 18.50051768866470070 ) ) ;
#938 = ORIENTED_EDGE ( 'NONE', *, *, #6063, .F. ) ;
#939 = CARTESIAN_POINT ( 'NONE',  ( 1.188942992817430211, 6.149948524861880372, 7.568248772192540663 ) ) ;
#940 = PLANE ( 'NONE',  #6675 ) ;
#941 = EDGE_CURVE ( 'NONE', #4971, #1019, #3782, .T. ) ;
#942 = ORIENTED_EDGE ( 'NONE', *, *, #2891, .F. ) ;
#943 = CARTESIAN_POINT ( 'NONE',  ( 1.973283754570961834, 3.124216632767869317, 7.017021574292158448 ) ) ;
#944 = AXIS2_PLACEMENT_3D ( 'NONE', #8622, #1767, #951 ) ;
#945 = EDGE_CURVE ( 'NONE', #7026, #6588, #5182, .T. ) ;
#946 = DIRECTION ( 'NONE',  ( 0.000000000000000000, 0.000000000000000000, -1.000000000000000000 ) ) ;
#947 = FACE_OUTER_BOUND ( 'NONE', #8466, .T. ) ;
#948 = ORIENTED_EDGE ( 'NONE', *, *, #53, .T. ) ;
#949 = DIRECTION ( 'NONE',  ( 0.5773502691896253980, -0.5773502691896248429, -0.5773502691896270633 ) ) ;
#950 = VECTOR ( 'NONE', #6024, 1000.000000000000000 ) ;
#951 = DIRECTION ( 'NONE',  ( 0.000000000000000000, 0.000000000000000000, -1.000000000000000000 ) ) ;
#952 = CARTESIAN_POINT ( 'NONE',  ( 2.449999999999999734, 6.049999999999999822, 0.000000000000000000 ) ) ;
#953 = DIRECTION ( 'NONE',  ( 0.000000000000000000, 0.000000000000000000, 1.000000000000000000 ) ) ;
#954 = ORIENTED_EDGE ( 'NONE', *, *, #6460, .T. ) ;
#955 = CARTESIAN_POINT ( 'NONE',  ( 1.409215143080512211, 6.150000000000000355, 7.950744726028309728 ) ) ;
#956 = CARTESIAN_POINT ( 'NONE',  ( 1.904301941235367446, 6.149999999999999467, 11.07468169132016023 ) ) ;
#957 = EDGE_LOOP ( 'NONE', ( #8533, #3284, #1175, #720, #2706 ) ) ;
#958 = CARTESIAN_POINT ( 'NONE',  ( -1.899189142059919844, 2.652588443323439904, 7.799999999999999822 ) ) ;
#959 =( BOUNDED_CURVE ( )  B_SPLINE_CURVE ( 3, ( #8017, #6568, #1843, #3200 ),
 .UNSPECIFIED., .F., .F. ) 
 B_SPLINE_CURVE_WITH_KNOTS ( ( 4, 4 ),
 ( 2.356194490192352387, 3.141592653589837081 ),
 .UNSPECIFIED. ) 
 CURVE ( )  GEOMETRIC_REPRESENTATION_ITEM ( )  RATIONAL_B_SPLINE_CURVE ( ( 1.000000000000000000, 0.9492530216741865701, 0.9492530216741865701, 1.000000000000000000 ) ) 
 REPRESENTATION_ITEM ( '' )  );
#960 = CARTESIAN_POINT ( 'NONE',  ( 1.797125307504618297, 6.150000000000001243, 7.725373902758052580 ) ) ;
#961 = EDGE_CURVE ( 'NONE', #1654, #8788, #3631, .T. ) ;
#962 = DIRECTION ( 'NONE',  ( 0.000000000000000000, 0.000000000000000000, -1.000000000000000000 ) ) ;
#963 = DIRECTION ( 'NONE',  ( -0.7071067811865501263, -6.064755902340790428E-15, -0.7071067811865449082 ) ) ;
#964 = DIRECTION ( 'NONE',  ( 1.000000000000000000, 0.000000000000000000, 0.000000000000000000 ) ) ;
#965 = LINE ( 'NONE', #2229, #1144 ) ;
#966 = ORIENTED_EDGE ( 'NONE', *, *, #8190, .F. ) ;
#967 = VECTOR ( 'NONE', #5193, 1000.000000000000000 ) ;
#968 = B_SPLINE_CURVE_WITH_KNOTS ( 'NONE', 3,
 ( #3167, #2401, #1857, #5774, #280, #3074, #4605, #3027, #7986, #1814, #8531 ),
 .UNSPECIFIED., .F., .F.,
 ( 4, 1, 1, 1, 2, 2, 4 ),
 ( 0.000000000000000000, 0.2500000000000058842, 0.3750000000000097145, 0.4375000000000112133, 0.4687500000000123235, 0.5000000000000134337, 1.000000000000000000 ),
 .UNSPECIFIED. ) ;
#969 = ORIENTED_EDGE ( 'NONE', *, *, #2211, .F. ) ;
#970 = EDGE_CURVE ( 'NONE', #6000, #6252, #2330, .T. ) ;
#971 = ORIENTED_EDGE ( 'NONE', *, *, #3113, .F. ) ;
#972 = ORIENTED_EDGE ( 'NONE', *, *, #4641, .T. ) ;
#973 = VERTEX_POINT ( 'NONE', #6277 ) ;
#974 = CARTESIAN_POINT ( 'NONE',  ( 1.785069973479512795, 6.149999999999997691, 7.404884279894065280 ) ) ;
#975 = AXIS2_PLACEMENT_3D ( 'NONE', #4796, #3622, #8359 ) ;
#976 = VECTOR ( 'NONE', #3478, 1000.000000000000000 ) ;
#977 = CARTESIAN_POINT ( 'NONE',  ( 1.135728513364286929, 6.150000000000000355, 9.105525942587588517 ) ) ;
#978 = CARTESIAN_POINT ( 'NONE',  ( -2.250000000000000000, 3.050000000000000266, 12.14999999999999858 ) ) ;
#979 = ORIENTED_EDGE ( 'NONE', *, *, #6747, .F. ) ;
#980 = EDGE_CURVE ( 'NONE', #6274, #7322, #605, .T. ) ;
#981 = EDGE_CURVE ( 'NONE', #149, #8054, #1107, .T. ) ;
#982 = PLANE ( 'NONE',  #8275 ) ;
#983 = DIRECTION ( 'NONE',  ( -4.625929269271449429E-16, 1.000000000000000000, -4.625929269271489858E-16 ) ) ;
#984 = AXIS2_PLACEMENT_3D ( 'NONE', #130, #6242, #4224 ) ;
#985 = VECTOR ( 'NONE', #1894, 1000.000000000000000 ) ;
#986 = VERTEX_POINT ( 'NONE', #3720 ) ;
#987 = DIRECTION ( 'NONE',  ( 5.551115123125780336E-15, 0.000000000000000000, 1.000000000000000000 ) ) ;
#988 = ORIENTED_EDGE ( 'NONE', *, *, #526, .T. ) ;
#989 = DIRECTION ( 'NONE',  ( 0.000000000000000000, 0.000000000000000000, -1.000000000000000000 ) ) ;
#990 = CARTESIAN_POINT ( 'NONE',  ( 1.444210419635790110, 6.149899536118099697, 10.20277069151480021 ) ) ;
#991 = EDGE_LOOP ( 'NONE', ( #692, #1331, #3283, #1981 ) ) ;
#992 = CARTESIAN_POINT ( 'NONE',  ( 0.1093513136794850016, 0.1499999999999999944, 18.39999999999999858 ) ) ;
#993 = AXIS2_PLACEMENT_3D ( 'NONE', #7989, #3260, #1187 ) ;
#994 = CARTESIAN_POINT ( 'NONE',  ( 1.257014306635659828, 6.150000000000000355, 8.896449764431599405 ) ) ;
#995 = DIRECTION ( 'NONE',  ( 1.000000000000000000, 0.000000000000000000, 0.000000000000000000 ) ) ;
#996 = ORIENTED_EDGE ( 'NONE', *, *, #7520, .T. ) ;
#997 = CARTESIAN_POINT ( 'NONE',  ( 1.257014306635649836, 6.149950000282250251, 10.83243034433339957 ) ) ;
#998 = CARTESIAN_POINT ( 'NONE',  ( -1.000000000000000000, -6.150000000000000355, 0.000000000000000000 ) ) ;
#999 = EDGE_CURVE ( 'NONE', #2255, #7658, #123, .T. ) ;
#1000 = B_SPLINE_CURVE_WITH_KNOTS ( 'NONE', 3,
 ( #2934, #5677, #2258, #3560 ),
 .UNSPECIFIED., .F., .F.,
 ( 4, 4 ),
 ( 0.000000000000000000, 1.000000000000000000 ),
 .UNSPECIFIED. ) ;
#1001 = CARTESIAN_POINT ( 'NONE',  ( -0.1029208345352116277, 0.1619462978953498666, 0.5999999999999999778 ) ) ;
#1002 = CARTESIAN_POINT ( 'NONE',  ( -0.4302828521505689952, 5.349999999999999645, 15.90000000000000036 ) ) ;
#1003 = VECTOR ( 'NONE', #1465, 1000.000000000000114 ) ;
#1004 = FACE_OUTER_BOUND ( 'NONE', #3145, .T. ) ;
#1005 = ORIENTED_EDGE ( 'NONE', *, *, #6586, .F. ) ;
#1006 = CARTESIAN_POINT ( 'NONE',  ( 1.718926793259370145, 6.149950000000000472, 9.704391429631320065 ) ) ;
#1007 = DIRECTION ( 'NONE',  ( 0.000000000000000000, 0.000000000000000000, -1.000000000000000000 ) ) ;
#1008 = ORIENTED_EDGE ( 'NONE', *, *, #4322, .F. ) ;
#1009 = DIRECTION ( 'NONE',  ( 0.000000000000000000, 0.000000000000000000, 1.000000000000000000 ) ) ;
#1010 = EDGE_CURVE ( 'NONE', #2299, #4797, #2870, .T. ) ;
#1011 = CARTESIAN_POINT ( 'NONE',  ( -2.040305328863119882, 3.050000000000000266, 12.14999999999999858 ) ) ;
#1012 = CARTESIAN_POINT ( 'NONE',  ( 1.902881415125309061, 6.150000000000000355, 9.510712334362780851 ) ) ;
#1013 = CARTESIAN_POINT ( 'NONE',  ( -0.4302828521505699944, 5.349999999999999645, 12.30000000000000071 ) ) ;
#1014 = EDGE_CURVE ( 'NONE', #2487, #8743, #298, .T. ) ;
#1015 = CARTESIAN_POINT ( 'NONE',  ( -0.3250000000000000111, -2.899999999999999911, 5.200000000000000178 ) ) ;
#1016 = ORIENTED_EDGE ( 'NONE', *, *, #4405, .T. ) ;
#1017 = STYLED_ITEM ( 'NONE', ( #1855 ), #5398 ) ;
#1018 = VERTEX_POINT ( 'NONE', #8371 ) ;
#1019 = VERTEX_POINT ( 'NONE', #836 ) ;
#1020 = EDGE_LOOP ( 'NONE', ( #1066, #6310, #7336, #3749 ) ) ;
#1021 = CARTESIAN_POINT ( 'NONE',  ( 2.550000000000000266, 6.149899999999999700, 0.000000000000000000 ) ) ;
#1022 = CARTESIAN_POINT ( 'NONE',  ( -2.449999999999999734, 6.049999999999999822, 0.000000000000000000 ) ) ;
#1023 = ADVANCED_FACE ( 'NONE', ( #3583 ), #163, .F. ) ;
#1024 = PRODUCT_DEFINITION_FORMATION_WITH_SPECIFIED_SOURCE ( 'ANY', '', #1952, .NOT_KNOWN. ) ;
#1025 = AXIS2_PLACEMENT_3D ( 'NONE', #8020, #1845, #4588 ) ;
#1026 = EDGE_CURVE ( 'NONE', #770, #3557, #8382, .T. ) ;
#1027 = DIRECTION ( 'NONE',  ( 0.000000000000000000, 0.000000000000000000, -1.000000000000000000 ) ) ;
#1028 = ADVANCED_FACE ( 'NONE', ( #4530 ), #1159, .T. ) ;
#1029 = EDGE_CURVE ( 'NONE', #2487, #4470, #5504, .T. ) ;
#1030 = VERTEX_POINT ( 'NONE', #1112 ) ;
#1031 = DIRECTION ( 'NONE',  ( 1.355252715606880049E-16, -0.7071067811865465735, 0.7071067811865485719 ) ) ;
#1032 = CARTESIAN_POINT ( 'NONE',  ( 1.672735544596990032, 6.149899999999999700, 11.19142548744630083 ) ) ;
#1033 = ORIENTED_EDGE ( 'NONE', *, *, #2504, .T. ) ;
#1034 = AXIS2_PLACEMENT_3D ( 'NONE', #6419, #1027, #7964 ) ;
#1035 = LINE ( 'NONE', #7924, #8886 ) ;
#1036 = EDGE_LOOP ( 'NONE', ( #8414, #2327, #3010, #7019, #2139 ) ) ;
#1037 = CARTESIAN_POINT ( 'NONE',  ( -1.998671453395229891, 2.642426271735430099, 11.29999999999999893 ) ) ;
#1038 = CIRCLE ( 'NONE', #2615, 0.09999999999999982514 ) ;
#1039 = FACE_OUTER_BOUND ( 'NONE', #2294, .T. ) ;
#1040 = VERTEX_POINT ( 'NONE', #3806 ) ;
#1041 = FACE_OUTER_BOUND ( 'NONE', #47, .T. ) ;
#1042 = FACE_OUTER_BOUND ( 'NONE', #5596, .T. ) ;
#1043 = DIRECTION ( 'NONE',  ( -1.000000000000000000, 0.000000000000000000, 0.000000000000000000 ) ) ;
#1044 = EDGE_LOOP ( 'NONE', ( #6867, #1649, #4277, #1051 ) ) ;
#1045 = AXIS2_PLACEMENT_3D ( 'NONE', #1929, #6618, #4500 ) ;
#1046 = CARTESIAN_POINT ( 'NONE',  ( 0.6302828521505700055, 6.150000000000000355, 12.09999999999999964 ) ) ;
#1047 = DIRECTION ( 'NONE',  ( 0.000000000000000000, -1.000000000000000000, 0.000000000000000000 ) ) ;
#1048 = PRODUCT_RELATED_PRODUCT_CATEGORY ( 'part', '', ( #3964 ) ) ;
#1049 = CARTESIAN_POINT ( 'NONE',  ( 1.747154041565851079, 6.149999999999999467, 8.388769053561913935 ) ) ;
#1050 = DIRECTION ( 'NONE',  ( 0.000000000000000000, 0.000000000000000000, 1.000000000000000000 ) ) ;
#1051 = ORIENTED_EDGE ( 'NONE', *, *, #5266, .F. ) ;
#1052 = DIRECTION ( 'NONE',  ( 1.000000000000000000, 0.000000000000000000, 0.000000000000000000 ) ) ;
#1053 = CARTESIAN_POINT ( 'NONE',  ( 1.953160138207325147, 3.104276165581515201, 12.06285480934420562 ) ) ;
#1054 = VECTOR ( 'NONE', #8267, 1000.000000000000114 ) ;
#1055 = ORIENTED_EDGE ( 'NONE', *, *, #2069, .F. ) ;
#1056 = CARTESIAN_POINT ( 'NONE',  ( 1.029289321881347030, 3.120710678118655323, 18.82928932188134752 ) ) ;
#1057 = DIRECTION ( 'NONE',  ( 1.000000000000000000, 0.000000000000000000, 0.000000000000000000 ) ) ;
#1058 = B_SPLINE_CURVE_WITH_KNOTS ( 'NONE', 3,
 ( #1771, #5325, #4609, #1006 ),
 .UNSPECIFIED., .F., .F.,
 ( 4, 4 ),
 ( 0.000000000000000000, 1.000000000000000000 ),
 .UNSPECIFIED. ) ;
#1059 = CARTESIAN_POINT ( 'NONE',  ( 0.3250000000000000111, -6.817157287525379417, 0.2000000000000000111 ) ) ;
#1060 = CARTESIAN_POINT ( 'NONE',  ( 1.919899243579860304, 6.150000000000001243, 9.923536823409692786 ) ) ;
#1061 = LINE ( 'NONE', #5872, #6134 ) ;
#1062 = CARTESIAN_POINT ( 'NONE',  ( 1.597370875726820127, 6.150000000000000355, 7.780566441482740458 ) ) ;
#1063 = EDGE_LOOP ( 'NONE', ( #6527, #4233, #2796, #2864, #7791, #532, #5248, #6956, #4100, #8508, #716, #3376, #7389, #8481, #6155, #2843, #1005, #1263, #8262, #5716, #1516, #6753, #5160, #3491 ) ) ;
#1064 = EDGE_CURVE ( 'NONE', #4736, #5393, #3762, .T. ) ;
#1065 = VERTEX_POINT ( 'NONE', #8647 ) ;
#1066 = ORIENTED_EDGE ( 'NONE', *, *, #7189, .F. ) ;
#1067 = ORIENTED_EDGE ( 'NONE', *, *, #2305, .F. ) ;
#1068 = AXIS2_PLACEMENT_3D ( 'NONE', #4938, #211, #1521 ) ;
#1069 = DIRECTION ( 'NONE',  ( -2.236166980751352106E-15, 0.6721300772424467773, -0.7404330889864813026 ) ) ;
#1070 = DIRECTION ( 'NONE',  ( 0.000000000000000000, 1.000000000000000000, 0.000000000000000000 ) ) ;
#1071 = CARTESIAN_POINT ( 'NONE',  ( 1.902881415125299958, 6.149950000000000472, 9.227892232903698755 ) ) ;
#1072 = EDGE_CURVE ( 'NONE', #38, #5482, #3894, .T. ) ;
#1073 = ORIENTED_EDGE ( 'NONE', *, *, #7634, .T. ) ;
#1074 = AXIS2_PLACEMENT_3D ( 'NONE', #5341, #1831, #4578 ) ;
#1075 = LINE ( 'NONE', #5212, #1807 ) ;
#1076 = DIRECTION ( 'NONE',  ( 0.000000000000000000, 0.000000000000000000, 1.000000000000000000 ) ) ;
#1077 = ORIENTED_EDGE ( 'NONE', *, *, #745, .F. ) ;
#1078 = FACE_OUTER_BOUND ( 'NONE', #7542, .T. ) ;
#1079 = ORIENTED_EDGE ( 'NONE', *, *, #8026, .F. ) ;
#1080 = CARTESIAN_POINT ( 'NONE',  ( 2.486583129958249927, 3.155963821530099800, 12.13205360778650110 ) ) ;
#1081 = CARTESIAN_POINT ( 'NONE',  ( 1.000000000000000000, 1.918970011072349990, 18.50000000000000000 ) ) ;
#1082 = DIRECTION ( 'NONE',  ( 0.000000000000000000, -1.000000000000000000, 0.000000000000000000 ) ) ;
#1083 = VECTOR ( 'NONE', #8378, 1000.000000000000000 ) ;
#1084 = CARTESIAN_POINT ( 'NONE',  ( 2.449999999999999734, 3.104252291860539970, 7.034004100065880394 ) ) ;
#1085 = CARTESIAN_POINT ( 'NONE',  ( 2.040305328863119882, 3.149999999999999911, 18.59999999999999787 ) ) ;
#1086 = ORIENTED_EDGE ( 'NONE', *, *, #2660, .F. ) ;
#1087 = B_SPLINE_CURVE_WITH_KNOTS ( 'NONE', 3,
 ( #8001, #8641, #2451, #3086 ),
 .UNSPECIFIED., .F., .F.,
 ( 4, 4 ),
 ( 0.000000000000000000, 1.000000000000000000 ),
 .UNSPECIFIED. ) ;
#1088 = DIRECTION ( 'NONE',  ( -1.000000000000000000, 0.000000000000000000, 0.000000000000000000 ) ) ;
#1089 = VECTOR ( 'NONE', #374, 1000.000000000000000 ) ;
#1090 = CARTESIAN_POINT ( 'NONE',  ( 2.520710678118654791, 6.120710678118654435, 0.1000000000000000056 ) ) ;
#1091 = CARTESIAN_POINT ( 'NONE',  ( 1.856690166462940050, 6.149899994780049894, 6.841344385347849943 ) ) ;
#1092 = CARTESIAN_POINT ( 'NONE',  ( -0.3250000000000000111, 7.900000000000000355, 0.000000000000000000 ) ) ;
#1093 = AXIS2_PLACEMENT_3D ( 'NONE', #678, #1445, #92 ) ;
#1094 = ORIENTED_EDGE ( 'NONE', *, *, #586, .T. ) ;
#1095 = CARTESIAN_POINT ( 'NONE',  ( 1.490671792559338460, 6.150000000000000355, 12.05528287471100057 ) ) ;
#1096 = CARTESIAN_POINT ( 'NONE',  ( 1.010285042102434083, 3.101706398339743487, 0.5897149578975662276 ) ) ;
#1097 = ORIENTED_EDGE ( 'NONE', *, *, #8077, .F. ) ;
#1098 = DIRECTION ( 'NONE',  ( 0.000000000000000000, 0.000000000000000000, -1.000000000000000000 ) ) ;
#1099 = CARTESIAN_POINT ( 'NONE',  ( 1.750970056216453408, 6.150000000000000355, 7.540696097551820465 ) ) ;
#1100 = CARTESIAN_POINT ( 'NONE',  ( 2.449999999999999734, 3.250000000000000000, 19.00000000000000000 ) ) ;
#1101 = CARTESIAN_POINT ( 'NONE',  ( 1.810769042061743717, 6.150000000000000355, 9.697098074579370675 ) ) ;
#1102 = AXIS2_PLACEMENT_3D ( 'NONE', #129, #7197, #8467 ) ;
#1103 = DIRECTION ( 'NONE',  ( 1.000000000000000000, 0.000000000000000000, 0.000000000000000000 ) ) ;
#1104 = CARTESIAN_POINT ( 'NONE',  ( 1.589939503837991319, 6.150000000000001243, 10.20277069151480198 ) ) ;
#1105 = ADVANCED_FACE ( 'NONE', ( #7916, #6557 ), #6608, .T. ) ;
#1106 = ORIENTED_EDGE ( 'NONE', *, *, #198, .F. ) ;
#1107 = B_SPLINE_CURVE_WITH_KNOTS ( 'NONE', 3,
 ( #6468, #7867, #6374, #2914, #1520, #4440, #3538, #7146 ),
 .UNSPECIFIED., .F., .F.,
 ( 4, 2, 2, 4 ),
 ( -0.0001414208978890769844, 0.000000000000000000, 0.006169886263806820433, 0.006601258133709421612 ),
 .UNSPECIFIED. ) ;
#1108 = EDGE_LOOP ( 'NONE', ( #2863, #95, #4398, #5109, #5789, #8231 ) ) ;
#1109 = CARTESIAN_POINT ( 'NONE',  ( 1.152476217557659943, 6.150000000000000355, 9.105525942587588517 ) ) ;
#1110 = ORIENTED_EDGE ( 'NONE', *, *, #6072, .F. ) ;
#1111 = VERTEX_POINT ( 'NONE', #393 ) ;
#1112 = CARTESIAN_POINT ( 'NONE',  ( -1.000000000000000000, 3.050000000000000266, 18.50000000000000000 ) ) ;
#1113 = ADVANCED_FACE ( 'NONE', ( #5964 ), #8736, .T. ) ;
#1114 = CARTESIAN_POINT ( 'NONE',  ( -1.940478040866316256, 3.056785031638665995, 18.50017271200319868 ) ) ;
#1115 = CARTESIAN_POINT ( 'NONE',  ( 1.152476217557659943, 6.150000000000000355, 9.227892232903698755 ) ) ;
#1116 = AXIS2_PLACEMENT_3D ( 'NONE', #5599, #2003, #8177 ) ;
#1117 = VERTEX_POINT ( 'NONE', #3899 ) ;
#1118 = DIRECTION ( 'NONE',  ( -1.000000000000000000, 0.000000000000000000, 0.000000000000000000 ) ) ;
#1119 = CARTESIAN_POINT ( 'NONE',  ( 1.152476217557649951, 6.149899999999999700, 11.19142548744630083 ) ) ;
#1120 = VERTEX_POINT ( 'NONE', #1874 ) ;
#1121 = CARTESIAN_POINT ( 'NONE',  ( -0.1093513136794850016, -6.150000000000000355, 18.50000000000000000 ) ) ;
#1122 = ORIENTED_EDGE ( 'NONE', *, *, #8003, .T. ) ;
#1123 = AXIS2_PLACEMENT_3D ( 'NONE', #2137, #155, #7904 ) ;
#1124 = AXIS2_PLACEMENT_3D ( 'NONE', #2590, #5876, #5961 ) ;
#1125 = DIRECTION ( 'NONE',  ( 2.775557561562890168E-15, 0.000000000000000000, -1.000000000000000000 ) ) ;
#1126 = CARTESIAN_POINT ( 'NONE',  ( 1.760255805220430014, 6.149899978043109172, 11.04717913197429802 ) ) ;
#1127 = AXIS2_PLACEMENT_3D ( 'NONE', #2885, #4998, #7164 ) ;
#1128 = CIRCLE ( 'NONE', #4428, 0.1000000000000000056 ) ;
#1129 = FACE_OUTER_BOUND ( 'NONE', #6632, .T. ) ;
#1130 = EDGE_CURVE ( 'NONE', #770, #1426, #6505, .T. ) ;
#1131 = CARTESIAN_POINT ( 'NONE',  ( 1.214874921891039961, 6.149899831514429316, 6.911036444733179351 ) ) ;
#1132 = ORIENTED_EDGE ( 'NONE', *, *, #3632, .F. ) ;
#1133 = CARTESIAN_POINT ( 'NONE',  ( 0.8583108971288709865, 6.149899999999999700, 9.552851719107401607 ) ) ;
#1134 = AXIS2_PLACEMENT_3D ( 'NONE', #3884, #6630, #1052 ) ;
#1135 = VECTOR ( 'NONE', #4944, 999.9999999999998863 ) ;
#1136 = EDGE_CURVE ( 'NONE', #6420, #3587, #5281, .T. ) ;
#1137 = EDGE_CURVE ( 'NONE', #8252, #4049, #3618, .T. ) ;
#1138 = ADVANCED_FACE ( 'NONE', ( #3854 ), #435, .T. ) ;
#1139 = CARTESIAN_POINT ( 'NONE',  ( -1.973283754570961834, 3.124216632767869317, 0.5670215742921581592 ) ) ;
#1140 = EDGE_CURVE ( 'NONE', #5557, #7980, #3190, .T. ) ;
#1141 = DIRECTION ( 'NONE',  ( 0.000000000000000000, 0.000000000000000000, 1.000000000000000000 ) ) ;
#1142 = ADVANCED_FACE ( 'NONE', ( #1744 ), #1830, .T. ) ;
#1143 = CARTESIAN_POINT ( 'NONE',  ( 1.801057694090995254, 6.150000000000000355, 10.89095557311795481 ) ) ;
#1144 = VECTOR ( 'NONE', #6367, 1000.000000000000000 ) ;
#1145 = ORIENTED_EDGE ( 'NONE', *, *, #746, .F. ) ;
#1146 = DIRECTION ( 'NONE',  ( 0.000000000000000000, -1.000000000000000000, 0.000000000000000000 ) ) ;
#1147 = CARTESIAN_POINT ( 'NONE',  ( -2.040305328863119882, 3.050000000000000266, 7.049999999999999822 ) ) ;
#1148 = ORIENTED_EDGE ( 'NONE', *, *, #7901, .F. ) ;
#1149 = LINE ( 'NONE', #2581, #1740 ) ;
#1150 = CARTESIAN_POINT ( 'NONE',  ( 0.3250000000000000111, -6.817157287525379417, 0.000000000000000000 ) ) ;
#1151 = FACE_OUTER_BOUND ( 'NONE', #4663, .T. ) ;
#1152 = DIRECTION ( 'NONE',  ( -0.7071067811865594521, 0.000000000000000000, -0.7071067811865355823 ) ) ;
#1153 = CARTESIAN_POINT ( 'NONE',  ( -2.406762870324489878, 2.701259896718680054, 12.05000000000000071 ) ) ;
#1154 = ORIENTED_EDGE ( 'NONE', *, *, #7909, .F. ) ;
#1155 = ORIENTED_EDGE ( 'NONE', *, *, #3905, .T. ) ;
#1156 = CARTESIAN_POINT ( 'NONE',  ( -2.520710678118654791, 6.120710678118654435, 0.1000000000000000056 ) ) ;
#1157 = ORIENTED_EDGE ( 'NONE', *, *, #7839, .T. ) ;
#1158 = DIRECTION ( 'NONE',  ( 0.000000000000000000, 0.000000000000000000, 1.000000000000000000 ) ) ;
#1159 = SPHERICAL_SURFACE ( 'NONE', #2477, 0.1000000000000000056 ) ;
#1160 = CARTESIAN_POINT ( 'NONE',  ( 1.000000000000000000, 1.004596597366330002, 18.80000000000000071 ) ) ;
#1161 = CARTESIAN_POINT ( 'NONE',  ( 1.902881415125299958, 6.150000000000000355, 9.101474078669850698 ) ) ;
#1162 = ORIENTED_EDGE ( 'NONE', *, *, #3818, .T. ) ;
#1163 = PLANE ( 'NONE',  #5828 ) ;
#1164 = CARTESIAN_POINT ( 'NONE',  ( 0.6617312721318370228, 0.9872694591751948190, 18.50000000000000000 ) ) ;
#1165 = EDGE_LOOP ( 'NONE', ( #4073, #6938, #737, #1363, #4002 ) ) ;
#1166 = ORIENTED_EDGE ( 'NONE', *, *, #2779, .T. ) ;
#1167 = CARTESIAN_POINT ( 'NONE',  ( 0.000000000000000000, 0.000000000000000000, 0.000000000000000000 ) ) ;
#1168 = COLOUR_RGB ( '',0.7490196078431372584, 0.7490196078431372584, 0.7490196078431372584 ) ;
#1169 = CARTESIAN_POINT ( 'NONE',  ( 1.275000000000000133, 6.049999999999999822, 19.00000000000000000 ) ) ;
#1170 = LINE ( 'NONE', #6663, #4472 ) ;
#1171 = VERTEX_POINT ( 'NONE', #2592 ) ;
#1172 = DIRECTION ( 'NONE',  ( -1.000000000000000000, 0.000000000000000000, 0.000000000000000000 ) ) ;
#1173 = VECTOR ( 'NONE', #4815, 1000.000000000000000 ) ;
#1174 = LINE ( 'NONE', #169, #4577 ) ;
#1175 = ORIENTED_EDGE ( 'NONE', *, *, #4819, .F. ) ;
#1176 = EDGE_CURVE ( 'NONE', #547, #6978, #8265, .T. ) ;
#1177 = CARTESIAN_POINT ( 'NONE',  ( -2.040305328863119882, 3.120710678118654435, 12.07928932188134397 ) ) ;
#1178 =( NAMED_UNIT ( * ) SI_UNIT ( $, .STERADIAN. ) SOLID_ANGLE_UNIT ( ) );
#1179 = ADVANCED_FACE ( 'NONE', ( #8309 ), #3351, .F. ) ;
#1180 = AXIS2_PLACEMENT_3D ( 'NONE', #8207, #4689, #679 ) ;
#1181 = VECTOR ( 'NONE', #7926, 1000.000000000000000 ) ;
#1182 = EDGE_CURVE ( 'NONE', #2291, #6820, #1886, .T. ) ;
#1183 = CARTESIAN_POINT ( 'NONE',  ( -1.100000000000000089, 3.149999999999999911, 0.2000000000000000111 ) ) ;
#1184 = DIRECTION ( 'NONE',  ( 0.000000000000000000, -1.000000000000000000, 0.000000000000000000 ) ) ;
#1185 = ORIENTED_EDGE ( 'NONE', *, *, #8436, .T. ) ;
#1186 = VERTEX_POINT ( 'NONE', #2640 ) ;
#1187 = DIRECTION ( 'NONE',  ( 0.000000000000000000, 0.000000000000000000, -1.000000000000000000 ) ) ;
#1188 = B_SPLINE_CURVE_WITH_KNOTS ( 'NONE', 3,
 ( #79, #886, #3451, #4895 ),
 .UNSPECIFIED., .F., .F.,
 ( 4, 4 ),
 ( 0.000000000000000000, 1.000000000000000000 ),
 .UNSPECIFIED. ) ;
#1189 = CARTESIAN_POINT ( 'NONE',  ( 0.3250000000000000111, -6.817157287525379417, 0.000000000000000000 ) ) ;
#1190 = CARTESIAN_POINT ( 'NONE',  ( -1.275000000000000133, 3.149999999999999911, 0.5000000000000000000 ) ) ;
#1191 = DIRECTION ( 'NONE',  ( 1.000000000000000000, 0.000000000000000000, 0.000000000000000000 ) ) ;
#1192 = AXIS2_PLACEMENT_3D ( 'NONE', #6994, #4201, #2135 ) ;
#1193 = CARTESIAN_POINT ( 'NONE',  ( 1.940131718096663960, 3.053394713998915933, 7.049999999999998934 ) ) ;
#1194 = EDGE_CURVE ( 'NONE', #5214, #2362, #4114, .T. ) ;
#1195 = EDGE_CURVE ( 'NONE', #1968, #4449, #2038, .T. ) ;
#1196 = CARTESIAN_POINT ( 'NONE',  ( 1.789380856894645655, 6.150000000000001243, 10.39413964686547764 ) ) ;
#1197 = EDGE_CURVE ( 'NONE', #4891, #4866, #2678, .T. ) ;
#1198 = CARTESIAN_POINT ( 'NONE',  ( 1.614388704181369816, 6.150000000000000355, 10.60471559215579873 ) ) ;
#1199 = DIRECTION ( 'NONE',  ( -1.000000000000000000, 0.000000000000000000, -2.775557561562890168E-15 ) ) ;
#1200 = ORIENTED_EDGE ( 'NONE', *, *, #3434, .F. ) ;
#1201 = AXIS2_PLACEMENT_3D ( 'NONE', #1547, #7663, #4918 ) ;
#1202 = ORIENTED_EDGE ( 'NONE', *, *, #4660, .T. ) ;
#1203 = DIRECTION ( 'NONE',  ( -0.7071067811865480168, 0.7071067811865470176, 0.000000000000000000 ) ) ;
#1204 = ORIENTED_EDGE ( 'NONE', *, *, #941, .T. ) ;
#1205 = ORIENTED_EDGE ( 'NONE', *, *, #2217, .F. ) ;
#1206 = DIRECTION ( 'NONE',  ( -9.251858538542969855E-16, -1.000000000000000000, 0.000000000000000000 ) ) ;
#1207 = CARTESIAN_POINT ( 'NONE',  ( -1.909351313647939863, 2.752070754658749951, 12.05000000000000071 ) ) ;
#1208 = FACE_OUTER_BOUND ( 'NONE', #8254, .T. ) ;
#1209 = ORIENTED_EDGE ( 'NONE', *, *, #7024, .T. ) ;
#1210 = CARTESIAN_POINT ( 'NONE',  ( -0.5000000000000000000, -6.150000000000000355, 18.50000000000000000 ) ) ;
#1211 = CARTESIAN_POINT ( 'NONE',  ( -1.998671453395229891, 2.642426271735430099, 6.025000000000000355 ) ) ;
#1212 = VERTEX_POINT ( 'NONE', #5465 ) ;
#1213 = ORIENTED_EDGE ( 'NONE', *, *, #5317, .F. ) ;
#1214 = DIRECTION ( 'NONE',  ( -0.8347092563978357749, 0.5506908908668928238, 0.000000000000000000 ) ) ;
#1215 = CARTESIAN_POINT ( 'NONE',  ( 1.939784946236559948, 3.050000000000000266, 0.5999999999999999778 ) ) ;
#1216 = CARTESIAN_POINT ( 'NONE',  ( 0.3250000000000000111, -7.576999999999999957, -0.6769999999999999352 ) ) ;
#1217 = VECTOR ( 'NONE', #1615, 1000.000000000000000 ) ;
#1218 = ORIENTED_EDGE ( 'NONE', *, *, #3941, .F. ) ;
#1219 = CYLINDRICAL_SURFACE ( 'NONE', #805, 0.2000000000000002887 ) ;
#1220 = DIRECTION ( 'NONE',  ( -1.000000000000000000, 0.000000000000000000, 0.000000000000000000 ) ) ;
#1221 = ORIENTED_EDGE ( 'NONE', *, *, #2812, .F. ) ;
#1222 = CARTESIAN_POINT ( 'NONE',  ( -1.969594650744465048, 3.120710678118654879, 0.5707106781186547240 ) ) ;
#1223 = EDGE_CURVE ( 'NONE', #158, #1344, #4070, .T. ) ;
#1224 = CARTESIAN_POINT ( 'NONE',  ( -0.4302828521505729920, 5.349999999999999645, 3.200000000000000178 ) ) ;
#1225 = CARTESIAN_POINT ( 'NONE',  ( 1.917468125229199849, 6.149899987271909119, 10.97262483588770010 ) ) ;
#1226 = ORIENTED_EDGE ( 'NONE', *, *, #3229, .T. ) ;
#1227 = VERTEX_POINT ( 'NONE', #1964 ) ;
#1228 = DIRECTION ( 'NONE',  ( 1.000000000000000000, 0.000000000000000000, 0.000000000000000000 ) ) ;
#1229 = CARTESIAN_POINT ( 'NONE',  ( 1.969594650744465048, 3.120710678118653991, 12.07928932188134397 ) ) ;
#1230 = VECTOR ( 'NONE', #776, 1000.000000000000000 ) ;
#1231 = DIRECTION ( 'NONE',  ( 0.000000000000000000, 0.7071067811865344721, -0.7071067811865605623 ) ) ;
#1232 = DIRECTION ( 'NONE',  ( -1.000000000000000000, 0.000000000000000000, 0.000000000000000000 ) ) ;
#1233 = CARTESIAN_POINT ( 'NONE',  ( 2.449999999999999734, 3.120710678118654435, 12.07928932188134397 ) ) ;
#1234 = CARTESIAN_POINT ( 'NONE',  ( 1.294291454678980102, 6.149949536118089810, 7.285428670733460343 ) ) ;
#1235 = VECTOR ( 'NONE', #5048, 1000.000000000000114 ) ;
#1236 = CIRCLE ( 'NONE', #6256, 0.09999999999999982514 ) ;
#1237 = CARTESIAN_POINT ( 'NONE',  ( -1.502601913132799893, -6.150000000000000355, 7.799999999999999822 ) ) ;
#1238 = PRODUCT_DEFINITION_SHAPE ( 'NONE', 'NONE',  #6098 ) ;
#1239 = DIRECTION ( 'NONE',  ( 0.1016217158801566017, -0.9948231133531090231, -2.818925648462310049E-16 ) ) ;
#1240 = EDGE_LOOP ( 'NONE', ( #3273, #5632, #579, #8425 ) ) ;
#1241 = VERTEX_POINT ( 'NONE', #7415 ) ;
#1242 = ADVANCED_FACE ( 'NONE', ( #6177 ), #8865, .F. ) ;
#1243 = LINE ( 'NONE', #3982, #8895 ) ;
#1244 = DIRECTION ( 'NONE',  ( 6.570407392573509247E-17, -1.000000000000000000, -6.570407392573499386E-17 ) ) ;
#1245 = AXIS2_PLACEMENT_3D ( 'NONE', #8070, #7430, #1890 ) ;
#1246 = DIRECTION ( 'NONE',  ( 0.000000000000000000, -0.3826834323650923908, -0.9238795325112856283 ) ) ;
#1247 = CARTESIAN_POINT ( 'NONE',  ( 1.235134241479800332, 6.150000000000000355, 7.201775968077800627 ) ) ;
#1248 = FACE_BOUND ( 'NONE', #832, .T. ) ;
#1249 = ADVANCED_FACE ( 'NONE', ( #4705 ), #8179, .T. ) ;
#1250 = EDGE_CURVE ( 'NONE', #5095, #84, #4791, .T. ) ;
#1251 = VERTEX_POINT ( 'NONE', #6224 ) ;
#1252 = ADVANCED_FACE ( 'NONE', ( #4835 ), #6811, .T. ) ;
#1253 = FACE_OUTER_BOUND ( 'NONE', #2913, .T. ) ;
#1254 = SURFACE_STYLE_FILL_AREA ( #2513 ) ;
#1255 = ADVANCED_FACE ( 'NONE', ( #1421 ), #4157, .F. ) ;
#1256 = ORIENTED_EDGE ( 'NONE', *, *, #1072, .F. ) ;
#1257 = ORIENTED_EDGE ( 'NONE', *, *, #5620, .F. ) ;
#1258 = CARTESIAN_POINT ( 'NONE',  ( 2.449999999999999734, 6.049999999999999822, 19.09999999999999787 ) ) ;
#1259 =( BOUNDED_CURVE ( )  B_SPLINE_CURVE ( 3, ( #8068, #2689, #5478, #7427 ),
 .UNSPECIFIED., .F., .F. ) 
 B_SPLINE_CURVE_WITH_KNOTS ( ( 4, 4 ),
 ( 4.712388980384688786, 4.814186421570675556 ),
 .UNSPECIFIED. ) 
 CURVE ( )  GEOMETRIC_REPRESENTATION_ITEM ( )  RATIONAL_B_SPLINE_CURVE ( ( 1.000000000000000000, 0.9991366264984999912, 0.9991366264984999912, 1.000000000000000000 ) ) 
 REPRESENTATION_ITEM ( '' )  );
#1260 = LINE ( 'NONE', #6144, #3506 ) ;
#1261 = DIRECTION ( 'NONE',  ( 0.7071067811865466846, 0.000000000000000000, -0.7071067811865483499 ) ) ;
#1262 = EDGE_CURVE ( 'NONE', #8582, #7991, #5552, .T. ) ;
#1263 = ORIENTED_EDGE ( 'NONE', *, *, #5699, .F. ) ;
#1264 = CARTESIAN_POINT ( 'NONE',  ( 1.214874921891029969, 6.149899831514429316, 9.766790133964699194 ) ) ;
#1265 = PLANE ( 'NONE',  #690 ) ;
#1266 = ORIENTED_EDGE ( 'NONE', *, *, #5813, .F. ) ;
#1267 = CARTESIAN_POINT ( 'NONE',  ( -2.449999999999999734, 3.050000000000000266, 6.949999999999999289 ) ) ;
#1268 = AXIS2_PLACEMENT_3D ( 'NONE', #8728, #8045, #4957 ) ;
#1269 = CIRCLE ( 'NONE', #8030, 0.1000000000000000749 ) ;
#1270 = DIRECTION ( 'NONE',  ( 1.000000000000000000, 1.314081478514699877E-16, 0.000000000000000000 ) ) ;
#1271 = FACE_OUTER_BOUND ( 'NONE', #1401, .T. ) ;
#1272 = ORIENTED_EDGE ( 'NONE', *, *, #233, .T. ) ;
#1273 = VERTEX_POINT ( 'NONE', #1290 ) ;
#1274 = LINE ( 'NONE', #6763, #6593 ) ;
#1275 = CIRCLE ( 'NONE', #2566, 0.09999999999999982514 ) ;
#1276 = AXIS2_PLACEMENT_3D ( 'NONE', #4684, #7516, #1982 ) ;
#1277 = EDGE_CURVE ( 'NONE', #1065, #7974, #6327, .T. ) ;
#1278 = CARTESIAN_POINT ( 'NONE',  ( -0.4302828521505729920, 5.349999999999999645, 3.200000000000000178 ) ) ;
#1279 = CARTESIAN_POINT ( 'NONE',  ( 1.915899864200879099, 6.149999999999998579, 8.495096952735403661 ) ) ;
#1280 = B_SPLINE_CURVE_WITH_KNOTS ( 'NONE', 3,
 ( #5605, #8408, #157, #4930 ),
 .UNSPECIFIED., .F., .F.,
 ( 4, 4 ),
 ( 0.000000000000000000, 1.000000000000000000 ),
 .UNSPECIFIED. ) ;
#1281 = VECTOR ( 'NONE', #3055, 1000.000000000000000 ) ;
#1282 = FACE_OUTER_BOUND ( 'NONE', #1739, .T. ) ;
#1283 = DIRECTION ( 'NONE',  ( 0.000000000000000000, -0.3826834323650923908, 0.9238795325112856283 ) ) ;
#1284 = ORIENTED_EDGE ( 'NONE', *, *, #8463, .T. ) ;
#1285 = EDGE_LOOP ( 'NONE', ( #2698, #6251, #4730, #6650 ) ) ;
#1286 = DIRECTION ( 'NONE',  ( 9.251858538542969855E-16, 1.000000000000000000, 0.000000000000000000 ) ) ;
#1287 = ADVANCED_FACE ( 'NONE', ( #5426 ), #3393, .F. ) ;
#1288 = DIRECTION ( 'NONE',  ( 0.000000000000000000, 0.7071067811865474617, 0.7071067811865474617 ) ) ;
#1289 = LINE ( 'NONE', #6090, #1862 ) ;
#1290 = CARTESIAN_POINT ( 'NONE',  ( 1.485539431596869964, 6.150000000000000355, 7.707632890963199479 ) ) ;
#1291 = FACE_OUTER_BOUND ( 'NONE', #4801, .T. ) ;
#1292 = EDGE_CURVE ( 'NONE', #2417, #1942, #3619, .T. ) ;
#1293 = DIRECTION ( 'NONE',  ( -1.000000000000000000, 0.000000000000000000, 0.000000000000000000 ) ) ;
#1294 = VERTEX_POINT ( 'NONE', #7808 ) ;
#1295 = DIRECTION ( 'NONE',  ( -4.625929269271449429E-16, 1.000000000000000000, -4.625929269271489858E-16 ) ) ;
#1296 = ORIENTED_EDGE ( 'NONE', *, *, #7299, .T. ) ;
#1297 = VERTEX_POINT ( 'NONE', #873 ) ;
#1299 = EDGE_CURVE ( 'NONE', #4607, #8339, #535, .T. ) ;
#1298 = LINE ( 'NONE', #8276, #4189 ) ;
#1300 = EDGE_CURVE ( 'NONE', #3591, #2138, #6215, .T. ) ;
#1301 = CARTESIAN_POINT ( 'NONE',  ( 1.918255173282310100, 6.149999999999998579, 7.043313537458531393 ) ) ;
#1302 = ADVANCED_FACE ( 'NONE', ( #7671 ), #919, .F. ) ;
#1303 = ADVANCED_FACE ( 'NONE', ( #4291 ), #2319, .T. ) ;
#1304 = EDGE_CURVE ( 'NONE', #5214, #158, #4378, .T. ) ;
#1305 = CARTESIAN_POINT ( 'NONE',  ( 1.010285042102434083, 3.101706398339743487, 0.2897149578975662942 ) ) ;
#1306 = EDGE_CURVE ( 'NONE', #6188, #5883, #153, .T. ) ;
#1307 = VERTEX_POINT ( 'NONE', #2272 ) ;
#1308 = CYLINDRICAL_SURFACE ( 'NONE', #4106, 0.1000000000000000749 ) ;
#1309 = CARTESIAN_POINT ( 'NONE',  ( -1.000000000000000000, 3.050000000000000266, 0.2999999999999999889 ) ) ;
#1310 = MECHANICAL_DESIGN_GEOMETRIC_PRESENTATION_REPRESENTATION (  '', ( #5183 ), #4752 ) ;
#1311 = ORIENTED_EDGE ( 'NONE', *, *, #4493, .F. ) ;
#1312 =( BOUNDED_CURVE ( )  B_SPLINE_CURVE ( 3, ( #3128, #425, #1193, #1689 ),
 .UNSPECIFIED., .F., .F. ) 
 B_SPLINE_CURVE_WITH_KNOTS ( ( 4, 4 ),
 ( 1.468998885608909788, 1.570796326794896558 ),
 .UNSPECIFIED. ) 
 CURVE ( )  GEOMETRIC_REPRESENTATION_ITEM ( )  RATIONAL_B_SPLINE_CURVE ( ( 1.000000000000000000, 0.9991366264984999912, 0.9991366264984999912, 1.000000000000000000 ) ) 
 REPRESENTATION_ITEM ( '' )  );
#1313 = LINE ( 'NONE', #1938, #8181 ) ;
#1314 = ORIENTED_EDGE ( 'NONE', *, *, #1306, .T. ) ;
#1315 =( NAMED_UNIT ( * ) SI_UNIT ( $, .STERADIAN. ) SOLID_ANGLE_UNIT ( ) );
#1316 = B_SPLINE_CURVE_WITH_KNOTS ( 'NONE', 3,
 ( #554, #8166, #4612, #1279, #5456, #4739 ),
 .UNSPECIFIED., .F., .F.,
 ( 4, 2, 4 ),
 ( 0.000000000000000000, 0.5000000000000000000, 1.000000000000000000 ),
 .UNSPECIFIED. ) ;
#1317 = PRESENTATION_LAYER_ASSIGNMENT (  '', '', ( #11 ) ) ;
#1318 = AXIS2_PLACEMENT_3D ( 'NONE', #8384, #5672, #3685 ) ;
#1319 = PLANE ( 'NONE',  #2817 ) ;
#1320 = CARTESIAN_POINT ( 'NONE',  ( -0.4302828521505699944, 6.150000000000000355, 12.30000000000000071 ) ) ;
#1321 = ORIENTED_EDGE ( 'NONE', *, *, #6077, .T. ) ;
#1322 = ORIENTED_EDGE ( 'NONE', *, *, #301, .T. ) ;
#1323 = DIRECTION ( 'NONE',  ( 0.7071067811865472397, 0.000000000000000000, -0.7071067811865477948 ) ) ;
#1324 = CIRCLE ( 'NONE', #3329, 0.09999999999999970024 ) ;
#1325 = CARTESIAN_POINT ( 'NONE',  ( -2.040305328863119882, 3.050000000000000266, 12.14999999999999858 ) ) ;
#1326 = DIRECTION ( 'NONE',  ( 2.914335439641035919E-15, -0.6721300772424461112, 0.7404330889864820797 ) ) ;
#1327 = VECTOR ( 'NONE', #6760, 1000.000000000000000 ) ;
#1328 = CIRCLE ( 'NONE', #3202, 0.09999999999999982514 ) ;
#1329 = FACE_OUTER_BOUND ( 'NONE', #2646, .T. ) ;
#1330 = DIRECTION ( 'NONE',  ( 0.000000000000000000, -1.000000000000000000, 0.000000000000000000 ) ) ;
#1331 = ORIENTED_EDGE ( 'NONE', *, *, #4764, .F. ) ;
#1332 = FACE_OUTER_BOUND ( 'NONE', #4087, .T. ) ;
#1333 = CIRCLE ( 'NONE', #8227, 0.09999999999999939493 ) ;
#1334 = CARTESIAN_POINT ( 'NONE',  ( -0.5717042083878793868, 6.150000000000000355, 12.15857864376268971 ) ) ;
#1335 = PLANE ( 'NONE',  #3878 ) ;
#1336 = CARTESIAN_POINT ( 'NONE',  ( 1.257014306635659828, 6.150000000000000355, 9.101474078669840040 ) ) ;
#1337 = ADVANCED_FACE ( 'NONE', ( #6363 ), #8678, .F. ) ;
#1338 = B_SPLINE_CURVE_WITH_KNOTS ( 'NONE', 3,
 ( #5891, #5127, #6528, #6486 ),
 .UNSPECIFIED., .F., .F.,
 ( 4, 4 ),
 ( 0.000000000000000000, 1.000000000000000000 ),
 .UNSPECIFIED. ) ;
#1339 = CARTESIAN_POINT ( 'NONE',  ( -2.406762870324489878, 2.701259896718680054, 11.29999999999999893 ) ) ;
#1340 = CARTESIAN_POINT ( 'NONE',  ( -2.229675656823970176, 3.050000000000000266, 7.049999999999999822 ) ) ;
#1341 = ADVANCED_FACE ( 'NONE', ( #783 ), #5014, .F. ) ;
#1342 = ORIENTED_EDGE ( 'NONE', *, *, #1522, .F. ) ;
#1343 = CARTESIAN_POINT ( 'NONE',  ( 1.614388704181369816, 6.150000000000000355, 10.60471559215579873 ) ) ;
#1344 = VERTEX_POINT ( 'NONE', #2224 ) ;
#1345 = ORIENTED_EDGE ( 'NONE', *, *, #7021, .F. ) ;
#1346 = CARTESIAN_POINT ( 'NONE',  ( 1.221809502730284880, 6.149999999999999467, 7.361782317384443886 ) ) ;
#1347 = EDGE_CURVE ( 'NONE', #1971, #5838, #3526, .T. ) ;
#1348 = CARTESIAN_POINT ( 'NONE',  ( 1.969594650744465492, 3.120710678118654879, 7.020710678118654791 ) ) ;
#1349 = CARTESIAN_POINT ( 'NONE',  ( 2.449999999999999734, 3.050000000000000266, 6.949999999999999289 ) ) ;
#1350 = ORIENTED_EDGE ( 'NONE', *, *, #7128, .T. ) ;
#1351 = CARTESIAN_POINT ( 'NONE',  ( -2.449999999999999734, 2.504596597366330002, 0.1000000000000000056 ) ) ;
#1352 = DIRECTION ( 'NONE',  ( 0.000000000000000000, 1.000000000000000000, 0.000000000000000000 ) ) ;
#1353 = ORIENTED_EDGE ( 'NONE', *, *, #446, .F. ) ;
#1354 = CARTESIAN_POINT ( 'NONE',  ( -1.940823017527810057, 3.060162171588010072, 0.5994823113353109356 ) ) ;
#1355 = ORIENTED_EDGE ( 'NONE', *, *, #4905, .T. ) ;
#1356 = VECTOR ( 'NONE', #620, 1000.000000000000000 ) ;
#1357 = CARTESIAN_POINT ( 'NONE',  ( -2.520710678118653902, 6.049999999999999822, 0.02928932188134439688 ) ) ;
#1358 = CARTESIAN_POINT ( 'NONE',  ( 1.257014306635649836, 6.149899999999999700, 11.19142548744630083 ) ) ;
#1359 = ORIENTED_EDGE ( 'NONE', *, *, #5699, .T. ) ;
#1360 = AXIS2_PLACEMENT_3D ( 'NONE', #2723, #3441, #1469 ) ;
#1361 = EDGE_LOOP ( 'NONE', ( #5028, #3960, #4889, #2889 ) ) ;
#1362 = PLANE ( 'NONE',  #257 ) ;
#1363 = ORIENTED_EDGE ( 'NONE', *, *, #3937, .T. ) ;
#1364 = FACE_OUTER_BOUND ( 'NONE', #6929, .T. ) ;
#1365 = DIRECTION ( 'NONE',  ( 0.000000000000000000, -1.000000000000000000, 0.000000000000000000 ) ) ;
#1366 = EDGE_CURVE ( 'NONE', #8755, #6729, #99, .T. ) ;
#1367 = CARTESIAN_POINT ( 'NONE',  ( -2.550000000000000266, 6.049999999999999822, 0.1000000000000000056 ) ) ;
#1368 = CARTESIAN_POINT ( 'NONE',  ( -1.969594650744465048, 3.120710678118654879, 0.5707106781186547240 ) ) ;
#1369 = VECTOR ( 'NONE', #913, 1000.000000000000000 ) ;
#1370 = ORIENTED_EDGE ( 'NONE', *, *, #4601, .T. ) ;
#1371 = DIRECTION ( 'NONE',  ( 0.000000000000000000, -1.000000000000000000, 0.000000000000000000 ) ) ;
#1372 = LINE ( 'NONE', #1334, #2687 ) ;
#1373 = CYLINDRICAL_SURFACE ( 'NONE', #8924, 0.2000000000000000389 ) ;
#1374 = CARTESIAN_POINT ( 'NONE',  ( -0.3250000000000000111, 7.900000000000000355, 0.000000000000000000 ) ) ;
#1375 = ADVANCED_FACE ( 'NONE', ( #1643 ), #5739, .T. ) ;
#1376 = CARTESIAN_POINT ( 'NONE',  ( 1.152476217557649951, 6.150000000000000355, 10.60471559215579873 ) ) ;
#1377 = CARTESIAN_POINT ( 'NONE',  ( -0.3250000000000000111, -7.900000000000000355, -5.200000000000000178 ) ) ;
#1378 = ADVANCED_FACE ( 'NONE', ( #243 ), #6945, .F. ) ;
#1379 = DIRECTION ( 'NONE',  ( -1.000000000000000000, 0.000000000000000000, -6.938893903907220489E-16 ) ) ;
#1380 = ORIENTED_EDGE ( 'NONE', *, *, #7549, .F. ) ;
#1381 = ORIENTED_EDGE ( 'NONE', *, *, #4658, .T. ) ;
#1382 = CARTESIAN_POINT ( 'NONE',  ( -0.3250000000000000111, -6.958578643762689531, -0.05857864376269170115 ) ) ;
#1383 = AXIS2_PLACEMENT_3D ( 'NONE', #800, #7554, #4130 ) ;
#1384 = EDGE_LOOP ( 'NONE', ( #7567, #3969, #2191, #7265 ) ) ;
#1385 = EDGE_LOOP ( 'NONE', ( #2533, #7587, #8653, #8537 ) ) ;
#1386 = DIRECTION ( 'NONE',  ( -1.000000000000000000, 0.000000000000000000, 0.000000000000000000 ) ) ;
#1387 = CARTESIAN_POINT ( 'NONE',  ( 0.08006199179813985878, -6.150000000000000355, 0.6707106781186548128 ) ) ;
#1388 = CARTESIAN_POINT ( 'NONE',  ( 1.029289321881345698, 3.120710678118654879, 0.2707106781186547351 ) ) ;
#1389 = VERTEX_POINT ( 'NONE', #2990 ) ;
#1390 = FACE_OUTER_BOUND ( 'NONE', #1869, .T. ) ;
#1391 = DIRECTION ( 'NONE',  ( -1.000000000000000000, 0.000000000000000000, 0.000000000000000000 ) ) ;
#1392 = VERTEX_POINT ( 'NONE', #6638 ) ;
#1393 = CARTESIAN_POINT ( 'NONE',  ( -0.6302828521505730031, 6.150000000000000355, 3.200000000000000178 ) ) ;
#1394 = VERTEX_POINT ( 'NONE', #7226 ) ;
#1395 = DIRECTION ( 'NONE',  ( 0.000000000000000000, 0.000000000000000000, -1.000000000000000000 ) ) ;
#1396 = CARTESIAN_POINT ( 'NONE',  ( -1.275000000000000133, 3.250000000000000000, 0.000000000000000000 ) ) ;
#1397 = ADVANCED_FACE ( 'NONE', ( #8680 ), #7359, .F. ) ;
#1398 = CARTESIAN_POINT ( 'NONE',  ( 2.040305328863119882, 3.050000000000000266, 0.000000000000000000 ) ) ;
#1399 = CARTESIAN_POINT ( 'NONE',  ( 1.485539431596869964, 6.150000000000000355, 7.707632890963199479 ) ) ;
#1400 = ORIENTED_EDGE ( 'NONE', *, *, #85, .T. ) ;
#1401 = EDGE_LOOP ( 'NONE', ( #2962, #6592, #6096, #3896 ) ) ;
#1402 = CARTESIAN_POINT ( 'NONE',  ( 1.080623164082851861, 6.150000000000000355, 10.73113374638960238 ) ) ;
#1403 = VERTEX_POINT ( 'NONE', #7316 ) ;
#1404 = CARTESIAN_POINT ( 'NONE',  ( -2.040305328863119882, 3.149999999999999911, 0.5000000000000000000 ) ) ;
#1405 = FACE_OUTER_BOUND ( 'NONE', #4962, .T. ) ;
#1406 = VECTOR ( 'NONE', #6316, 1000.000000000000000 ) ;
#1407 = CIRCLE ( 'NONE', #6437, 0.2000000000000000666 ) ;
#1408 = EDGE_CURVE ( 'NONE', #3453, #4449, #2342, .T. ) ;
#1409 = EDGE_CURVE ( 'NONE', #4314, #6881, #1312, .T. ) ;
#1410 = ADVANCED_FACE ( 'NONE', ( #3223 ), #5910, .F. ) ;
#1411 = EDGE_CURVE ( 'NONE', #7424, #8694, #8234, .T. ) ;
#1412 = CARTESIAN_POINT ( 'NONE',  ( 1.540644780878300146, 6.149899999999999700, 6.827568048027499614 ) ) ;
#1413 = DIRECTION ( 'NONE',  ( 0.000000000000000000, -1.000000000000000000, 0.000000000000000000 ) ) ;
#1414 = AXIS2_PLACEMENT_3D ( 'NONE', #6151, #1937, #4639 ) ;
#1415 = VECTOR ( 'NONE', #7934, 1000.000000000000000 ) ;
#1416 = EDGE_LOOP ( 'NONE', ( #928, #7331, #2383, #2189 ) ) ;
#1417 = CARTESIAN_POINT ( 'NONE',  ( -2.449999999999999734, 3.250000000000000000, 19.00000000000000000 ) ) ;
#1418 = ORIENTED_EDGE ( 'NONE', *, *, #8034, .T. ) ;
#1419 = CARTESIAN_POINT ( 'NONE',  ( -1.275000000000000133, 3.149999999999999911, 0.1000000000000000056 ) ) ;
#1420 = CARTESIAN_POINT ( 'NONE',  ( 0.9839186785791701473, 6.150000000000000355, 11.51962646478420105 ) ) ;
#1421 = FACE_OUTER_BOUND ( 'NONE', #627, .T. ) ;
#1422 = AXIS2_PLACEMENT_3D ( 'NONE', #2379, #7873, #6521 ) ;
#1423 = CARTESIAN_POINT ( 'NONE',  ( 0.4302828521505729920, 5.349999999999999645, 3.200000000000000178 ) ) ;
#1424 = APPLICATION_CONTEXT ( 'automotive_design' ) ;
#1425 = CARTESIAN_POINT ( 'NONE',  ( 1.807257426666350364, 6.150000000000001243, 10.96787210895703879 ) ) ;
#1426 = VERTEX_POINT ( 'NONE', #6681 ) ;
#1427 = ORIENTED_EDGE ( 'NONE', *, *, #2173, .T. ) ;
#1428 = CARTESIAN_POINT ( 'NONE',  ( 0.3151414260752860019, 5.208578643762690419, 6.941421356237309048 ) ) ;
#1429 = ORIENTED_EDGE ( 'NONE', *, *, #3621, .F. ) ;
#1430 = ORIENTED_EDGE ( 'NONE', *, *, #5020, .F. ) ;
#1431 = AXIS2_PLACEMENT_3D ( 'NONE', #7536, #8099, #2004 ) ;
#1432 = CARTESIAN_POINT ( 'NONE',  ( 1.898829551207549926, 6.149899609549899893, 9.811360637059969747 ) ) ;
#1433 = MANIFOLD_SOLID_BREP ( 'Imported1', #6022 ) ;
#1434 = DIRECTION ( 'NONE',  ( -2.236166980751352106E-15, 0.6721300772424467773, -0.7404330889864813026 ) ) ;
#1435 = CARTESIAN_POINT ( 'NONE',  ( -2.040305328863119882, 3.050000000000000266, 12.14999999999999858 ) ) ;
#1436 = VERTEX_POINT ( 'NONE', #7996 ) ;
#1437 = LINE ( 'NONE', #3454, #7284 ) ;
#1438 = DIRECTION ( 'NONE',  ( -1.000000000000000000, 0.000000000000000000, 0.000000000000000000 ) ) ;
#1439 = ORIENTED_EDGE ( 'NONE', *, *, #6172, .F. ) ;
#1440 = CARTESIAN_POINT ( 'NONE',  ( -0.1093513136794850016, 0.1499999999999999944, 18.80000000000000071 ) ) ;
#1441 = VERTEX_POINT ( 'NONE', #2365 ) ;
#1442 =( NAMED_UNIT ( * ) PLANE_ANGLE_UNIT ( ) SI_UNIT ( $, .RADIAN. ) );
#1443 = CARTESIAN_POINT ( 'NONE',  ( -2.015255073646102790, 3.149999999999999467, 0.5250502552170165371 ) ) ;
#1444 = ADVANCED_FACE ( 'NONE', ( #6546 ), #4425, .F. ) ;
#1445 = DIRECTION ( 'NONE',  ( 0.000000000000000000, -1.000000000000000000, 0.000000000000000000 ) ) ;
#1446 = CARTESIAN_POINT ( 'NONE',  ( -0.6302828521505720039, 5.349999999999999645, 6.799999999999999822 ) ) ;
#1447 = ORIENTED_EDGE ( 'NONE', *, *, #945, .T. ) ;
#1448 = EDGE_LOOP ( 'NONE', ( #5171, #5431, #6769, #971 ) ) ;
#1449 = CARTESIAN_POINT ( 'NONE',  ( -1.029289321881345254, 3.120710678118654879, 0.2707106781186547351 ) ) ;
#1450 = ORIENTED_EDGE ( 'NONE', *, *, #5262, .F. ) ;
#1451 = CARTESIAN_POINT ( 'NONE',  ( 1.376566519883180240, 6.150000000000000355, 6.952892136516123145 ) ) ;
#1452 = CIRCLE ( 'NONE', #7348, 0.1999999999999996503 ) ;
#1453 = AXIS2_PLACEMENT_3D ( 'NONE', #724, #513, #8726 ) ;
#1454 = EDGE_CURVE ( 'NONE', #8208, #1251, #4696, .T. ) ;
#1455 = CARTESIAN_POINT ( 'NONE',  ( 1.713254183774519879, 6.149899999999999700, 8.346206644400899322 ) ) ;
#1456 = CARTESIAN_POINT ( 'NONE',  ( -1.973283754570961834, 3.124216632767869317, 18.53297842570783871 ) ) ;
#1457 = CARTESIAN_POINT ( 'NONE',  ( -1.000000000000000000, 0.1795965973663300186, 18.80000000000000071 ) ) ;
#1458 = MECHANICAL_DESIGN_GEOMETRIC_PRESENTATION_REPRESENTATION (  '', ( #11 ), #3462 ) ;
#1459 = VERTEX_POINT ( 'NONE', #5149 ) ;
#1460 = AXIS2_PLACEMENT_3D ( 'NONE', #1748, #3723, #4579 ) ;
#1461 = DIRECTION ( 'NONE',  ( -0.7071067811865461294, 0.7071067811865489050, 2.879912020664619181E-15 ) ) ;
#1462 = ORIENTED_EDGE ( 'NONE', *, *, #6296, .T. ) ;
#1463 = EDGE_CURVE ( 'NONE', #2352, #4622, #3889, .T. ) ;
#1464 = LINE ( 'NONE', #4199, #8606 ) ;
#1465 = DIRECTION ( 'NONE',  ( -0.1016217158801560189, -0.9948231133531091341, 0.000000000000000000 ) ) ;
#1466 = VECTOR ( 'NONE', #5873, 1000.000000000000000 ) ;
#1467 = ADVANCED_FACE ( 'NONE', ( #1735 ), #4476, .F. ) ;
#1468 = DIRECTION ( 'NONE',  ( 0.000000000000000000, 0.000000000000000000, -1.000000000000000000 ) ) ;
#1469 = DIRECTION ( 'NONE',  ( 1.000000000000000000, 0.000000000000000000, 0.000000000000000000 ) ) ;
#1470 = DIRECTION ( 'NONE',  ( -1.040834085586085982E-16, 1.040834085586083887E-16, -1.000000000000000000 ) ) ;
#1471 = CARTESIAN_POINT ( 'NONE',  ( 0.009351313679485179914, -6.150000000000000355, 0.6999999999999999556 ) ) ;
#1472 = AXIS2_PLACEMENT_3D ( 'NONE', #5068, #5705, #4303 ) ;
#1473 = EDGE_LOOP ( 'NONE', ( #5824, #400, #7377, #7701 ) ) ;
#1474 = VERTEX_POINT ( 'NONE', #1233 ) ;
#1475 = CARTESIAN_POINT ( 'NONE',  ( 2.550000000000000266, 3.250000000000000000, 0.000000000000000000 ) ) ;
#1476 = ORIENTED_EDGE ( 'NONE', *, *, #1197, .F. ) ;
#1477 = VERTEX_POINT ( 'NONE', #5329 ) ;
#1478 = ORIENTED_EDGE ( 'NONE', *, *, #8077, .T. ) ;
#1479 = CARTESIAN_POINT ( 'NONE',  ( 1.252514879955309635, 6.149999999999999467, 7.390011940807990065 ) ) ;
#1480 = LINE ( 'NONE', #2821, #8703 ) ;
#1481 = CARTESIAN_POINT ( 'NONE',  ( -2.008833624983249688, 2.741908583070740146, 6.025000000000000355 ) ) ;
#1482 = EDGE_LOOP ( 'NONE', ( #119, #4989, #5021, #8072 ) ) ;
#1483 = CARTESIAN_POINT ( 'NONE',  ( 0.8518279148604700479, 6.150000000000000355, 9.138881965480237568 ) ) ;
#1484 = CARTESIAN_POINT ( 'NONE',  ( -2.040305328863119882, 3.050000000000000266, 12.14999999999999858 ) ) ;
#1485 = CIRCLE ( 'NONE', #8536, 0.09999999999999999167 ) ;
#1486 = ORIENTED_EDGE ( 'NONE', *, *, #5494, .F. ) ;
#1487 = CARTESIAN_POINT ( 'NONE',  ( 0.9369170571332540165, 6.150000000000000355, 10.60471559215579873 ) ) ;
#1488 = ORIENTED_EDGE ( 'NONE', *, *, #7414, .T. ) ;
#1489 = CYLINDRICAL_SURFACE ( 'NONE', #1318, 0.2000000000000002887 ) ;
#1490 = DIRECTION ( 'NONE',  ( 0.000000000000000000, 0.7071067811865474617, 0.7071067811865474617 ) ) ;
#1491 = DIRECTION ( 'NONE',  ( 0.000000000000000000, 1.000000000000000000, 0.000000000000000000 ) ) ;
#1492 = ORIENTED_EDGE ( 'NONE', *, *, #8504, .F. ) ;
#1493 = ORIENTED_EDGE ( 'NONE', *, *, #4324, .T. ) ;
#1494 = LINE ( 'NONE', #321, #2276 ) ;
#1495 = ORIENTED_EDGE ( 'NONE', *, *, #8345, .T. ) ;
#1496 = VECTOR ( 'NONE', #2194, 1000.000000000000000 ) ;
#1497 = DIRECTION ( 'NONE',  ( 1.000000000000000000, 0.000000000000000000, 0.000000000000000000 ) ) ;
#1498 = EDGE_CURVE ( 'NONE', #5418, #1608, #6724, .T. ) ;
#1499 = VECTOR ( 'NONE', #8405, 1000.000000000000114 ) ;
#1500 = CARTESIAN_POINT ( 'NONE',  ( -0.5717042083878813852, 5.208578643762690419, 6.800000000000000711 ) ) ;
#1501 = FACE_OUTER_BOUND ( 'NONE', #5293, .T. ) ;
#1502 = ORIENTED_EDGE ( 'NONE', *, *, #7612, .F. ) ;
#1503 = CARTESIAN_POINT ( 'NONE',  ( 1.742239178382533504, 6.149999999999999467, 11.18797076122142364 ) ) ;
#1504 = ORIENTED_EDGE ( 'NONE', *, *, #1609, .F. ) ;
#1505 = DIRECTION ( 'NONE',  ( -1.000000000000000000, 0.000000000000000000, 0.000000000000000000 ) ) ;
#1506 = FACE_OUTER_BOUND ( 'NONE', #3580, .T. ) ;
#1507 = DIRECTION ( 'NONE',  ( 0.000000000000000000, 0.000000000000000000, -1.000000000000000000 ) ) ;
#1508 = AXIS2_PLACEMENT_3D ( 'NONE', #1794, #7921, #4495 ) ;
#1509 = DIRECTION ( 'NONE',  ( 1.000000000000000000, 0.000000000000000000, 0.000000000000000000 ) ) ;
#1510 = ADVANCED_FACE ( 'NONE', ( #2583 ), #8770, .F. ) ;
#1511 = DIRECTION ( 'NONE',  ( 6.570407392573360103E-17, -1.000000000000000000, 6.570407392573499386E-17 ) ) ;
#1512 = ORIENTED_EDGE ( 'NONE', *, *, #350, .F. ) ;
#1513 = B_SPLINE_CURVE_WITH_KNOTS ( 'NONE', 3,
 ( #2028, #8161, #2576, #6797, #1987, #4734, #8804, #4056, #636, #3374, #7523 ),
 .UNSPECIFIED., .F., .F.,
 ( 4, 1, 1, 1, 2, 2, 4 ),
 ( 0.000000000000000000, 0.2500000000000039968, 0.3750000000000068834, 0.4375000000000074385, 0.4687500000000077161, 0.5000000000000079936, 1.000000000000000000 ),
 .UNSPECIFIED. ) ;
#1514 = EDGE_LOOP ( 'NONE', ( #1752, #3032, #5237, #6552, #2370 ) ) ;
#1515 = CARTESIAN_POINT ( 'NONE',  ( 0.9798668146614298857, 6.150000000000000355, 8.852689634119879969 ) ) ;
#1516 = ORIENTED_EDGE ( 'NONE', *, *, #4132, .F. ) ;
#1517 = ORIENTED_EDGE ( 'NONE', *, *, #635, .T. ) ;
#1518 = ORIENTED_EDGE ( 'NONE', *, *, #7131, .F. ) ;
#1519 = VECTOR ( 'NONE', #1635, 1000.000000000000114 ) ;
#1520 = CARTESIAN_POINT ( 'NONE',  ( 2.474447449667839916, 3.146831826596229842, 6.989273081444579816 ) ) ;
#1521 = DIRECTION ( 'NONE',  ( -1.000000000000000000, 0.000000000000000000, 0.000000000000000000 ) ) ;
#1522 = EDGE_CURVE ( 'NONE', #3627, #830, #8390, .T. ) ;
#1523 = ADVANCED_FACE ( 'NONE', ( #1039 ), #5080, .F. ) ;
#1524 = EDGE_CURVE ( 'NONE', #6716, #6978, #3075, .T. ) ;
#1525 = DIRECTION ( 'NONE',  ( 0.000000000000000000, 0.000000000000000000, -1.000000000000000000 ) ) ;
#1526 = ADVANCED_FACE ( 'NONE', ( #2519 ), #8560, .F. ) ;
#1527 = EDGE_CURVE ( 'NONE', #7385, #1999, #4402, .T. ) ;
#1528 = ORIENTED_EDGE ( 'NONE', *, *, #6181, .F. ) ;
#1529 = AXIS2_PLACEMENT_3D ( 'NONE', #3335, #6626, #5898 ) ;
#1530 = CARTESIAN_POINT ( 'NONE',  ( 1.240671788834060818, 6.150000000000000355, 8.053601770796037229 ) ) ;
#1531 = CYLINDRICAL_SURFACE ( 'NONE', #984, 0.1000000000000007411 ) ;
#1532 = B_SPLINE_CURVE_WITH_KNOTS ( 'NONE', 3,
 ( #5622, #2829, #7782, #6970 ),
 .UNSPECIFIED., .F., .F.,
 ( 4, 4 ),
 ( 0.000000000000000000, 1.000000000000000000 ),
 .UNSPECIFIED. ) ;
#1533 = ORIENTED_EDGE ( 'NONE', *, *, #2606, .T. ) ;
#1534 = CARTESIAN_POINT ( 'NONE',  ( -0.3250000000000000111, -2.233589289206860062, 4.700000000000000178 ) ) ;
#1535 = ORIENTED_EDGE ( 'NONE', *, *, #3272, .F. ) ;
#1536 = AXIS2_PLACEMENT_3D ( 'NONE', #1351, #5395, #8281 ) ;
#1537 = CARTESIAN_POINT ( 'NONE',  ( 0.009351313679485179914, -6.150000000000000355, 18.50000000000000000 ) ) ;
#1538 = DIRECTION ( 'NONE',  ( 9.251858538542969855E-16, 1.000000000000000000, 0.000000000000000000 ) ) ;
#1539 = DIRECTION ( 'NONE',  ( 1.000000000000000000, 0.000000000000000000, 0.000000000000000000 ) ) ;
#1540 = ORIENTED_EDGE ( 'NONE', *, *, #5038, .T. ) ;
#1541 = DIRECTION ( 'NONE',  ( 0.000000000000000000, 1.000000000000000000, 0.000000000000000000 ) ) ;
#1542 = ORIENTED_EDGE ( 'NONE', *, *, #725, .T. ) ;
#1543 = LINE ( 'NONE', #998, #5614 ) ;
#1544 = SHAPE_REPRESENTATION ( 'Littelfuse Inc 0287002.PXCN 2_MIR^Littelfuse_Inc_-_0287040.PXCN(2)_Littelfuse_Inc_-_0287040.PXCN', ( #7203 ), #2741 ) ;
#1545 = AXIS2_PLACEMENT_3D ( 'NONE', #4154, #18, #2856 ) ;
#1546 = CARTESIAN_POINT ( 'NONE',  ( 1.857500539246489835, 6.150000000000000355, 8.082835489747019153 ) ) ;
#1547 = CARTESIAN_POINT ( 'NONE',  ( -0.009351313679485140015, 0.1499999999999999944, 0.5999999999999999778 ) ) ;
#1548 = CYLINDRICAL_SURFACE ( 'NONE', #647, 0.09999999999999990841 ) ;
#1549 = EDGE_LOOP ( 'NONE', ( #6790, #8286, #3859, #5610 ) ) ;
#1550 = CARTESIAN_POINT ( 'NONE',  ( 1.868456158560594771, 6.149999999999999467, 11.12324785839901686 ) ) ;
#1551 = CIRCLE ( 'NONE', #3700, 0.09999999999999939493 ) ;
#1552 = VERTEX_POINT ( 'NONE', #5804 ) ;
#1553 = VECTOR ( 'NONE', #1505, 1000.000000000000000 ) ;
#1554 = CARTESIAN_POINT ( 'NONE',  ( -2.449999999999999734, 2.504596597366330002, 0.1000000000000000056 ) ) ;
#1555 = DIRECTION ( 'NONE',  ( -0.7071067811865482389, -1.665334536937735797E-16, -0.7071067811865467956 ) ) ;
#1556 = DIRECTION ( 'NONE',  ( -1.000000000000000000, 0.000000000000000000, 0.000000000000000000 ) ) ;
#1557 = CARTESIAN_POINT ( 'NONE',  ( 1.008770110608053550, 6.150000000000000355, 10.60471559215579873 ) ) ;
#1558 = B_SPLINE_CURVE_WITH_KNOTS ( 'NONE', 3,
 ( #6882, #8681, #3266, #1949, #1196, #3224 ),
 .UNSPECIFIED., .F., .F.,
 ( 4, 2, 4 ),
 ( 0.000000000000000000, 0.5000000000000000000, 1.000000000000000000 ),
 .UNSPECIFIED. ) ;
#1559 = AXIS2_PLACEMENT_3D ( 'NONE', #6531, #4407, #995 ) ;
#1560 = AXIS2_PLACEMENT_3D ( 'NONE', #508, #3929, #6678 ) ;
#1561 = CARTESIAN_POINT ( 'NONE',  ( 1.768764329511363975, 6.150000000000001243, 11.04307156852353522 ) ) ;
#1562 = CARTESIAN_POINT ( 'NONE',  ( -0.5717042083878813852, 5.349999999999999645, 6.941421356237309048 ) ) ;
#1563 = VERTEX_POINT ( 'NONE', #4454 ) ;
#1564 = EDGE_CURVE ( 'NONE', #3337, #4187, #2430, .T. ) ;
#1565 = ORIENTED_EDGE ( 'NONE', *, *, #6387, .T. ) ;
#1566 = VERTEX_POINT ( 'NONE', #2386 ) ;
#1567 = ORIENTED_EDGE ( 'NONE', *, *, #5196, .T. ) ;
#1568 = VERTEX_POINT ( 'NONE', #7291 ) ;
#1569 = AXIS2_PLACEMENT_3D ( 'NONE', #2051, #4842, #5515 ) ;
#1570 = CIRCLE ( 'NONE', #6599, 0.1000000000000002554 ) ;
#1571 = CARTESIAN_POINT ( 'NONE',  ( 1.922617358605845705, 6.149999999999997691, 8.606153281703306845 ) ) ;
#1572 = EDGE_CURVE ( 'NONE', #3363, #4210, #3118, .T. ) ;
#1573 = CYLINDRICAL_SURFACE ( 'NONE', #4222, 0.2000000000000002054 ) ;
#1574 = CARTESIAN_POINT ( 'NONE',  ( -1.197999302486840056, -4.211691038813009769, 7.799999999999999822 ) ) ;
#1575 = ORIENTED_EDGE ( 'NONE', *, *, #4711, .F. ) ;
#1576 = CARTESIAN_POINT ( 'NONE',  ( -0.1625000000000000056, -7.900000000000000355, 1.000000000000000000 ) ) ;
#1577 = DIRECTION ( 'NONE',  ( -1.000000000000000000, 0.000000000000000000, 0.000000000000000000 ) ) ;
#1578 = EDGE_CURVE ( 'NONE', #1650, #1294, #361, .T. ) ;
#1579 = ORIENTED_EDGE ( 'NONE', *, *, #1853, .T. ) ;
#1580 = CARTESIAN_POINT ( 'NONE',  ( 1.734723475976810176E-17, -3.000000000000000000, 0.6999999999999999556 ) ) ;
#1581 = ORIENTED_EDGE ( 'NONE', *, *, #8082, .F. ) ;
#1583 = EDGE_CURVE ( 'NONE', #1749, #5639, #269, .T. ) ;
#1582 = CARTESIAN_POINT ( 'NONE',  ( 1.148392624167885678, 6.150000000000002132, 7.681382383766403699 ) ) ;
#1584 = SHAPE_DEFINITION_REPRESENTATION ( #1238, #7695 ) ;
#1585 = EDGE_CURVE ( 'NONE', #7955, #3242, #2256, .T. ) ;
#1586 = ADVANCED_FACE ( 'NONE', ( #7158 ), #940, .T. ) ;
#1587 = ADVANCED_FACE ( 'NONE', ( #404 ), #5761, .F. ) ;
#1588 = CARTESIAN_POINT ( 'NONE',  ( 2.015255073646103234, 3.149999999999999911, 6.975050255217016826 ) ) ;
#1589 = DIRECTION ( 'NONE',  ( -0.6702157429215804818, 0.7421663276786907293, 0.000000000000000000 ) ) ;
#1590 = CARTESIAN_POINT ( 'NONE',  ( 1.686511881917360123, 6.150000000000000355, 7.540696097551820465 ) ) ;
#1591 = EDGE_LOOP ( 'NONE', ( #1927, #466, #4408, #8107 ) ) ;
#1592 = DIRECTION ( 'NONE',  ( 0.000000000000000000, 0.000000000000000000, -1.000000000000000000 ) ) ;
#1593 = CARTESIAN_POINT ( 'NONE',  ( 1.782946243159840183, 6.150000000000000355, 10.83729258103473470 ) ) ;
#1594 = DIRECTION ( 'NONE',  ( 0.000000000000000000, 0.7071067811865480168, -0.7071067811865470176 ) ) ;
#1595 = DIRECTION ( 'NONE',  ( 0.000000000000000000, 0.000000000000000000, 1.000000000000000000 ) ) ;
#1596 = CARTESIAN_POINT ( 'NONE',  ( -0.001999999999997560153, -7.900000000000000355, 0.000000000000000000 ) ) ;
#1597 = ORIENTED_EDGE ( 'NONE', *, *, #6228, .T. ) ;
#1598 = CARTESIAN_POINT ( 'NONE',  ( 1.796771591381212119, 6.150000000000002132, 11.17242449320947983 ) ) ;
#1599 = ORIENTED_EDGE ( 'NONE', *, *, #5563, .T. ) ;
#1600 = CARTESIAN_POINT ( 'NONE',  ( 1.100000000000000089, 3.149999999999999911, 0.2000000000000000111 ) ) ;
#1601 =( BOUNDED_CURVE ( )  B_SPLINE_CURVE ( 3, ( #2637, #8777, #4527, #6688 ),
 .UNSPECIFIED., .F., .F. ) 
 B_SPLINE_CURVE_WITH_KNOTS ( ( 4, 4 ),
 ( 3.926990816987243171, 4.712388980384689674 ),
 .UNSPECIFIED. ) 
 CURVE ( )  GEOMETRIC_REPRESENTATION_ITEM ( )  RATIONAL_B_SPLINE_CURVE ( ( 1.000000000000000000, 0.9492530216741912330, 0.9492530216741912330, 1.000000000000000000 ) ) 
 REPRESENTATION_ITEM ( '' )  );
#1602 = DIRECTION ( 'NONE',  ( 1.000000000000000000, 0.000000000000000000, 0.000000000000000000 ) ) ;
#1603 = CARTESIAN_POINT ( 'NONE',  ( -2.449999999999999734, 6.049999999999999822, 0.1000000000000000056 ) ) ;
#1604 = CARTESIAN_POINT ( 'NONE',  ( 1.152476217557659943, 6.149899999999999700, 8.219788490167038830 ) ) ;
#1605 = AXIS2_PLACEMENT_3D ( 'NONE', #5330, #5369, #3180 ) ;
#1606 = DIRECTION ( 'NONE',  ( 1.000000000000000000, 0.000000000000000000, 0.000000000000000000 ) ) ;
#1607 = ORIENTED_EDGE ( 'NONE', *, *, #745, .T. ) ;
#1608 = VERTEX_POINT ( 'NONE', #8700 ) ;
#1609 = EDGE_CURVE ( 'NONE', #1111, #7003, #4501, .T. ) ;
#1610 = EDGE_LOOP ( 'NONE', ( #6161, #7759, #7619, #1916 ) ) ;
#1611 = ORIENTED_EDGE ( 'NONE', *, *, #3495, .F. ) ;
#1612 = ORIENTED_EDGE ( 'NONE', *, *, #7189, .T. ) ;
#1613 = CARTESIAN_POINT ( 'NONE',  ( 1.923951107497619883, 6.149899999999999700, 8.573921396578549903 ) ) ;
#1614 = EDGE_CURVE ( 'NONE', #1755, #4208, #1803, .T. ) ;
#1615 = DIRECTION ( 'NONE',  ( 1.000000000000000000, 0.000000000000000000, 0.000000000000000000 ) ) ;
#1616 = CIRCLE ( 'NONE', #2756, 0.1000000000000000749 ) ;
#1617 = DIRECTION ( 'NONE',  ( 0.000000000000000000, 1.000000000000000000, 0.000000000000000000 ) ) ;
#1618 = AXIS2_PLACEMENT_3D ( 'NONE', #7382, #1214, #2604 ) ;
#1619 = ORIENTED_EDGE ( 'NONE', *, *, #8117, .F. ) ;
#1620 = DIRECTION ( 'NONE',  ( -0.7071067811865464625, 0.7071067811865486830, 0.000000000000000000 ) ) ;
#1621 = VERTEX_POINT ( 'NONE', #3155 ) ;
#1622 = CARTESIAN_POINT ( 'NONE',  ( 0.4302828521505719928, 5.349999999999999645, 6.799999999999999822 ) ) ;
#1623 = ORIENTED_EDGE ( 'NONE', *, *, #3550, .F. ) ;
#1624 = AXIS2_PLACEMENT_3D ( 'NONE', #1059, #3265, #2540 ) ;
#1625 = CARTESIAN_POINT ( 'NONE',  ( 1.134648016319550257, 6.150000000000002132, 7.776663910504480803 ) ) ;
#1626 = ORIENTED_EDGE ( 'NONE', *, *, #8429, .F. ) ;
#1627 = CARTESIAN_POINT ( 'NONE',  ( 1.614388704181360046, 6.149949307121489461, 11.06500733321239949 ) ) ;
#1628 = DIRECTION ( 'NONE',  ( 0.7071067811865368036, 0.000000000000000000, 0.7071067811865584529 ) ) ;
#1629 = EDGE_CURVE ( 'NONE', #2153, #5130, #7087, .T. ) ;
#1630 = CARTESIAN_POINT ( 'NONE',  ( -0.4302828521505719928, 5.208578643762690419, 6.941421356237309048 ) ) ;
#1631 = ORIENTED_EDGE ( 'NONE', *, *, #3990, .F. ) ;
#1632 = CARTESIAN_POINT ( 'NONE',  ( 2.449999999999999734, 3.050000000000000266, 6.949999999999999289 ) ) ;
#1633 = CARTESIAN_POINT ( 'NONE',  ( 1.781402303752913197, 6.150000000000001243, 9.811801441677085123 ) ) ;
#1634 = EDGE_CURVE ( 'NONE', #2299, #8208, #8330, .T. ) ;
#1635 = DIRECTION ( 'NONE',  ( -0.9948231133531089121, -0.1016217158801569903, 0.000000000000000000 ) ) ;
#1636 = CARTESIAN_POINT ( 'NONE',  ( -2.040305328863119882, 3.050000000000000266, 12.05000000000000071 ) ) ;
#1637 = LINE ( 'NONE', #2402, #1369 ) ;
#1638 = ORIENTED_EDGE ( 'NONE', *, *, #3384, .F. ) ;
#1639 = CARTESIAN_POINT ( 'NONE',  ( 1.159229324087253543, 6.150000000000000355, 6.962482374778220517 ) ) ;
#1640 = EDGE_LOOP ( 'NONE', ( #8083, #7438, #8317, #3257 ) ) ;
#1641 = DIRECTION ( 'NONE',  ( 0.000000000000000000, 0.000000000000000000, 1.000000000000000000 ) ) ;
#1642 = CARTESIAN_POINT ( 'NONE',  ( -1.973283754570961834, 3.124216632767869317, 6.949999999999999289 ) ) ;
#1643 = FACE_OUTER_BOUND ( 'NONE', #2664, .T. ) ;
#1644 = CARTESIAN_POINT ( 'NONE',  ( 1.902881415125299958, 6.149950000000000472, 9.552851719107401607 ) ) ;
#1645 = EDGE_CURVE ( 'NONE', #1893, #1784, #2607, .T. ) ;
#1646 = VECTOR ( 'NONE', #4486, 1000.000000000000000 ) ;
#1647 = CARTESIAN_POINT ( 'NONE',  ( -0.6302828521505720039, 5.349999999999999645, 6.000000000000000000 ) ) ;
#1648 = CARTESIAN_POINT ( 'NONE',  ( -0.08006199179814063593, -4.575000000000000178, 18.42928932188134539 ) ) ;
#1649 = ORIENTED_EDGE ( 'NONE', *, *, #1909, .F. ) ;
#1650 = VERTEX_POINT ( 'NONE', #2688 ) ;
#1651 = ORIENTED_EDGE ( 'NONE', *, *, #4043, .T. ) ;
#1652 = EDGE_CURVE ( 'NONE', #3512, #5762, #1260, .T. ) ;
#1653 = EDGE_LOOP ( 'NONE', ( #8338, #6368, #8650, #5039 ) ) ;
#1654 = VERTEX_POINT ( 'NONE', #8196 ) ;
#1655 = DIRECTION ( 'NONE',  ( -0.9948231133531089121, -0.1016217158801569903, 0.000000000000000000 ) ) ;
#1656 = DIRECTION ( 'NONE',  ( -0.7071067811865474617, 0.7071067811865474617, 0.000000000000000000 ) ) ;
#1657 = DIRECTION ( 'NONE',  ( -1.000000000000000000, 0.000000000000000000, 0.000000000000000000 ) ) ;
#1658 = ORIENTED_EDGE ( 'NONE', *, *, #5301, .T. ) ;
#1659 = FACE_OUTER_BOUND ( 'NONE', #7205, .T. ) ;
#1660 = CARTESIAN_POINT ( 'NONE',  ( 1.257014306635649836, 6.149899999999999700, 11.19142548744630083 ) ) ;
#1661 = AXIS2_PLACEMENT_3D ( 'NONE', #1750, #6740, #5386 ) ;
#1662 = ADVANCED_FACE ( 'NONE', ( #4080 ), #1887, .T. ) ;
#1663 = VERTEX_POINT ( 'NONE', #4635 ) ;
#1664 = CARTESIAN_POINT ( 'NONE',  ( 1.309789282777451991, 6.150000000000000355, 9.707775258672658225 ) ) ;
#1665 = EDGE_LOOP ( 'NONE', ( #8399, #2910, #8292, #4892, #4022 ) ) ;
#1666 = CARTESIAN_POINT ( 'NONE',  ( 1.131406525185350231, 6.150000000000000355, 9.890629366006885803 ) ) ;
#1667 = CARTESIAN_POINT ( 'NONE',  ( 1.444210419635790110, 6.149950000282250251, 9.806498400358670153 ) ) ;
#1668 = EDGE_LOOP ( 'NONE', ( #222, #2971, #7210, #5746, #6335, #5348, #7017, #2075, #539, #6969, #3105, #7649, #3711, #6817, #7805, #7081, #2867 ) ) ;
#1669 = CYLINDRICAL_SURFACE ( 'NONE', #4035, 0.1000000000000000611 ) ;
#1670 = AXIS2_PLACEMENT_3D ( 'NONE', #3608, #2439, #7170 ) ;
#1671 = CARTESIAN_POINT ( 'NONE',  ( -0.6302828521505690063, 5.349999999999999645, 15.90000000000000036 ) ) ;
#1672 = DIRECTION ( 'NONE',  ( 0.000000000000000000, -1.000000000000000000, 0.000000000000000000 ) ) ;
#1673 = ORIENTED_EDGE ( 'NONE', *, *, #3917, .F. ) ;
#1674 = ADVANCED_FACE ( 'NONE', ( #534 ), #7383, .T. ) ;
#1675 = DIRECTION ( 'NONE',  ( 1.000000000000000000, 0.000000000000000000, 0.000000000000000000 ) ) ;
#1676 = AXIS2_PLACEMENT_3D ( 'NONE', #8241, #759, #2059 ) ;
#1677 = LINE ( 'NONE', #6394, #3601 ) ;
#1678 = CARTESIAN_POINT ( 'NONE',  ( -1.929675656823970131, 2.951035377329380260, 11.29999999999999893 ) ) ;
#1679 = LINE ( 'NONE', #6447, #3201 ) ;
#1680 = CARTESIAN_POINT ( 'NONE',  ( 1.970794474613135838, 3.121910501987325226, 18.53048914575001405 ) ) ;
#1681 = ORIENTED_EDGE ( 'NONE', *, *, #199, .F. ) ;
#1682 = LINE ( 'NONE', #3837, #4145 ) ;
#1683 = CARTESIAN_POINT ( 'NONE',  ( 1.876323800248474782, 6.150000000000000355, 11.11346042578926507 ) ) ;
#1684 = ORIENTED_EDGE ( 'NONE', *, *, #5413, .T. ) ;
#1685 = EDGE_CURVE ( 'NONE', #1294, #5224, #6020, .T. ) ;
#1686 = FACE_OUTER_BOUND ( 'NONE', #5432, .T. ) ;
#1687 = CARTESIAN_POINT ( 'NONE',  ( 0.4302828521505719928, 5.349999999999999645, 6.799999999999999822 ) ) ;
#1688 = EDGE_CURVE ( 'NONE', #4143, #3057, #8111, .T. ) ;
#1689 = CARTESIAN_POINT ( 'NONE',  ( 1.939784946236559948, 3.050000000000000266, 7.049999999999999822 ) ) ;
#1690 = EDGE_CURVE ( 'NONE', #2550, #1999, #4587, .T. ) ;
#1691 = EDGE_CURVE ( 'NONE', #1563, #8146, #7460, .T. ) ;
#1692 = CARTESIAN_POINT ( 'NONE',  ( 1.902881415125299958, 6.150000000000000355, 9.426433564873539339 ) ) ;
#1693 = PLANE ( 'NONE',  #3409 ) ;
#1694 = CARTESIAN_POINT ( 'NONE',  ( 0.4302828521505689952, 5.349999999999999645, 15.90000000000000036 ) ) ;
#1695 = ORIENTED_EDGE ( 'NONE', *, *, #4982, .F. ) ;
#1696 = AXIS2_PLACEMENT_3D ( 'NONE', #6856, #650, #7621 ) ;
#1697 = ORIENTED_EDGE ( 'NONE', *, *, #981, .F. ) ;
#1698 = ORIENTED_EDGE ( 'NONE', *, *, #8299, .T. ) ;
#1699 = ORIENTED_EDGE ( 'NONE', *, *, #7410, .F. ) ;
#1700 = UNCERTAINTY_MEASURE_WITH_UNIT (LENGTH_MEASURE( 1.000000000000000082E-05 ), #3843, 'distance_accuracy_value', 'NONE');
#1701 = CARTESIAN_POINT ( 'NONE',  ( 1.856690166462930058, 6.149899830003858980, 8.740858189989930693 ) ) ;
#1702 = CIRCLE ( 'NONE', #5865, 0.09999999999999999167 ) ;
#1703 = DIRECTION ( 'NONE',  ( 1.000000000000000000, 0.000000000000000000, 0.000000000000000000 ) ) ;
#1704 = CARTESIAN_POINT ( 'NONE',  ( 2.442386859369360064, 3.050000000000000266, 12.05000000000000071 ) ) ;
#1705 = EDGE_LOOP ( 'NONE', ( #938, #7103, #8845, #1901 ) ) ;
#1706 = CARTESIAN_POINT ( 'NONE',  ( -2.449999999999999734, 3.250000000000000000, 0.1000000000000000056 ) ) ;
#1707 = VECTOR ( 'NONE', #5569, 1000.000000000000000 ) ;
#1708 = AXIS2_PLACEMENT_3D ( 'NONE', #5225, #6793, #4088 ) ;
#1709 = ORIENTED_EDGE ( 'NONE', *, *, #7883, .F. ) ;
#1710 = CARTESIAN_POINT ( 'NONE',  ( -2.015255073646102790, 3.149999999999999911, 18.57494974478298744 ) ) ;
#1711 = EDGE_LOOP ( 'NONE', ( #4288, #5259, #7338, #5617 ) ) ;
#1712 = CARTESIAN_POINT ( 'NONE',  ( 1.131406525185350009, 6.149899998944220236, 9.983970039956201248 ) ) ;
#1713 = CARTESIAN_POINT ( 'NONE',  ( 1.444210419635788112, 6.150000000000000355, 10.07067992779609078 ) ) ;
#1714 = ORIENTED_EDGE ( 'NONE', *, *, #7176, .T. ) ;
#1715 = CARTESIAN_POINT ( 'NONE',  ( -2.040305328863119882, 3.050000000000000266, 6.949999999999999289 ) ) ;
#1716 = VECTOR ( 'NONE', #6589, 1000.000000000000114 ) ;
#1717 = CARTESIAN_POINT ( 'NONE',  ( -0.3151414260752870011, 5.349999999999999645, 3.000000000000000000 ) ) ;
#1718 = DIRECTION ( 'NONE',  ( 4.205390244792259832E-16, 1.000000000000000000, 0.000000000000000000 ) ) ;
#1719 = EDGE_LOOP ( 'NONE', ( #5258, #3079, #4013, #2426 ) ) ;
#1720 = CARTESIAN_POINT ( 'NONE',  ( -0.4302828521505689952, 6.150000000000000355, 15.90000000000000036 ) ) ;
#1721 = CARTESIAN_POINT ( 'NONE',  ( 1.809688545017010597, 6.150000000000000355, 9.928652909899213341 ) ) ;
#1722 = VECTOR ( 'NONE', #918, 1000.000000000000000 ) ;
#1723 = EDGE_CURVE ( 'NONE', #160, #8616, #3913, .T. ) ;
#1724 = CARTESIAN_POINT ( 'NONE',  ( -2.449999999999999734, 6.049999999999999822, 19.00000000000000000 ) ) ;
#1725 = CARTESIAN_POINT ( 'NONE',  ( 1.761788854613240973, 6.150000000000001243, 8.413262496922797595 ) ) ;
#1726 = LINE ( 'NONE', #5094, #4681 ) ;
#1727 = ORIENTED_EDGE ( 'NONE', *, *, #7100, .F. ) ;
#1728 = FACE_OUTER_BOUND ( 'NONE', #294, .T. ) ;
#1729 = EDGE_CURVE ( 'NONE', #3587, #3641, #5555, .T. ) ;
#1730 = CARTESIAN_POINT ( 'NONE',  ( -0.3250000000000000111, -7.900000000000000355, 0.000000000000000000 ) ) ;
#1731 = ORIENTED_EDGE ( 'NONE', *, *, #3417, .T. ) ;
#1732 = DIRECTION ( 'NONE',  ( -4.625929269271479997E-16, -1.000000000000000000, 4.625929269271479997E-16 ) ) ;
#1733 = CYLINDRICAL_SURFACE ( 'NONE', #8486, 0.1000000000000007411 ) ;
#1734 = EDGE_CURVE ( 'NONE', #3847, #4912, #8922, .T. ) ;
#1735 = FACE_OUTER_BOUND ( 'NONE', #1482, .T. ) ;
#1736 = DIRECTION ( 'NONE',  ( 7.792703114739566078E-16, -0.7071067811865473507, 0.7071067811865476838 ) ) ;
#1737 = CARTESIAN_POINT ( 'NONE',  ( -0.1634999999999999787, -7.738500000000000156, 0.000000000000000000 ) ) ;
#1738 = CARTESIAN_POINT ( 'NONE',  ( -2.452605380715029870, 3.150033945804940227, 0.000000000000000000 ) ) ;
#1739 = EDGE_LOOP ( 'NONE', ( #2033, #8152, #3956, #4235 ) ) ;
#1740 = VECTOR ( 'NONE', #5327, 1000.000000000000000 ) ;
#1741 = ORIENTED_EDGE ( 'NONE', *, *, #528, .F. ) ;
#1742 = ORIENTED_EDGE ( 'NONE', *, *, #4606, .F. ) ;
#1743 = ORIENTED_EDGE ( 'NONE', *, *, #5760, .T. ) ;
#1744 = FACE_OUTER_BOUND ( 'NONE', #848, .T. ) ;
#1745 = CARTESIAN_POINT ( 'NONE',  ( 1.152476217557659943, 6.150000000000000355, 9.105525942587588517 ) ) ;
#1746 = B_SPLINE_CURVE_WITH_KNOTS ( 'NONE', 3,
 ( #7340, #5935, #7243, #1080, #8656, #6661, #8065, #2475 ),
 .UNSPECIFIED., .F., .F.,
 ( 4, 2, 2, 4 ),
 ( -0.03604788912740639756, -0.03592403044197629847, -0.03052034531978880041, -0.03014254293318389261 ),
 .UNSPECIFIED. ) ;
#1747 = AXIS2_PLACEMENT_3D ( 'NONE', #8246, #764, #5402 ) ;
#1748 = CARTESIAN_POINT ( 'NONE',  ( 2.449999999999999734, 3.250000000000000000, 19.00000000000000000 ) ) ;
#1749 = VERTEX_POINT ( 'NONE', #5978 ) ;
#1750 = CARTESIAN_POINT ( 'NONE',  ( -0.1093513136794850016, 0.1499999999999999944, 18.50000000000000000 ) ) ;
#1751 = DIRECTION ( 'NONE',  ( -0.1016217158801560189, -0.9948231133531091341, 0.000000000000000000 ) ) ;
#1752 = ORIENTED_EDGE ( 'NONE', *, *, #2322, .F. ) ;
#1753 = CIRCLE ( 'NONE', #5199, 0.09999999999999939493 ) ;
#1754 = CARTESIAN_POINT ( 'NONE',  ( 1.428847070355564464, 6.150000000000002132, 9.683321737259010575 ) ) ;
#1755 = VERTEX_POINT ( 'NONE', #2649 ) ;
#1756 = LINE ( 'NONE', #3819, #5057 ) ;
#1757 = CARTESIAN_POINT ( 'NONE',  ( 1.188942992817430211, 6.149948524861880372, 7.568248772192540663 ) ) ;
#1758 = ORIENTED_EDGE ( 'NONE', *, *, #4487, .F. ) ;
#1759 = DIRECTION ( 'NONE',  ( 0.7071067811865594521, 0.000000000000000000, -0.7071067811865355823 ) ) ;
#1760 = FACE_OUTER_BOUND ( 'NONE', #17, .T. ) ;
#1761 = CARTESIAN_POINT ( 'NONE',  ( 1.000000000000000000, 1.918970011072349990, 0.5999999999999999778 ) ) ;
#1762 = ORIENTED_EDGE ( 'NONE', *, *, #1304, .T. ) ;
#1763 = VECTOR ( 'NONE', #8138, 1000.000000000000114 ) ;
#1764 = CARTESIAN_POINT ( 'NONE',  ( 0.8583108971288719857, 6.149950000282250251, 9.426433564873539339 ) ) ;
#1765 = SURFACE_STYLE_FILL_AREA ( #4644 ) ;
#1766 = B_SPLINE_CURVE_WITH_KNOTS ( 'NONE', 3,
 ( #1627, #4860, #7604, #4903, #7651, #1126 ),
 .UNSPECIFIED., .F., .F.,
 ( 4, 2, 4 ),
 ( 0.000000000000000000, 0.5000000000000000000, 1.000000000000000000 ),
 .UNSPECIFIED. ) ;
#1767 = DIRECTION ( 'NONE',  ( -1.000000000000000000, 0.000000000000000000, 0.000000000000000000 ) ) ;
#1768 = CARTESIAN_POINT ( 'NONE',  ( 1.892272222812210192, 6.150000000000000355, 6.932292002422773436 ) ) ;
#1769 = DIRECTION ( 'NONE',  ( -1.000000000000000000, 9.251858538542969855E-16, 0.000000000000000000 ) ) ;
#1770 = ORIENTED_EDGE ( 'NONE', *, *, #4481, .T. ) ;
#1771 = CARTESIAN_POINT ( 'NONE',  ( 1.776463260891439910, 6.150000000000000355, 9.800825790873821219 ) ) ;
#1772 = CARTESIAN_POINT ( 'NONE',  ( 1.659445037761062780, 6.150000000000000355, 8.682511349574300041 ) ) ;
#1774 = ORIENTED_EDGE ( 'NONE', *, *, #7829, .F. ) ;
#1773 = EDGE_CURVE ( 'NONE', #1117, #7142, #8598, .T. ) ;
#1775 = CARTESIAN_POINT ( 'NONE',  ( 0.9369170571332540165, 6.150000000000000355, 10.73113374638960238 ) ) ;
#1776 = DIRECTION ( 'NONE',  ( -1.000000000000000000, 0.000000000000000000, 0.000000000000000000 ) ) ;
#1777 = DIRECTION ( 'NONE',  ( 0.5773502691896245098, -0.5773502691896242878, 0.5773502691896286176 ) ) ;
#1778 = DIRECTION ( 'NONE',  ( 0.000000000000000000, 0.000000000000000000, 1.000000000000000000 ) ) ;
#1779 = DIRECTION ( 'NONE',  ( 0.000000000000000000, 0.000000000000000000, -1.000000000000000000 ) ) ;
#1780 = CARTESIAN_POINT ( 'NONE',  ( 1.540644780878280162, 6.149899879328749819, 10.20277069151480021 ) ) ;
#1781 = ORIENTED_EDGE ( 'NONE', *, *, #6336, .T. ) ;
#1782 = ORIENTED_EDGE ( 'NONE', *, *, #6181, .T. ) ;
#1783 = CARTESIAN_POINT ( 'NONE',  ( 0.4302828521505719928, 6.150000000000000355, 6.799999999999999822 ) ) ;
#1784 = VERTEX_POINT ( 'NONE', #8833 ) ;
#1785 = CARTESIAN_POINT ( 'NONE',  ( -0.08125000000000000278, -6.817157287525379417, 0.000000000000000000 ) ) ;
#1786 = UNCERTAINTY_MEASURE_WITH_UNIT (LENGTH_MEASURE( 1.000000000000000082E-05 ), #7889, 'distance_accuracy_value', 'NONE');
#1787 = AXIS2_PLACEMENT_3D ( 'NONE', #35, #7729, #3585 ) ;
#1788 = CARTESIAN_POINT ( 'NONE',  ( 2.456612575086763339, 3.121334389867964187, 12.07877777009326259 ) ) ;
#1789 = CARTESIAN_POINT ( 'NONE',  ( 0.6000000000174630088, -6.150000000000000355, 1.000000000000000000 ) ) ;
#1790 = EDGE_CURVE ( 'NONE', #1552, #8616, #2798, .T. ) ;
#1791 = DIRECTION ( 'NONE',  ( 0.000000000000000000, 0.000000000000000000, 1.000000000000000000 ) ) ;
#1792 = ORIENTED_EDGE ( 'NONE', *, *, #6352, .F. ) ;
#1793 = VECTOR ( 'NONE', #154, 1000.000000000000000 ) ;
#1794 = CARTESIAN_POINT ( 'NONE',  ( -2.449999999999999734, 3.250000000000000000, 19.00000000000000000 ) ) ;
#1795 = CARTESIAN_POINT ( 'NONE',  ( 1.080623164082850085, 6.150000000000000355, 11.19142548744630083 ) ) ;
#1796 = ORIENTED_EDGE ( 'NONE', *, *, #5421, .F. ) ;
#1797 = CARTESIAN_POINT ( 'NONE',  ( 1.233832692099121831, 6.150000000000002132, 9.748905445089153687 ) ) ;
#1798 = VERTEX_POINT ( 'NONE', #6788 ) ;
#1800 = EDGE_CURVE ( 'NONE', #2216, #6113, #496, .T. ) ;
#1799 = CYLINDRICAL_SURFACE ( 'NONE', #7948, 0.1000000000000001027 ) ;
#1801 = EDGE_CURVE ( 'NONE', #6912, #1872, #78, .T. ) ;
#1802 = EDGE_CURVE ( 'NONE', #1872, #3388, #3633, .T. ) ;
#1803 = LINE ( 'NONE', #6484, #7673 ) ;
#1804 = EDGE_CURVE ( 'NONE', #306, #7866, #7009, .T. ) ;
#1805 = EDGE_CURVE ( 'NONE', #4627, #8556, #4075, .T. ) ;
#1806 = CARTESIAN_POINT ( 'NONE',  ( -1.029289321881343477, 3.120710678118653991, 18.52928932188134326 ) ) ;
#1807 = VECTOR ( 'NONE', #6697, 1000.000000000000000 ) ;
#1808 = DIRECTION ( 'NONE',  ( -0.7071067811865466846, -0.7071067811865483499, 0.000000000000000000 ) ) ;
#1809 = CARTESIAN_POINT ( 'NONE',  ( -0.009351313679485140015, -6.150000000000000355, 0.5999999999999999778 ) ) ;
#1810 = ORIENTED_EDGE ( 'NONE', *, *, #2217, .T. ) ;
#1811 = CARTESIAN_POINT ( 'NONE',  ( -0.1999999999912679960, -6.150000000000000355, 1.000000000000000000 ) ) ;
#1812 = AXIS2_PLACEMENT_3D ( 'NONE', #6124, #864, #4875 ) ;
#1813 = FACE_OUTER_BOUND ( 'NONE', #4467, .T. ) ;
#1814 = CARTESIAN_POINT ( 'NONE',  ( 1.131406525185350231, 6.150000000000001243, 10.07674454348570769 ) ) ;
#1815 = CARTESIAN_POINT ( 'NONE',  ( 0.009351313679485179914, 0.1499999999999999944, 0.5999999999999999778 ) ) ;
#1816 = AXIS2_PLACEMENT_3D ( 'NONE', #2834, #3418, #2748 ) ;
#1817 = EDGE_LOOP ( 'NONE', ( #8497, #7636, #3802, #120 ) ) ;
#1818 = CARTESIAN_POINT ( 'NONE',  ( 2.442386859369360064, 3.149999999999999911, 6.949999999999999289 ) ) ;
#1819 = VERTEX_POINT ( 'NONE', #3450 ) ;
#1820 = LINE ( 'NONE', #8768, #4173 ) ;
#1821 = DIRECTION ( 'NONE',  ( 0.000000000000000000, 0.000000000000000000, 1.000000000000000000 ) ) ;
#1822 = FACE_OUTER_BOUND ( 'NONE', #1653, .T. ) ;
#1823 = LINE ( 'NONE', #3307, #2845 ) ;
#1824 = CARTESIAN_POINT ( 'NONE',  ( -0.5000000000000000000, -6.150000000000000355, 18.39999999999999858 ) ) ;
#1825 = ORIENTED_EDGE ( 'NONE', *, *, #6671, .F. ) ;
#1826 = ORIENTED_EDGE ( 'NONE', *, *, #6893, .F. ) ;
#1827 = DIRECTION ( 'NONE',  ( 0.7034461695330959108, 0.07185740441467085293, 0.7071067811865485719 ) ) ;
#1828 = ORIENTED_EDGE ( 'NONE', *, *, #7793, .F. ) ;
#1829 = VERTEX_POINT ( 'NONE', #8278 ) ;
#1830 = PLANE ( 'NONE',  #8668 ) ;
#1831 = DIRECTION ( 'NONE',  ( 0.000000000000000000, 1.000000000000000000, 0.000000000000000000 ) ) ;
#1832 =( BOUNDED_CURVE ( )  B_SPLINE_CURVE ( 3, ( #2320, #5152, #2410, #3754 ),
 .UNSPECIFIED., .F., .F. ) 
 B_SPLINE_CURVE_WITH_KNOTS ( ( 4, 4 ),
 ( 0.7853981633974498333, 1.570796326794924092 ),
 .UNSPECIFIED. ) 
 CURVE ( )  GEOMETRIC_REPRESENTATION_ITEM ( )  RATIONAL_B_SPLINE_CURVE ( ( 1.000000000000000000, 0.9492530216741876803, 0.9492530216741876803, 1.000000000000000000 ) ) 
 REPRESENTATION_ITEM ( '' )  );
#1833 = LINE ( 'NONE', #1340, #7643 ) ;
#1834 = ADVANCED_FACE ( 'NONE', ( #2100 ), #4804, .F. ) ;
#1835 = AXIS2_PLACEMENT_3D ( 'NONE', #6503, #5099, #8583 ) ;
#1836 = EDGE_LOOP ( 'NONE', ( #8012, #2535, #1873, #7231, #5886, #28 ) ) ;
#1837 = CARTESIAN_POINT ( 'NONE',  ( 1.222168276942983578, 6.150000000000000355, 10.83243034433339957 ) ) ;
#1838 = SURFACE_STYLE_USAGE ( .BOTH. , #8741 ) ;
#1839 = ORIENTED_EDGE ( 'NONE', *, *, #7333, .F. ) ;
#1840 = EDGE_CURVE ( 'NONE', #6886, #3431, #201, .T. ) ;
#1841 = ORIENTED_EDGE ( 'NONE', *, *, #2116, .T. ) ;
#1842 = AXIS2_PLACEMENT_3D ( 'NONE', #4566, #3225, #472 ) ;
#1843 = CARTESIAN_POINT ( 'NONE',  ( -1.982096649352828033, 2.744639779506107491, 12.04999999999999716 ) ) ;
#1844 = DIRECTION ( 'NONE',  ( 0.000000000000000000, -0.7071067811865480168, -0.7071067811865470176 ) ) ;
#1845 = DIRECTION ( 'NONE',  ( -1.000000000000000000, 0.000000000000000000, 0.000000000000000000 ) ) ;
#1846 = CIRCLE ( 'NONE', #1127, 0.2000000000000000944 ) ;
#1847 = ORIENTED_EDGE ( 'NONE', *, *, #8636, .F. ) ;
#1848 = VECTOR ( 'NONE', #5815, 1000.000000000000000 ) ;
#1849 = CARTESIAN_POINT ( 'NONE',  ( 2.550000000000000266, 3.250000000000000000, 19.00000000000000000 ) ) ;
#1850 = CARTESIAN_POINT ( 'NONE',  ( -2.449999999999999734, 6.150000000000000355, 19.00000000000000000 ) ) ;
#1851 = ORIENTED_EDGE ( 'NONE', *, *, #3861, .F. ) ;
#1852 = ADVANCED_FACE ( 'NONE', ( #2146 ), #1573, .F. ) ;
#1853 = EDGE_CURVE ( 'NONE', #8546, #5762, #346, .T. ) ;
#1854 = EDGE_CURVE ( 'NONE', #2830, #4359, #1480, .T. ) ;
#1855 = PRESENTATION_STYLE_ASSIGNMENT (( #2529 ) ) ;
#1856 = CARTESIAN_POINT ( 'NONE',  ( 0.6302828521505700055, 5.349999999999999645, 12.30000000000000071 ) ) ;
#1857 = CARTESIAN_POINT ( 'NONE',  ( 1.375026842247378589, 6.150000000000003020, 10.31617837217148370 ) ) ;
#1858 = ORIENTED_EDGE ( 'NONE', *, *, #860, .T. ) ;
#1859 = ORIENTED_EDGE ( 'NONE', *, *, #4424, .F. ) ;
#1860 = DIRECTION ( 'NONE',  ( 0.000000000000000000, -1.000000000000000000, 0.000000000000000000 ) ) ;
#1861 = CARTESIAN_POINT ( 'NONE',  ( 5.551115123125779744E-16, 0.6879400221447089514, 0.5999999999999999778 ) ) ;
#1862 = VECTOR ( 'NONE', #651, 1000.000000000000000 ) ;
#1863 = CARTESIAN_POINT ( 'NONE',  ( 0.4302828521505699944, 5.349999999999999645, 12.30000000000000071 ) ) ;
#1864 = CARTESIAN_POINT ( 'NONE',  ( 1.257014306635650058, 6.150000000000000355, 10.75949679381386659 ) ) ;
#1865 = SURFACE_SIDE_STYLE ('',( #8540 ) ) ;
#1866 = LINE ( 'NONE', #8288, #8660 ) ;
#1867 = CARTESIAN_POINT ( 'NONE',  ( 1.152476217557659943, 6.149899999999999700, 8.682511349574300041 ) ) ;
#1868 = CARTESIAN_POINT ( 'NONE',  ( 1.746566314626848859, 6.150000000000001243, 10.13102114921693797 ) ) ;
#1869 = EDGE_LOOP ( 'NONE', ( #622, #2684, #2922, #3400 ) ) ;
#1870 = VERTEX_POINT ( 'NONE', #1387 ) ;
#1871 = DIRECTION ( 'NONE',  ( 0.7071067811865466846, 0.000000000000000000, 0.7071067811865482389 ) ) ;
#1872 = VERTEX_POINT ( 'NONE', #2777 ) ;
#1873 = ORIENTED_EDGE ( 'NONE', *, *, #6972, .F. ) ;
#1874 = CARTESIAN_POINT ( 'NONE',  ( -0.4302828521505699944, 6.150000000000000355, 12.09999999999999964 ) ) ;
#1875 = DIRECTION ( 'NONE',  ( -0.1016217158801570042, 0.9948231133531090231, 0.000000000000000000 ) ) ;
#1876 = FACE_BOUND ( 'NONE', #377, .T. ) ;
#1877 = ORIENTED_EDGE ( 'NONE', *, *, #3165, .T. ) ;
#1878 = FACE_OUTER_BOUND ( 'NONE', #254, .T. ) ;
#1879 = DIRECTION ( 'NONE',  ( 0.000000000000000000, -1.000000000000000000, 0.000000000000000000 ) ) ;
#1880 = VERTEX_POINT ( 'NONE', #5613 ) ;
#1881 = ORIENTED_EDGE ( 'NONE', *, *, #8639, .T. ) ;
#1882 = ADVANCED_FACE ( 'NONE', ( #7688 ), #6235, .F. ) ;
#1883 = PLANE ( 'NONE',  #1618 ) ;
#1884 = CIRCLE ( 'NONE', #870, 0.2000000000000009548 ) ;
#1885 = VECTOR ( 'NONE', #6104, 1000.000000000000000 ) ;
#1886 =( BOUNDED_CURVE ( )  B_SPLINE_CURVE ( 3, ( #6774, #742, #6904, #2088 ),
 .UNSPECIFIED., .F., .F. ) 
 B_SPLINE_CURVE_WITH_KNOTS ( ( 4, 4 ),
 ( 5.497787143782137065, 5.553353266161295210 ),
 .UNSPECIFIED. ) 
 CURVE ( )  GEOMETRIC_REPRESENTATION_ITEM ( )  RATIONAL_B_SPLINE_CURVE ( ( 1.000000000000000000, 0.9997427170539771035, 0.9997427170539771035, 1.000000000000000000 ) ) 
 REPRESENTATION_ITEM ( '' )  );
#1887 = CYLINDRICAL_SURFACE ( 'NONE', #8841, 0.1000000000000007411 ) ;
#1888 = CARTESIAN_POINT ( 'NONE',  ( 2.040305328863119882, 3.050000000000000266, 0.000000000000000000 ) ) ;
#1889 = VERTEX_POINT ( 'NONE', #4894 ) ;
#1890 = DIRECTION ( 'NONE',  ( 0.000000000000000000, 0.7071067811865481278, 0.7071067811865467956 ) ) ;
#1891 = AXIS2_PLACEMENT_3D ( 'NONE', #2111, #5717, #7786 ) ;
#1892 = FACE_OUTER_BOUND ( 'NONE', #7011, .T. ) ;
#1893 = VERTEX_POINT ( 'NONE', #4219 ) ;
#1894 = DIRECTION ( 'NONE',  ( 0.000000000000000000, 0.000000000000000000, 1.000000000000000000 ) ) ;
#1895 = SURFACE_SIDE_STYLE ('',( #4598 ) ) ;
#1896 = ADVANCED_FACE ( 'NONE', ( #7642 ), #7594, .F. ) ;
#1897 = AXIS2_PLACEMENT_3D ( 'NONE', #3119, #7848, #6497 ) ;
#1898 = PLANE ( 'NONE',  #8145 ) ;
#1899 = LINE ( 'NONE', #3336, #2476 ) ;
#1900 = ORIENTED_EDGE ( 'NONE', *, *, #3787, .T. ) ;
#1901 = ORIENTED_EDGE ( 'NONE', *, *, #3661, .F. ) ;
#1902 = CARTESIAN_POINT ( 'NONE',  ( 0.009351313679485179914, -6.150000000000000355, 0.5999999999999999778 ) ) ;
#1903 = LINE ( 'NONE', #5190, #4854 ) ;
#1904 = CARTESIAN_POINT ( 'NONE',  ( -1.998671453395229891, 2.642426271735430099, 6.025000000000000355 ) ) ;
#1905 = DIRECTION ( 'NONE',  ( -1.000000000000000000, 0.000000000000000000, 0.000000000000000000 ) ) ;
#1906 = VECTOR ( 'NONE', #7454, 1000.000000000000000 ) ;
#1907 = CARTESIAN_POINT ( 'NONE',  ( 0.3250000000000000111, 7.900000000000000355, 0.000000000000000000 ) ) ;
#1908 = EDGE_CURVE ( 'NONE', #7852, #4208, #2872, .T. ) ;
#1909 = EDGE_CURVE ( 'NONE', #2899, #5831, #4511, .T. ) ;
#1910 = CARTESIAN_POINT ( 'NONE',  ( 0.6000000000174630088, -6.150000000000000355, 18.10000000003200071 ) ) ;
#1911 = EDGE_CURVE ( 'NONE', #7863, #3938, #4800, .T. ) ;
#1912 = CARTESIAN_POINT ( 'NONE',  ( 1.760255805220430014, 6.150000000000000355, 10.58688739091770081 ) ) ;
#1913 = FACE_OUTER_BOUND ( 'NONE', #6565, .T. ) ;
#1914 = VERTEX_POINT ( 'NONE', #4260 ) ;
#1915 = VECTOR ( 'NONE', #4567, 1000.000000000000000 ) ;
#1916 = ORIENTED_EDGE ( 'NONE', *, *, #371, .T. ) ;
#1917 = CARTESIAN_POINT ( 'NONE',  ( 0.5717042083878813852, 6.150000000000000355, 6.941421356237309048 ) ) ;
#1918 = CARTESIAN_POINT ( 'NONE',  ( -0.4302828521505699944, 6.150000000000000355, 12.30000000000000071 ) ) ;
#1919 = EDGE_CURVE ( 'NONE', #1566, #3512, #5661, .T. ) ;
#1920 = EDGE_CURVE ( 'NONE', #64, #2685, #618, .T. ) ;
#1921 = CARTESIAN_POINT ( 'NONE',  ( -1.914675432586496973, 2.702981979873716245, 12.09829360166025580 ) ) ;
#1922 = DIRECTION ( 'NONE',  ( 4.205390244792259832E-16, 1.000000000000000000, 0.000000000000000000 ) ) ;
#1923 = CARTESIAN_POINT ( 'NONE',  ( 1.973283754570961834, 3.124216632767869317, 0.5670215742921581592 ) ) ;
#1924 = ORIENTED_EDGE ( 'NONE', *, *, #634, .T. ) ;
#1925 = CARTESIAN_POINT ( 'NONE',  ( -2.449999999999999734, 6.120710678118652659, 19.07071067811865461 ) ) ;
#1926 = VECTOR ( 'NONE', #7832, 1000.000000000000000 ) ;
#1927 = ORIENTED_EDGE ( 'NONE', *, *, #7412, .F. ) ;
#1928 = ORIENTED_EDGE ( 'NONE', *, *, #8518, .F. ) ;
#1929 = CARTESIAN_POINT ( 'NONE',  ( -0.6302828521505730031, 6.150000000000000355, 3.000000000000000000 ) ) ;
#1930 = CARTESIAN_POINT ( 'NONE',  ( 2.446615845914340781, 3.091261336539647520, 12.05860242882307531 ) ) ;
#1931 = CARTESIAN_POINT ( 'NONE',  ( -0.6302828521505690063, 6.150000000000000355, 15.90000000000000036 ) ) ;
#1932 = AXIS2_PLACEMENT_3D ( 'NONE', #1423, #824, #5651 ) ;
#1933 = B_SPLINE_CURVE_WITH_KNOTS ( 'NONE', 3,
 ( #7540, #6179, #702, #23 ),
 .UNSPECIFIED., .F., .F.,
 ( 4, 4 ),
 ( 0.000000000000000000, 1.000000000000000000 ),
 .UNSPECIFIED. ) ;
#1934 = ORIENTED_EDGE ( 'NONE', *, *, #2542, .T. ) ;
#1935 = CARTESIAN_POINT ( 'NONE',  ( 1.346155312826200046, 6.150000000000000355, 7.950744726028309728 ) ) ;
#1936 = EDGE_CURVE ( 'NONE', #763, #3363, #4385, .T. ) ;
#1937 = DIRECTION ( 'NONE',  ( 0.000000000000000000, -1.000000000000000000, 0.000000000000000000 ) ) ;
#1938 = CARTESIAN_POINT ( 'NONE',  ( -1.000000000000000000, 0.1795965973663300186, 0.2999999999999999889 ) ) ;
#1939 = EDGE_CURVE ( 'NONE', #569, #7517, #5232, .T. ) ;
#1940 = PLANE ( 'NONE',  #1529 ) ;
#1941 = CARTESIAN_POINT ( 'NONE',  ( 1.917468125229200071, 6.150000000000000355, 10.93066553398383434 ) ) ;
#1942 = VERTEX_POINT ( 'NONE', #1789 ) ;
#1943 = ORIENTED_EDGE ( 'NONE', *, *, #6187, .F. ) ;
#1944 = CARTESIAN_POINT ( 'NONE',  ( 2.449999999999999734, 3.050000000000000266, 12.14999999999999858 ) ) ;
#1945 = CIRCLE ( 'NONE', #4719, 0.2000000000000000944 ) ;
#1946 = CARTESIAN_POINT ( 'NONE',  ( 0.9369170571332540165, 6.150000000000000355, 10.60471559215579873 ) ) ;
#1947 = CARTESIAN_POINT ( 'NONE',  ( 1.152476217557659943, 6.149899999999999700, 8.682511349574300041 ) ) ;
#1948 = EDGE_CURVE ( 'NONE', #1663, #4724, #4531, .T. ) ;
#1949 = CARTESIAN_POINT ( 'NONE',  ( 1.794700246179051106, 6.149999999999998579, 10.40893410633400329 ) ) ;
#1950 = AXIS2_PLACEMENT_3D ( 'NONE', #4777, #7605, #2157 ) ;
#1951 = DIRECTION ( 'NONE',  ( 0.7071067811865446862, 0.7071067811865503483, 5.082197683525802034E-16 ) ) ;
#1952 = PRODUCT ( 'Littelfuse Inc 0287002.PXCN 2_MIR^Littelfuse_Inc_-_0287040.PXCN(2)_Littelfuse_Inc_-_0287040.PXCN', 'Littelfuse Inc 0287002.PXCN 2_MIR^Littelfuse_Inc_-_0287040.PXCN(2)_Littelfuse_Inc_-_0287040.PXCN', '', ( #2699 ) ) ;
#1953 = B_SPLINE_CURVE_WITH_KNOTS ( 'NONE', 3,
 ( #803, #6288, #2249, #132 ),
 .UNSPECIFIED., .F., .F.,
 ( 4, 4 ),
 ( 0.006601258133709420745, 0.01018710680405010040 ),
 .UNSPECIFIED. ) ;
#1954 = CARTESIAN_POINT ( 'NONE',  ( -2.040305328863119882, 3.050000000000000266, 6.949999999999999289 ) ) ;
#1955 = EDGE_LOOP ( 'NONE', ( #8379, #8873, #6023, #387 ) ) ;
#1956 = EDGE_CURVE ( 'NONE', #6222, #5708, #6431, .T. ) ;
#1957 = ORIENTED_EDGE ( 'NONE', *, *, #906, .T. ) ;
#1958 = EDGE_CURVE ( 'NONE', #7852, #8146, #7962, .T. ) ;
#1959 = DIRECTION ( 'NONE',  ( 1.000000000000000000, 0.000000000000000000, 0.000000000000000000 ) ) ;
#1960 = EDGE_CURVE ( 'NONE', #1120, #2634, #5881, .T. ) ;
#1961 = DIRECTION ( 'NONE',  ( 0.000000000000000000, 0.000000000000000000, -1.000000000000000000 ) ) ;
#1962 = DIRECTION ( 'NONE',  ( 0.5773502691896257311, 0.5773502691896214012, 0.5773502691896300609 ) ) ;
#1963 = EDGE_CURVE ( 'NONE', #4187, #4999, #2070, .T. ) ;
#1964 = CARTESIAN_POINT ( 'NONE',  ( -0.001999999999997560153, -7.900000000000000355, -1.000000000000000000 ) ) ;
#1965 = CARTESIAN_POINT ( 'NONE',  ( -0.4302828521505729920, 6.150000000000000355, 3.200000000000000178 ) ) ;
#1966 = CARTESIAN_POINT ( 'NONE',  ( 1.972024441411811324, 3.123079405878081527, 0.5682808874513085584 ) ) ;
#1967 = B_SPLINE_CURVE_WITH_KNOTS ( 'NONE', 3,
 ( #6143, #5391, #3493, #6234, #6823, #2820 ),
 .UNSPECIFIED., .F., .F.,
 ( 4, 2, 4 ),
 ( 0.000000000000000000, 0.4999999999999993339, 1.000000000000000000 ),
 .UNSPECIFIED. ) ;
#1968 = VERTEX_POINT ( 'NONE', #3807 ) ;
#1969 = DIRECTION ( 'NONE',  ( 1.000000000000000000, 0.000000000000000000, 0.000000000000000000 ) ) ;
#1970 = CARTESIAN_POINT ( 'NONE',  ( 1.973283754570961834, 3.124216632767869317, 12.08297842570784120 ) ) ;
#1971 = VERTEX_POINT ( 'NONE', #7772 ) ;
#1972 = ORIENTED_EDGE ( 'NONE', *, *, #5698, .T. ) ;
#1973 = DIRECTION ( 'NONE',  ( 0.000000000000000000, 0.000000000000000000, 1.000000000000000000 ) ) ;
#1974 = DIRECTION ( 'NONE',  ( 0.000000000000000000, 0.000000000000000000, 1.000000000000000000 ) ) ;
#1975 = CARTESIAN_POINT ( 'NONE',  ( 0.9999999999999997780, 3.076876110206469672, 0.3000000000000003775 ) ) ;
#1976 = EDGE_LOOP ( 'NONE', ( #72, #204, #5169, #833 ) ) ;
#1977 = CARTESIAN_POINT ( 'NONE',  ( 0.8963984179557320520, 6.150000000000000355, 11.51962646478420105 ) ) ;
#1978 = LINE ( 'NONE', #538, #6443 ) ;
#1979 = VECTOR ( 'NONE', #6996, 1000.000000000000000 ) ;
#1980 = CIRCLE ( 'NONE', #2113, 0.09999999999999982514 ) ;
#1981 = ORIENTED_EDGE ( 'NONE', *, *, #3774, .F. ) ;
#1982 = DIRECTION ( 'NONE',  ( 1.000000000000000000, 0.000000000000000000, 0.000000000000000000 ) ) ;
#1983 = ORIENTED_EDGE ( 'NONE', *, *, #7393, .F. ) ;
#1984 = AXIS2_PLACEMENT_3D ( 'NONE', #4942, #7692, #7013 ) ;
#1985 = AXIS2_PLACEMENT_3D ( 'NONE', #6359, #1007, #190 ) ;
#1986 = CARTESIAN_POINT ( 'NONE',  ( -2.449999999999999734, 3.250000000000000000, 12.14999999999999858 ) ) ;
#1987 = CARTESIAN_POINT ( 'NONE',  ( 1.333320359436527713, 6.150000000000000355, 6.844598795244465350 ) ) ;
#1988 = ORIENTED_EDGE ( 'NONE', *, *, #8335, .T. ) ;
#1989 = ORIENTED_EDGE ( 'NONE', *, *, #2458, .F. ) ;
#1990 = CARTESIAN_POINT ( 'NONE',  ( -1.275000000000000133, 3.050000000000000266, 18.59999999999999787 ) ) ;
#1991 = VECTOR ( 'NONE', #4898, 1000.000000000000000 ) ;
#1992 = AXIS2_PLACEMENT_3D ( 'NONE', #140, #2979, #3689 ) ;
#1993 = CARTESIAN_POINT ( 'NONE',  ( -0.4302828521505719928, 6.150000000000000355, 6.799999999999999822 ) ) ;
#1994 = FACE_OUTER_BOUND ( 'NONE', #1705, .T. ) ;
#1995 = EDGE_CURVE ( 'NONE', #758, #2550, #7101, .T. ) ;
#1996 = VECTOR ( 'NONE', #7175, 1000.000000000000000 ) ;
#1997 = CARTESIAN_POINT ( 'NONE',  ( -2.449999999999999734, 3.149999999999999911, 19.00000000000000000 ) ) ;
#1998 = CARTESIAN_POINT ( 'NONE',  ( 1.776463260891450124, 6.150000000000000355, 6.945072101642299600 ) ) ;
#1999 = VERTEX_POINT ( 'NONE', #5164 ) ;
#2000 = EDGE_LOOP ( 'NONE', ( #5108, #845, #314, #7273 ) ) ;
#2001 = SPHERICAL_SURFACE ( 'NONE', #7304, 0.1000000000000000056 ) ;
#2002 = EDGE_CURVE ( 'NONE', #8878, #4675, #5518, .T. ) ;
#2003 = DIRECTION ( 'NONE',  ( 0.000000000000000000, 0.000000000000000000, 1.000000000000000000 ) ) ;
#2004 = DIRECTION ( 'NONE',  ( 0.000000000000000000, -1.000000000000000000, 0.000000000000000000 ) ) ;
#2005 = CARTESIAN_POINT ( 'NONE',  ( 1.257014306635659828, 6.150000000000000355, 8.896449764431599405 ) ) ;
#2006 = DIRECTION ( 'NONE',  ( 0.000000000000000000, -1.000000000000000000, 0.000000000000000000 ) ) ;
#2007 = B_SPLINE_CURVE_WITH_KNOTS ( 'NONE', 3,
 ( #7078, #8530, #234, #7752 ),
 .UNSPECIFIED., .F., .F.,
 ( 4, 4 ),
 ( 0.000000000000000000, 1.000000000000000000 ),
 .UNSPECIFIED. ) ;
#2008 = DIRECTION ( 'NONE',  ( -0.000000000000000000, 1.000000000000000000, 0.000000000000000000 ) ) ;
#2009 = VERTEX_POINT ( 'NONE', #6559 ) ;
#2010 = CARTESIAN_POINT ( 'NONE',  ( 1.152476217557664162, 6.150000000000000355, 8.304067259656271460 ) ) ;
#2011 = VERTEX_POINT ( 'NONE', #258 ) ;
#2012 = ORIENTED_EDGE ( 'NONE', *, *, #3009, .F. ) ;
#2013 = CARTESIAN_POINT ( 'NONE',  ( -1.953160138207324259, 3.104276165581513869, 18.51285480934419780 ) ) ;
#2014 = CARTESIAN_POINT ( 'NONE',  ( -0.1625000000000000056, -7.400000000000000355, 0.5000000000000000000 ) ) ;
#2015 = LINE ( 'NONE', #713, #6488 ) ;
#2016 = ORIENTED_EDGE ( 'NONE', *, *, #6900, .T. ) ;
#2017 = CARTESIAN_POINT ( 'NONE',  ( -1.100000000000000089, 3.050000000000000266, 9.250000000000000000 ) ) ;
#2018 = DIRECTION ( 'NONE',  ( -1.000000000000000000, 0.000000000000000000, 0.000000000000000000 ) ) ;
#2019 = VECTOR ( 'NONE', #8528, 1000.000000000000227 ) ;
#2020 = ORIENTED_EDGE ( 'NONE', *, *, #3417, .F. ) ;
#2021 = CARTESIAN_POINT ( 'NONE',  ( 1.187322247250316876, 6.150000000000000355, 10.37213860327680059 ) ) ;
#2022 = ORIENTED_EDGE ( 'NONE', *, *, #124, .F. ) ;
#2023 = CARTESIAN_POINT ( 'NONE',  ( -8.773584774923998353, -8.374220987382001269, -7.250000000000000000 ) ) ;
#2024 = EDGE_CURVE ( 'NONE', #1018, #7825, #6609, .T. ) ;
#2025 = PRODUCT ( 'Littelfuse Inc 0287002.PXCN 2^Littelfuse_Inc_-_0287040.PXCN(2)_Littelfuse_Inc_-_0287040.PXCN', 'Littelfuse Inc 0287002.PXCN 2^Littelfuse_Inc_-_0287040.PXCN(2)_Littelfuse_Inc_-_0287040.PXCN', '', ( #6385 ) ) ;
#2026 = CIRCLE ( 'NONE', #8218, 0.2000000000000005107 ) ;
#2027 = CYLINDRICAL_SURFACE ( 'NONE', #6981, 0.1000000000000001443 ) ;
#2028 = CARTESIAN_POINT ( 'NONE',  ( 1.214874921891039961, 6.149899831514429316, 6.911036444733179351 ) ) ;
#2029 = ORIENTED_EDGE ( 'NONE', *, *, #8322, .T. ) ;
#2030 = VERTEX_POINT ( 'NONE', #348 ) ;
#2031 = ADVANCED_FACE ( 'NONE', ( #5026 ), #5751, .T. ) ;
#2032 = DIRECTION ( 'NONE',  ( -0.7071067811865571207, -1.761828530288943916E-15, 0.7071067811865380248 ) ) ;
#2033 = ORIENTED_EDGE ( 'NONE', *, *, #5679, .F. ) ;
#2034 = DIRECTION ( 'NONE',  ( 0.000000000000000000, -1.000000000000000000, 0.000000000000000000 ) ) ;
#2035 = CARTESIAN_POINT ( 'NONE',  ( 0.3617499999999999605, -7.540250000000000341, -0.6402499999999999858 ) ) ;
#2036 = ADVANCED_FACE ( 'NONE', ( #6469 ), #3093, .F. ) ;
#2037 = AXIS2_PLACEMENT_3D ( 'NONE', #8888, #7395, #6715 ) ;
#2038 = CIRCLE ( 'NONE', #459, 0.09999999999999982514 ) ;
#2039 = CARTESIAN_POINT ( 'NONE',  ( -2.449999999999999734, 3.124528639857839796, 12.08332555331359792 ) ) ;
#2040 = DIRECTION ( 'NONE',  ( 1.110223024625160011E-14, 0.000000000000000000, 1.000000000000000000 ) ) ;
#2041 = ADVANCED_FACE ( 'NONE', ( #8596 ), #2375, .F. ) ;
#2042 = ORIENTED_EDGE ( 'NONE', *, *, #3008, .F. ) ;
#2043 = DIRECTION ( 'NONE',  ( 1.000000000000000000, 0.000000000000000000, 0.000000000000000000 ) ) ;
#2044 = AXIS2_PLACEMENT_3D ( 'NONE', #67, #652, #2808 ) ;
#2045 = CARTESIAN_POINT ( 'NONE',  ( -2.449999999999999734, 6.049999999999999822, 19.00000000000000000 ) ) ;
#2046 = DIRECTION ( 'NONE',  ( 0.000000000000000000, 1.000000000000000000, 0.000000000000000000 ) ) ;
#2047 = DIRECTION ( 'NONE',  ( 0.000000000000000000, -1.000000000000000000, 0.000000000000000000 ) ) ;
#2048 = DIRECTION ( 'NONE',  ( 0.000000000000000000, 0.7071067811865470176, -0.7071067811865480168 ) ) ;
#2049 = VERTEX_POINT ( 'NONE', #3313 ) ;
#2050 = ORIENTED_EDGE ( 'NONE', *, *, #4492, .F. ) ;
#2051 = CARTESIAN_POINT ( 'NONE',  ( 0.4302828521505719928, 5.349999999999999645, 6.799999999999999822 ) ) ;
#2052 = ORIENTED_EDGE ( 'NONE', *, *, #1773, .F. ) ;
#2053 = ORIENTED_EDGE ( 'NONE', *, *, #5646, .T. ) ;
#2054 = CARTESIAN_POINT ( 'NONE',  ( 1.540644780878280162, 6.149899879328749819, 10.20277069151480021 ) ) ;
#2055 = ADVANCED_FACE ( 'NONE', ( #1291 ), #6093, .F. ) ;
#2056 = CARTESIAN_POINT ( 'NONE',  ( 0.1625000000000000056, -2.899999999999999911, 5.200000000000000178 ) ) ;
#2057 = DIRECTION ( 'NONE',  ( 0.7034461695330961328, 0.07185740441466653694, 0.7071067811865487940 ) ) ;
#2058 = ORIENTED_EDGE ( 'NONE', *, *, #7245, .F. ) ;
#2059 = DIRECTION ( 'NONE',  ( -0.7071067811865464625, 0.7071067811865486830, 0.000000000000000000 ) ) ;
#2060 = CARTESIAN_POINT ( 'NONE',  ( 1.502601913132799893, -6.150000000000000355, 8.675000000000000711 ) ) ;
#2061 = ADVANCED_FACE ( 'NONE', ( #8139 ), #7496, .F. ) ;
#2062 = EDGE_LOOP ( 'NONE', ( #1429, #3467, #8069, #6998 ) ) ;
#2063 = EDGE_CURVE ( 'NONE', #5540, #4373, #8120, .T. ) ;
#2064 = CARTESIAN_POINT ( 'NONE',  ( -1.000000000000000000, 3.050000000000000266, 9.250000000000000000 ) ) ;
#2065 = ORIENTED_EDGE ( 'NONE', *, *, #4309, .F. ) ;
#2066 = EDGE_CURVE ( 'NONE', #1241, #1650, #8387, .T. ) ;
#2067 = EDGE_CURVE ( 'NONE', #4742, #240, #4082, .T. ) ;
#2068 = CARTESIAN_POINT ( 'NONE',  ( -8.773584774923998353, -8.374220987382001269, 7.250000000000000000 ) ) ;
#2069 = EDGE_CURVE ( 'NONE', #5064, #1566, #640, .T. ) ;
#2070 = CIRCLE ( 'NONE', #6231, 0.1999999999999996503 ) ;
#2071 = ORIENTED_EDGE ( 'NONE', *, *, #4317, .F. ) ;
#2072 = CARTESIAN_POINT ( 'NONE',  ( -0.3203243431760319782, 3.050000000000000266, 6.949999999999999289 ) ) ;
#2073 = CARTESIAN_POINT ( 'NONE',  ( 1.901546021417972687, 6.149999999999999467, 10.11991720358327562 ) ) ;
#2074 = ORIENTED_EDGE ( 'NONE', *, *, #5634, .F. ) ;
#2075 = ORIENTED_EDGE ( 'NONE', *, *, #3638, .T. ) ;
#2076 = CARTESIAN_POINT ( 'NONE',  ( 1.008770110608053550, 6.150000000000000355, 10.73113374638960238 ) ) ;
#2077 = ORIENTED_EDGE ( 'NONE', *, *, #6073, .F. ) ;
#2078 = CARTESIAN_POINT ( 'NONE',  ( -0.5000000000000000000, -6.150000000000000355, 0.5999999999999999778 ) ) ;
#2079 = LINE ( 'NONE', #3595, #5486 ) ;
#2080 = CYLINDRICAL_SURFACE ( 'NONE', #8867, 0.1000000000000001443 ) ;
#2081 = DIRECTION ( 'NONE',  ( -0.9948231133531089121, 0.1016217158801569903, 0.000000000000000000 ) ) ;
#2082 = VECTOR ( 'NONE', #1203, 1000.000000000000000 ) ;
#2083 = VERTEX_POINT ( 'NONE', #1339 ) ;
#2084 = CARTESIAN_POINT ( 'NONE',  ( 1.614388704181360046, 6.149949307121489461, 11.06500733321239949 ) ) ;
#2085 = VERTEX_POINT ( 'NONE', #8823 ) ;
#2086 = DIRECTION ( 'NONE',  ( 0.7071067811865440200, -8.326672684688672081E-16, 0.7071067811865510144 ) ) ;
#2087 = DIRECTION ( 'NONE',  ( 0.000000000000000000, -1.000000000000000000, 0.000000000000000000 ) ) ;
#2088 = CARTESIAN_POINT ( 'NONE',  ( -2.449999999999999734, 3.124528639857839796, 7.016674446686419486 ) ) ;
#2089 = FACE_OUTER_BOUND ( 'NONE', #1976, .T. ) ;
#2090 = CIRCLE ( 'NONE', #6548, 0.1999999999999999556 ) ;
#2091 = FACE_OUTER_BOUND ( 'NONE', #4151, .T. ) ;
#2092 = ORIENTED_EDGE ( 'NONE', *, *, #8576, .T. ) ;
#2093 = VERTEX_POINT ( 'NONE', #485 ) ;
#2094 = DIRECTION ( 'NONE',  ( 0.000000000000000000, 0.000000000000000000, -1.000000000000000000 ) ) ;
#2095 = EDGE_LOOP ( 'NONE', ( #3319, #5575, #1658, #2940 ) ) ;
#2096 = VERTEX_POINT ( 'NONE', #2552 ) ;
#2097 = B_SPLINE_CURVE_WITH_KNOTS ( 'NONE', 3,
 ( #3830, #3253, #8027, #8073 ),
 .UNSPECIFIED., .F., .F.,
 ( 4, 4 ),
 ( 0.000000000000000000, 1.000000000000000000 ),
 .UNSPECIFIED. ) ;
#2098 = CARTESIAN_POINT ( 'NONE',  ( -2.040305328863119882, 3.050000000000000266, 12.14999999999999858 ) ) ;
#2099 = ADVANCED_FACE ( 'NONE', ( #6010 ), #8691, .F. ) ;
#2100 = FACE_OUTER_BOUND ( 'NONE', #6898, .T. ) ;
#2101 = DIRECTION ( 'NONE',  ( 1.000000000000000000, 0.000000000000000000, 0.000000000000000000 ) ) ;
#2102 = ORIENTED_EDGE ( 'NONE', *, *, #6586, .T. ) ;
#2103 = LINE ( 'NONE', #2691, #230 ) ;
#2104 = EDGE_CURVE ( 'NONE', #5224, #4797, #5928, .T. ) ;
#2105 = CARTESIAN_POINT ( 'NONE',  ( -2.229675656823970176, 3.050000000000000266, 6.949999999999999289 ) ) ;
#2106 = EDGE_LOOP ( 'NONE', ( #159, #4934, #2160, #8473 ) ) ;
#2107 = DIRECTION ( 'NONE',  ( 0.000000000000000000, -1.000000000000000000, 0.000000000000000000 ) ) ;
#2108 = ORIENTED_EDGE ( 'NONE', *, *, #7100, .T. ) ;
#2109 = EDGE_CURVE ( 'NONE', #3688, #2283, #7137, .T. ) ;
#2110 = DIRECTION ( 'NONE',  ( 0.000000000000000000, 0.000000000000000000, 1.000000000000000000 ) ) ;
#2111 = CARTESIAN_POINT ( 'NONE',  ( -0.08125000000000000278, -6.817157287525379417, 0.2000000000000000111 ) ) ;
#2112 = B_SPLINE_CURVE_WITH_KNOTS ( 'NONE', 3,
 ( #8336, #726, #6884, #1 ),
 .UNSPECIFIED., .F., .F.,
 ( 4, 4 ),
 ( 0.000000000000000000, 1.000000000000000000 ),
 .UNSPECIFIED. ) ;
#2113 = AXIS2_PLACEMENT_3D ( 'NONE', #4422, #4473, #2988 ) ;
#2114 = DIRECTION ( 'NONE',  ( -0.7071067811865594521, 0.000000000000000000, -0.7071067811865355823 ) ) ;
#2115 = ADVANCED_FACE ( 'NONE', ( #6736 ), #8781, .T. ) ;
#2116 = EDGE_CURVE ( 'NONE', #6886, #7684, #206, .T. ) ;
#2117 = CARTESIAN_POINT ( 'NONE',  ( -0.2999999999999999889, 3.149999999999999911, 12.14999999999999858 ) ) ;
#2118 = ORIENTED_EDGE ( 'NONE', *, *, #6445, .T. ) ;
#2119 = EDGE_CURVE ( 'NONE', #6252, #128, #8101, .T. ) ;
#2120 = ORIENTED_EDGE ( 'NONE', *, *, #4463, .F. ) ;
#2121 = LINE ( 'NONE', #54, #5719 ) ;
#2122 = ORIENTED_EDGE ( 'NONE', *, *, #1250, .F. ) ;
#2123 = CARTESIAN_POINT ( 'NONE',  ( 1.909351313647939863, 2.752070754658749951, 11.29999999999999893 ) ) ;
#2124 = AXIS2_PLACEMENT_3D ( 'NONE', #69, #1470, #2227 ) ;
#2125 = CIRCLE ( 'NONE', #7584, 0.09999999999999982514 ) ;
#2126 = DIRECTION ( 'NONE',  ( 0.000000000000000000, 0.000000000000000000, -1.000000000000000000 ) ) ;
#2127 = CARTESIAN_POINT ( 'NONE',  ( 2.445897849675559677, 3.084370747208040164, 12.05609232333640080 ) ) ;
#2128 = LINE ( 'NONE', #2215, #2948 ) ;
#2129 = VECTOR ( 'NONE', #3555, 1000.000000000000000 ) ;
#2130 = ORIENTED_EDGE ( 'NONE', *, *, #3774, .T. ) ;
#2131 = CARTESIAN_POINT ( 'NONE',  ( 1.293481081895430096, 6.150000000000000355, 6.993694468655320406 ) ) ;
#2132 = ORIENTED_EDGE ( 'NONE', *, *, #7795, .F. ) ;
#2133 = CARTESIAN_POINT ( 'NONE',  ( 1.776463260891450124, 6.150000000000000355, 7.979918146236129495 ) ) ;
#2134 = CARTESIAN_POINT ( 'NONE',  ( 1.027678808890889917, 6.149950000000000472, 11.37619048209569961 ) ) ;
#2135 = DIRECTION ( 'NONE',  ( -1.000000000000000000, 0.000000000000000000, 0.000000000000000000 ) ) ;
#2136 = LINE ( 'NONE', #4886, #1499 ) ;
#2137 = CARTESIAN_POINT ( 'NONE',  ( -0.4302828521505689952, 6.150000000000000355, 15.90000000000000036 ) ) ;
#2138 = VERTEX_POINT ( 'NONE', #7416 ) ;
#2139 = ORIENTED_EDGE ( 'NONE', *, *, #1136, .F. ) ;
#2140 = CARTESIAN_POINT ( 'NONE',  ( 0.4302828521505729920, 5.349999999999999645, 3.200000000000000178 ) ) ;
#2141 = ORIENTED_EDGE ( 'NONE', *, *, #2493, .T. ) ;
#2142 = ORIENTED_EDGE ( 'NONE', *, *, #1919, .F. ) ;
#2143 = VERTEX_POINT ( 'NONE', #3900 ) ;
#2144 = VECTOR ( 'NONE', #2639, 1000.000000000000000 ) ;
#2145 = DIRECTION ( 'NONE',  ( 0.000000000000000000, 0.000000000000000000, 1.000000000000000000 ) ) ;
#2146 = FACE_OUTER_BOUND ( 'NONE', #708, .T. ) ;
#2147 = DIRECTION ( 'NONE',  ( -1.734723475976804876E-16, 1.734723475976804876E-16, -1.000000000000000000 ) ) ;
#2148 = AXIS2_PLACEMENT_3D ( 'NONE', #3525, #2857, #8356 ) ;
#2149 = ORIENTED_EDGE ( 'NONE', *, *, #3210, .F. ) ;
#2150 = CYLINDRICAL_SURFACE ( 'NONE', #5268, 0.1000000000000000333 ) ;
#2151 = CARTESIAN_POINT ( 'NONE',  ( 0.1093513136794850016, 0.4189700110723549864, 18.50000000000000000 ) ) ;
#2152 = EDGE_CURVE ( 'NONE', #2634, #3228, #6653, .T. ) ;
#2153 = VERTEX_POINT ( 'NONE', #8056 ) ;
#2154 = LINE ( 'NONE', #4901, #7319 ) ;
#2155 = VERTEX_POINT ( 'NONE', #7374 ) ;
#2156 = CARTESIAN_POINT ( 'NONE',  ( -0.3250000000000000111, 7.900000000000000355, 0.000000000000000000 ) ) ;
#2157 = DIRECTION ( 'NONE',  ( 0.000000000000000000, -1.000000000000000000, 0.000000000000000000 ) ) ;
#2158 = MECHANICAL_DESIGN_GEOMETRIC_PRESENTATION_REPRESENTATION (  '', ( #1017 ), #8354 ) ;
#2159 = DIRECTION ( 'NONE',  ( -1.000000000000000000, 0.000000000000000000, 0.000000000000000000 ) ) ;
#2160 = ORIENTED_EDGE ( 'NONE', *, *, #4492, .T. ) ;
#2161 = ORIENTED_EDGE ( 'NONE', *, *, #626, .T. ) ;
#2162 = CARTESIAN_POINT ( 'NONE',  ( 0.6302828521505720039, 6.150000000000000355, 6.799999999999999822 ) ) ;
#2163 = ORIENTED_EDGE ( 'NONE', *, *, #8066, .T. ) ;
#2164 = CARTESIAN_POINT ( 'NONE',  ( -0.009351313679485110525, -6.150000000000000355, 18.39999999999999858 ) ) ;
#2165 =( BOUNDED_CURVE ( )  B_SPLINE_CURVE ( 3, ( #7840, #5631, #8482, #2842 ),
 .UNSPECIFIED., .F., .F. ) 
 B_SPLINE_CURVE_WITH_KNOTS ( ( 4, 4 ),
 ( 4.712388980384694115, 4.814186421570692431 ),
 .UNSPECIFIED. ) 
 CURVE ( )  GEOMETRIC_REPRESENTATION_ITEM ( )  RATIONAL_B_SPLINE_CURVE ( ( 1.000000000000000000, 0.9991366264984998802, 0.9991366264984998802, 1.000000000000000000 ) ) 
 REPRESENTATION_ITEM ( '' )  );
#2166 = EDGE_CURVE ( 'NONE', #7866, #4595, #352, .T. ) ;
#2167 = FACE_OUTER_BOUND ( 'NONE', #7118, .T. ) ;
#2168 = CARTESIAN_POINT ( 'NONE',  ( -1.275000000000000133, 3.250000000000000000, 19.09999999999999787 ) ) ;
#2169 = ORIENTED_EDGE ( 'NONE', *, *, #7568, .T. ) ;
#2170 = AXIS2_PLACEMENT_3D ( 'NONE', #3007, #1791, #4533 ) ;
#2171 = CARTESIAN_POINT ( 'NONE',  ( 1.235134241479800332, 6.150000000000000355, 7.070973160861899309 ) ) ;
#2172 = ORIENTED_EDGE ( 'NONE', *, *, #7089, .F. ) ;
#2173 = EDGE_CURVE ( 'NONE', #4373, #5032, #3056, .T. ) ;
#2174 = CARTESIAN_POINT ( 'NONE',  ( -1.275000000000000133, 3.250000000000000000, 19.00000000000000000 ) ) ;
#2175 = CARTESIAN_POINT ( 'NONE',  ( -0.4302828521505689952, 6.150000000000000355, 15.90000000000000036 ) ) ;
#2176 = ADVANCED_FACE ( 'NONE', ( #2089 ), #3394, .F. ) ;
#2177 = AXIS2_PLACEMENT_3D ( 'NONE', #4786, #6768, #2716 ) ;
#2178 = EDGE_CURVE ( 'NONE', #1394, #6113, #7582, .T. ) ;
#2179 = DIRECTION ( 'NONE',  ( 0.5773502691896261751, -0.5773502691896278405, -0.5773502691896233996 ) ) ;
#2180 = EDGE_CURVE ( 'NONE', #8024, #8157, #4669, .T. ) ;
#2181 = CARTESIAN_POINT ( 'NONE',  ( 1.756659116919344399, 6.150000000000002132, 7.264164533104136900 ) ) ;
#2182 = DIRECTION ( 'NONE',  ( -1.000000000000000000, 0.000000000000000000, 0.000000000000000000 ) ) ;
#2183 = CARTESIAN_POINT ( 'NONE',  ( 2.442386859369360064, 3.050000000000000266, 6.949999999999999289 ) ) ;
#2184 = VECTOR ( 'NONE', #7099, 1000.000000000000000 ) ;
#2185 = VERTEX_POINT ( 'NONE', #4926 ) ;
#2186 = ORIENTED_EDGE ( 'NONE', *, *, #8854, .T. ) ;
#2187 = DIRECTION ( 'NONE',  ( 1.000000000000000000, 0.000000000000000000, 0.000000000000000000 ) ) ;
#2188 = EDGE_CURVE ( 'NONE', #6163, #3942, #8266, .T. ) ;
#2189 = ORIENTED_EDGE ( 'NONE', *, *, #1800, .F. ) ;
#2190 = ORIENTED_EDGE ( 'NONE', *, *, #4050, .T. ) ;
#2191 = ORIENTED_EDGE ( 'NONE', *, *, #312, .T. ) ;
#2192 = B_SPLINE_CURVE_WITH_KNOTS ( 'NONE', 3,
 ( #1234, #556, #3306, #471, #5997, #2631, #2790, #6641, #5956 ),
 .UNSPECIFIED., .F., .F.,
 ( 4, 1, 2, 2, 4 ),
 ( 0.000000000000000000, 0.2499999999999942268, 0.3749999999999913403, 0.4999999999999884537, 1.000000000000000000 ),
 .UNSPECIFIED. ) ;
#2193 = CARTESIAN_POINT ( 'NONE',  ( 1.916559915722370055, 6.150000000000001243, 8.637227709280564270 ) ) ;
#2194 = DIRECTION ( 'NONE',  ( 0.000000000000000000, 0.000000000000000000, 1.000000000000000000 ) ) ;
#2195 = LINE ( 'NONE', #2243, #3612 ) ;
#2196 = ORIENTED_EDGE ( 'NONE', *, *, #8517, .T. ) ;
#2197 = CARTESIAN_POINT ( 'NONE',  ( 0.4302828521505699944, 5.208578643762690419, 12.15857864376268971 ) ) ;
#2198 = SPHERICAL_SURFACE ( 'NONE', #1984, 0.1000000000000000056 ) ;
#2199 = VECTOR ( 'NONE', #7228, 1000.000000000000114 ) ;
#2200 = ORIENTED_EDGE ( 'NONE', *, *, #3787, .F. ) ;
#2201 = CARTESIAN_POINT ( 'NONE',  ( 0.6302828521505730031, 6.150000000000000355, 3.000000000000000000 ) ) ;
#2202 = ORIENTED_EDGE ( 'NONE', *, *, #7068, .F. ) ;
#2203 = CARTESIAN_POINT ( 'NONE',  ( 1.953160138207325591, 3.104276165581514757, 7.037145190655794913 ) ) ;
#2204 = CARTESIAN_POINT ( 'NONE',  ( 1.718926793259370145, 6.150000000000000355, 9.699529192930018695 ) ) ;
#2205 = LINE ( 'NONE', #6297, #5919 ) ;
#2206 = ORIENTED_EDGE ( 'NONE', *, *, #3539, .F. ) ;
#2207 = LINE ( 'NONE', #275, #2993 ) ;
#2208 = ORIENTED_EDGE ( 'NONE', *, *, #3939, .T. ) ;
#2209 = AXIS2_PLACEMENT_3D ( 'NONE', #7235, #1070, #2464 ) ;
#2210 = CARTESIAN_POINT ( 'NONE',  ( 1.580353047272260225, 6.149950000282250251, 8.682511349574300041 ) ) ;
#2211 = EDGE_CURVE ( 'NONE', #4265, #1227, #7672, .T. ) ;
#2212 = VECTOR ( 'NONE', #2768, 1000.000000000000000 ) ;
#2213 = CARTESIAN_POINT ( 'NONE',  ( -2.520710678118654791, 6.120710678118654435, 0.000000000000000000 ) ) ;
#2214 = PLANE ( 'NONE',  #8109 ) ;
#2215 = CARTESIAN_POINT ( 'NONE',  ( 0.2414241856596819891, 0.3501893450377829842, 18.80000000000000071 ) ) ;
#2216 = VERTEX_POINT ( 'NONE', #2905 ) ;
#2217 = EDGE_CURVE ( 'NONE', #6188, #6414, #4229, .T. ) ;
#2218 = EDGE_CURVE ( 'NONE', #8095, #4044, #4159, .T. ) ;
#2219 = CARTESIAN_POINT ( 'NONE',  ( 1.540644780878280162, 6.149899999999999700, 9.683321737259008799 ) ) ;
#2220 = ORIENTED_EDGE ( 'NONE', *, *, #7245, .T. ) ;
#2221 = CARTESIAN_POINT ( 'NONE',  ( 0.5717042083878794978, 5.349999999999999645, 12.15857864376268971 ) ) ;
#2222 =( BOUNDED_CURVE ( )  B_SPLINE_CURVE ( 3, ( #1085, #273, #8524, #3784 ),
 .UNSPECIFIED., .F., .F. ) 
 B_SPLINE_CURVE_WITH_KNOTS ( ( 4, 4 ),
 ( 4.712388980384689674, 5.446888423189115258 ),
 .UNSPECIFIED. ) 
 CURVE ( )  GEOMETRIC_REPRESENTATION_ITEM ( )  RATIONAL_B_SPLINE_CURVE ( ( 1.000000000000000000, 0.9555455743070124797, 0.9555455743070124797, 1.000000000000000000 ) ) 
 REPRESENTATION_ITEM ( '' )  );
#2223 = DIRECTION ( 'NONE',  ( -4.625929269271579591E-16, -1.000000000000000000, -4.625929269271489858E-16 ) ) ;
#2224 = CARTESIAN_POINT ( 'NONE',  ( -0.1389940224055029871, 0.1949309109133109952, 0.2999999999999999889 ) ) ;
#2225 = DIRECTION ( 'NONE',  ( 0.000000000000000000, 0.000000000000000000, -1.000000000000000000 ) ) ;
#2226 = AXIS2_PLACEMENT_3D ( 'NONE', #5595, #8303, #6218 ) ;
#2227 = DIRECTION ( 'NONE',  ( -0.7071067811865467956, -0.7071067811865481278, 0.000000000000000000 ) ) ;
#2228 = EDGE_CURVE ( 'NONE', #3453, #6414, #8911, .T. ) ;
#2229 = CARTESIAN_POINT ( 'NONE',  ( 0.1940711901777180115, 0.1499999999999999944, 0.2999999999999999889 ) ) ;
#2230 = VERTEX_POINT ( 'NONE', #7717 ) ;
#2231 = EDGE_CURVE ( 'NONE', #5011, #5779, #6386, .T. ) ;
#2232 = EDGE_LOOP ( 'NONE', ( #8547, #5934, #463, #2406, #3716, #476, #680, #2515 ) ) ;
#2233 = ADVANCED_FACE ( 'NONE', ( #6268 ), #21, .F. ) ;
#2234 = EDGE_CURVE ( 'NONE', #2742, #5744, #5615, .T. ) ;
#2235 = EDGE_CURVE ( 'NONE', #2155, #7825, #2136, .T. ) ;
#2236 = ORIENTED_EDGE ( 'NONE', *, *, #8284, .T. ) ;
#2237 = ORIENTED_EDGE ( 'NONE', *, *, #8517, .F. ) ;
#2238 = ORIENTED_EDGE ( 'NONE', *, *, #2335, .T. ) ;
#2239 = PRODUCT_DEFINITION_CONTEXT ( 'detailed design', #6658, 'design' ) ;
#2240 = CIRCLE ( 'NONE', #6699, 0.09999999999999970024 ) ;
#2241 = CARTESIAN_POINT ( 'NONE',  ( 1.775011176988023687, 6.150000000000001243, 7.411927243960513501 ) ) ;
#2242 = CARTESIAN_POINT ( 'NONE',  ( -2.250000000000000000, 3.120710678118653991, 12.07928932188134397 ) ) ;
#2243 = CARTESIAN_POINT ( 'NONE',  ( -1.275000000000000133, 3.050000000000000266, 18.50000000000000000 ) ) ;
#2244 = ORIENTED_EDGE ( 'NONE', *, *, #7623, .T. ) ;
#2245 = CIRCLE ( 'NONE', #1816, 0.2000000000000005107 ) ;
#2246 = DIRECTION ( 'NONE',  ( 0.000000000000000000, -1.000000000000000000, 0.000000000000000000 ) ) ;
#2247 = CARTESIAN_POINT ( 'NONE',  ( -0.6302828521505700055, 6.150000000000000355, 12.30000000000000071 ) ) ;
#2248 = ORIENTED_EDGE ( 'NONE', *, *, #2234, .T. ) ;
#2249 = CARTESIAN_POINT ( 'NONE',  ( 2.452666114461526714, 3.112716438724981494, 7.028537707762647635 ) ) ;
#2250 = ORIENTED_EDGE ( 'NONE', *, *, #3092, .F. ) ;
#2251 = CARTESIAN_POINT ( 'NONE',  ( 1.137128246307219870, 6.150000000000000355, 7.741298236878147776 ) ) ;
#2252 = CARTESIAN_POINT ( 'NONE',  ( 0.9401585482674501559, 6.150000000000000355, 11.37619048209569961 ) ) ;
#2253 = CARTESIAN_POINT ( 'NONE',  ( 1.187322247250326646, 6.150000000000000355, 8.896449764431590523 ) ) ;
#2254 = CARTESIAN_POINT ( 'NONE',  ( 0.001999999999997560153, -7.900000000000000355, 1.000000000000000000 ) ) ;
#2255 = VERTEX_POINT ( 'NONE', #7627 ) ;
#2256 = B_SPLINE_CURVE_WITH_KNOTS ( 'NONE', 3,
 ( #1757, #4358, #2344, #3820 ),
 .UNSPECIFIED., .F., .F.,
 ( 4, 4 ),
 ( 0.000000000000000000, 1.000000000000000000 ),
 .UNSPECIFIED. ) ;
#2257 = DIRECTION ( 'NONE',  ( 0.000000000000000000, 0.000000000000000000, -1.000000000000000000 ) ) ;
#2258 = CARTESIAN_POINT ( 'NONE',  ( 1.902881415125300180, 6.150000000000000355, 11.46938335220406557 ) ) ;
#2259 = CIRCLE ( 'NONE', #1696, 0.1999999999999996503 ) ;
#2260 = CARTESIAN_POINT ( 'NONE',  ( 0.9369170571332520181, 6.149899999999999700, 11.19142548744630083 ) ) ;
#2261 = EDGE_CURVE ( 'NONE', #4891, #2805, #5603, .T. ) ;
#2262 = CARTESIAN_POINT ( 'NONE',  ( -1.972024441411810436, 3.123079405878081083, 18.53171911254868931 ) ) ;
#2263 = DIRECTION ( 'NONE',  ( -0.5773502691896257311, 0.5773502691896214012, 0.5773502691896300609 ) ) ;
#2264 = ORIENTED_EDGE ( 'NONE', *, *, #2434, .T. ) ;
#2265 = CARTESIAN_POINT ( 'NONE',  ( 1.214874921891039961, 6.149899831514429316, 6.911036444733179351 ) ) ;
#2266 = VECTOR ( 'NONE', #2182, 1000.000000000000000 ) ;
#2268 = ORIENTED_EDGE ( 'NONE', *, *, #583, .F. ) ;
#2267 = EDGE_CURVE ( 'NONE', #830, #344, #5207, .T. ) ;
#2269 = AXIS2_PLACEMENT_3D ( 'NONE', #6807, #5419, #4788 ) ;
#2270 = DIRECTION ( 'NONE',  ( -1.000000000000000000, 0.000000000000000000, 0.000000000000000000 ) ) ;
#2271 = DIRECTION ( 'NONE',  ( 0.000000000000000000, -1.000000000000000000, 0.000000000000000000 ) ) ;
#2272 = CARTESIAN_POINT ( 'NONE',  ( -2.442386859369360064, 3.149999999999999911, 12.14999999999999858 ) ) ;
#2273 = DIRECTION ( 'NONE',  ( 0.9948231133531090231, -0.1016217158801570042, 0.000000000000000000 ) ) ;
#2274 = B_SPLINE_CURVE_WITH_KNOTS ( 'NONE', 3,
 ( #4507, #7301, #8567, #541 ),
 .UNSPECIFIED., .F., .F.,
 ( 4, 4 ),
 ( 0.000000000000000000, 1.000000000000000000 ),
 .UNSPECIFIED. ) ;
#2275 = CIRCLE ( 'NONE', #1559, 0.1999999999999999833 ) ;
#2276 = VECTOR ( 'NONE', #1088, 1000.000000000000000 ) ;
#2277 = DIRECTION ( 'NONE',  ( -0.000000000000000000, 1.000000000000000000, 0.000000000000000000 ) ) ;
#2278 = LINE ( 'NONE', #1648, #3872 ) ;
#2279 = ORIENTED_EDGE ( 'NONE', *, *, #2724, .F. ) ;
#2280 = EDGE_CURVE ( 'NONE', #3242, #8247, #5840, .T. ) ;
#2281 = EDGE_LOOP ( 'NONE', ( #8455, #430, #2377, #1900, #4499 ) ) ;
#2282 = ORIENTED_EDGE ( 'NONE', *, *, #7910, .T. ) ;
#2283 = VERTEX_POINT ( 'NONE', #8494 ) ;
#2284 = ORIENTED_EDGE ( 'NONE', *, *, #7788, .T. ) ;
#2285 = PRESENTATION_LAYER_ASSIGNMENT (  '', '', ( #5588 ) ) ;
#2286 = CIRCLE ( 'NONE', #6874, 0.1999999999999996503 ) ;
#2287 = CARTESIAN_POINT ( 'NONE',  ( -1.275000000000000133, 3.050000000000000266, 18.80000000000000071 ) ) ;
#2288 = CARTESIAN_POINT ( 'NONE',  ( -1.909351313647939863, 2.752070754658749951, 12.05000000000000071 ) ) ;
#2289 = ADVANCED_FACE ( 'NONE', ( #7183 ), #4426, .T. ) ;
#2290 = LINE ( 'NONE', #5027, #6053 ) ;
#2291 = VERTEX_POINT ( 'NONE', #290 ) ;
#2292 = FACE_OUTER_BOUND ( 'NONE', #878, .T. ) ;
#2293 = DIRECTION ( 'NONE',  ( 1.942890293094022713E-16, 0.7071067811865469066, -0.7071067811865483499 ) ) ;
#2294 = EDGE_LOOP ( 'NONE', ( #4881, #4122, #3499, #3577 ) ) ;
#2295 = CARTESIAN_POINT ( 'NONE',  ( 1.152476217557649951, 6.150000000000000355, 10.81622288866240034 ) ) ;
#2296 = ORIENTED_EDGE ( 'NONE', *, *, #3498, .T. ) ;
#2297 = CARTESIAN_POINT ( 'NONE',  ( -2.449999999999999734, 6.049999999999999822, 0.1000000000000000056 ) ) ;
#2298 = EDGE_CURVE ( 'NONE', #3581, #2460, #5869, .T. ) ;
#2299 = VERTEX_POINT ( 'NONE', #3798 ) ;
#2300 = CARTESIAN_POINT ( 'NONE',  ( 1.991875210492789483, 3.141005708178517430, 6.998430118370332131 ) ) ;
#2301 = AXIS2_PLACEMENT_3D ( 'NONE', #2175, #2271, #3482 ) ;
#2302 = LINE ( 'NONE', #3510, #6344 ) ;
#2303 = EDGE_LOOP ( 'NONE', ( #2608, #5586, #3480, #5517 ) ) ;
#2304 = CARTESIAN_POINT ( 'NONE',  ( -1.029289321881345254, 3.120710678118654879, 0.5707106781186547240 ) ) ;
#2305 = EDGE_CURVE ( 'NONE', #7398, #7876, #1832, .T. ) ;
#2306 = CARTESIAN_POINT ( 'NONE',  ( 2.449999999999999734, 3.104252291860539970, 7.034004100065880394 ) ) ;
#2307 = DIRECTION ( 'NONE',  ( 0.7071067811865466846, 0.000000000000000000, -0.7071067811865483499 ) ) ;
#2308 = EDGE_CURVE ( 'NONE', #1971, #8784, #5380, .T. ) ;
#2309 = CARTESIAN_POINT ( 'NONE',  ( 0.9798668146614301078, 6.150000000000000355, 8.850528640030409733 ) ) ;
#2310 = B_SPLINE_CURVE_WITH_KNOTS ( 'NONE', 3,
 ( #3097, #7420, #3812, #8785 ),
 .UNSPECIFIED., .F., .F.,
 ( 4, 4 ),
 ( 0.000000000000000000, 1.000000000000000000 ),
 .UNSPECIFIED. ) ;
#2311 = CARTESIAN_POINT ( 'NONE',  ( 0.3250000000000000111, -7.900000000000000355, -5.200000000000000178 ) ) ;
#2312 = ORIENTED_EDGE ( 'NONE', *, *, #4424, .T. ) ;
#2313 = CARTESIAN_POINT ( 'NONE',  ( 1.848644361646134548, 6.149999999999998579, 11.14364281356546371 ) ) ;
#2314 = ADVANCED_FACE ( 'NONE', ( #7859 ), #200, .F. ) ;
#2315 = ORIENTED_EDGE ( 'NONE', *, *, #1995, .T. ) ;
#2316 = AXIS2_PLACEMENT_3D ( 'NONE', #5411, #8165, #5497 ) ;
#2317 = CARTESIAN_POINT ( 'NONE',  ( -1.029289321881343477, 3.120710678118653991, 18.52928932188134326 ) ) ;
#2318 = DIRECTION ( 'NONE',  ( 3.469446951953610245E-16, 0.000000000000000000, 1.000000000000000000 ) ) ;
#2319 = SPHERICAL_SURFACE ( 'NONE', #8103, 0.1000000000000000056 ) ;
#2320 = CARTESIAN_POINT ( 'NONE',  ( -1.935512576883387403, 2.719956629130206416, 7.020710678118654791 ) ) ;
#2321 = DIRECTION ( 'NONE',  ( 0.000000000000000000, 0.7071067811865431318, -0.7071067811865519026 ) ) ;
#2322 = EDGE_CURVE ( 'NONE', #5748, #189, #7763, .T. ) ;
#2323 = AXIS2_PLACEMENT_3D ( 'NONE', #6571, #8701, #3821 ) ;
#2324 = CARTESIAN_POINT ( 'NONE',  ( 0.3617499999999999605, -7.540250000000000341, 0.6402499999999999858 ) ) ;
#2325 = ORIENTED_EDGE ( 'NONE', *, *, #6187, .T. ) ;
#2326 = ORIENTED_EDGE ( 'NONE', *, *, #4983, .T. ) ;
#2327 = ORIENTED_EDGE ( 'NONE', *, *, #7339, .T. ) ;
#2328 = ORIENTED_EDGE ( 'NONE', *, *, #8175, .T. ) ;
#2329 = ORIENTED_EDGE ( 'NONE', *, *, #637, .T. ) ;
#2330 = LINE ( 'NONE', #4392, #5351 ) ;
#2331 = CARTESIAN_POINT ( 'NONE',  ( -0.3151414260752850027, 5.150000000000000355, 12.30000000000000071 ) ) ;
#2332 = VECTOR ( 'NONE', #5276, 1000.000000000000114 ) ;
#2333 = DIRECTION ( 'NONE',  ( 1.000000000000000000, 0.000000000000000000, 0.000000000000000000 ) ) ;
#2334 = CIRCLE ( 'NONE', #2620, 0.1000000000000003525 ) ;
#2335 = EDGE_CURVE ( 'NONE', #1436, #4269, #262, .T. ) ;
#2336 = VERTEX_POINT ( 'NONE', #3665 ) ;
#2337 = SPHERICAL_SURFACE ( 'NONE', #3370, 0.1000000000000000056 ) ;
#2338 = CARTESIAN_POINT ( 'NONE',  ( 1.789429225428259995, 6.150000000000000355, 7.714115873231599529 ) ) ;
#2339 = ORIENTED_EDGE ( 'NONE', *, *, #970, .T. ) ;
#2340 = DIRECTION ( 'NONE',  ( 0.000000000000000000, 0.000000000000000000, -1.000000000000000000 ) ) ;
#2341 = VERTEX_POINT ( 'NONE', #6507 ) ;
#2342 = CIRCLE ( 'NONE', #2762, 0.09999999999999892308 ) ;
#2343 = LINE ( 'NONE', #492, #1181 ) ;
#2344 = CARTESIAN_POINT ( 'NONE',  ( 1.279164496052703548, 6.150000000000000355, 7.568248772192530005 ) ) ;
#2345 = VERTEX_POINT ( 'NONE', #5059 ) ;
#2346 = CARTESIAN_POINT ( 'NONE',  ( -2.250000000000000000, 3.050000000000000266, 12.05000000000000071 ) ) ;
#2347 = VECTOR ( 'NONE', #6356, 1000.000000000000000 ) ;
#2348 = DIRECTION ( 'NONE',  ( -1.000000000000000000, 0.000000000000000000, 0.000000000000000000 ) ) ;
#2349 = ADVANCED_FACE ( 'NONE', ( #4379 ), #337, .T. ) ;
#2350 = DIRECTION ( 'NONE',  ( 0.000000000000000000, -1.000000000000000000, 0.000000000000000000 ) ) ;
#2351 = ADVANCED_FACE ( 'NONE', ( #6547 ), #4339, .F. ) ;
#2352 = VERTEX_POINT ( 'NONE', #7088 ) ;
#2353 = ADVANCED_FACE ( 'NONE', ( #2449 ), #6406, .F. ) ;
#2354 = EDGE_CURVE ( 'NONE', #8869, #3627, #2734, .T. ) ;
#2355 = CARTESIAN_POINT ( 'NONE',  ( 1.293481081895420104, 6.150000000000000355, 9.849448157886840249 ) ) ;
#2356 = CYLINDRICAL_SURFACE ( 'NONE', #4103, 0.2000000000000000389 ) ;
#2357 = CARTESIAN_POINT ( 'NONE',  ( 1.804015935532160775, 6.150000000000002132, 8.521775918033359432 ) ) ;
#2358 = CARTESIAN_POINT ( 'NONE',  ( -2.550000000000000266, 6.150000000000000355, 0.000000000000000000 ) ) ;
#2359 = ORIENTED_EDGE ( 'NONE', *, *, #2891, .T. ) ;
#2360 = CARTESIAN_POINT ( 'NONE',  ( 1.672735544596990032, 6.150000000000000355, 10.73113374638960238 ) ) ;
#2361 = DIRECTION ( 'NONE',  ( 0.000000000000000000, 0.000000000000000000, -1.000000000000000000 ) ) ;
#2362 = VERTEX_POINT ( 'NONE', #920 ) ;
#2363 = LINE ( 'NONE', #7129, #5284 ) ;
#2364 = CARTESIAN_POINT ( 'NONE',  ( 1.814550781718319961, 6.150000000000000355, 7.829188808495758600 ) ) ;
#2365 = CARTESIAN_POINT ( 'NONE',  ( -2.040305328863119882, 3.149999999999999911, 6.949999999999999289 ) ) ;
#2366 = DIRECTION ( 'NONE',  ( 1.000000000000000000, 0.000000000000000000, 0.000000000000000000 ) ) ;
#2367 = AXIS2_PLACEMENT_3D ( 'NONE', #5836, #3049, #299 ) ;
#2368 = CARTESIAN_POINT ( 'NONE',  ( 0.1093513136794850016, 0.1499999999999999944, 18.80000000000000071 ) ) ;
#2369 = CYLINDRICAL_SURFACE ( 'NONE', #7449, 0.2000000000000000666 ) ;
#2370 = ORIENTED_EDGE ( 'NONE', *, *, #2975, .F. ) ;
#2371 = ORIENTED_EDGE ( 'NONE', *, *, #907, .T. ) ;
#2372 = ORIENTED_EDGE ( 'NONE', *, *, #311, .T. ) ;
#2373 = ORIENTED_EDGE ( 'NONE', *, *, #3773, .T. ) ;
#2374 = DIRECTION ( 'NONE',  ( -1.000000000000000000, 0.000000000000000000, 0.000000000000000000 ) ) ;
#2375 = PLANE ( 'NONE',  #921 ) ;
#2376 = FACE_OUTER_BOUND ( 'NONE', #1165, .T. ) ;
#2377 = ORIENTED_EDGE ( 'NONE', *, *, #7963, .T. ) ;
#2378 = CARTESIAN_POINT ( 'NONE',  ( 2.406762870324489878, 2.701259896718680054, 7.049999999999999822 ) ) ;
#2379 = CARTESIAN_POINT ( 'NONE',  ( 0.3250000000000000111, -7.900000000000000355, 0.000000000000000000 ) ) ;
#2380 = AXIS2_PLACEMENT_3D ( 'NONE', #3610, #570, #2263 ) ;
#2381 = ORIENTED_EDGE ( 'NONE', *, *, #6964, .T. ) ;
#2382 = CYLINDRICAL_SURFACE ( 'NONE', #3279, 0.1000000000000001443 ) ;
#2383 = ORIENTED_EDGE ( 'NONE', *, *, #8057, .F. ) ;
#2384 = ADVANCED_FACE ( 'NONE', ( #3976 ), #5240, .F. ) ;
#2385 = DIRECTION ( 'NONE',  ( 0.000000000000000000, 0.000000000000000000, -1.000000000000000000 ) ) ;
#2386 = CARTESIAN_POINT ( 'NONE',  ( 0.6302828521505690063, 6.150000000000000355, 15.90000000000000036 ) ) ;
#2387 = VERTEX_POINT ( 'NONE', #426 ) ;
#2388 = CARTESIAN_POINT ( 'NONE',  ( -1.275000000000000133, 3.050000000000000266, 0.5000000000000000000 ) ) ;
#2389 = AXIS2_PLACEMENT_3D ( 'NONE', #6722, #7069, #7830 ) ;
#2390 = B_SPLINE_CURVE_WITH_KNOTS ( 'NONE', 3,
 ( #2786, #2021, #7474, #6832 ),
 .UNSPECIFIED., .F., .F.,
 ( 4, 4 ),
 ( 0.000000000000000000, 1.000000000000000000 ),
 .UNSPECIFIED. ) ;
#2391 = EDGE_CURVE ( 'NONE', #5513, #6799, #8050, .T. ) ;
#2392 = CARTESIAN_POINT ( 'NONE',  ( -1.275000000000000133, 3.050000000000000266, 0.2000000000000000111 ) ) ;
#2393 = DIRECTION ( 'NONE',  ( -1.000000000000000000, 0.000000000000000000, 0.000000000000000000 ) ) ;
#2394 = VERTEX_POINT ( 'NONE', #8042 ) ;
#2395 = EDGE_CURVE ( 'NONE', #1392, #7988, #1558, .T. ) ;
#2396 = CARTESIAN_POINT ( 'NONE',  ( 1.902881415125299958, 6.149950000000000472, 9.552851719107401607 ) ) ;
#2397 = VECTOR ( 'NONE', #4361, 1000.000000000000000 ) ;
#2398 = CARTESIAN_POINT ( 'NONE',  ( 1.920709616363420080, 6.150000000000000355, 7.834051045197059082 ) ) ;
#2399 = EDGE_CURVE ( 'NONE', #5064, #4058, #6043, .T. ) ;
#2400 = LINE ( 'NONE', #2937, #3962 ) ;
#2401 = CARTESIAN_POINT ( 'NONE',  ( 1.464581151154662697, 6.149999999999999467, 10.33080959131579846 ) ) ;
#2402 = CARTESIAN_POINT ( 'NONE',  ( -0.3000000000196439975, 3.149999999999999911, 18.10000000003200071 ) ) ;
#2403 = ORIENTED_EDGE ( 'NONE', *, *, #7620, .T. ) ;
#2404 = CARTESIAN_POINT ( 'NONE',  ( -1.909351313647939863, 2.752070754658749951, 11.29999999999999893 ) ) ;
#2405 = CARTESIAN_POINT ( 'NONE',  ( 1.152476217557659943, 6.150000000000000355, 9.227892232903698755 ) ) ;
#2406 = ORIENTED_EDGE ( 'NONE', *, *, #3748, .T. ) ;
#2407 = CARTESIAN_POINT ( 'NONE',  ( 1.152476217557649951, 6.150000000000000355, 10.81622288866240034 ) ) ;
#2408 = CARTESIAN_POINT ( 'NONE',  ( -2.040305328863119882, 3.050000000000000266, 6.949999999999999289 ) ) ;
#2409 = FILL_AREA_STYLE_COLOUR ( '', #4342 ) ;
#2410 = CARTESIAN_POINT ( 'NONE',  ( -1.901920338495283636, 2.679325418953864890, 6.976876110206466919 ) ) ;
#2411 = CARTESIAN_POINT ( 'NONE',  ( -0.5000000000000000000, -6.150000000000000355, 0.5999999999999999778 ) ) ;
#2412 = CARTESIAN_POINT ( 'NONE',  ( 1.578423112770400261, 6.150000000000000355, 7.871743922193997101 ) ) ;
#2413 = EDGE_LOOP ( 'NONE', ( #3298, #3811, #5756, #2710 ) ) ;
#2414 = AXIS2_PLACEMENT_3D ( 'NONE', #5282, #4015, #1231 ) ;
#2415 = ORIENTED_EDGE ( 'NONE', *, *, #7096, .T. ) ;
#2416 = ORIENTED_EDGE ( 'NONE', *, *, #2063, .F. ) ;
#2417 = VERTEX_POINT ( 'NONE', #1910 ) ;
#2418 = AXIS2_PLACEMENT_3D ( 'NONE', #6590, #7264, #6541 ) ;
#2419 = CARTESIAN_POINT ( 'NONE',  ( 1.407965683684683889, 6.150000000000002132, 10.19969910372231858 ) ) ;
#2420 = CARTESIAN_POINT ( 'NONE',  ( 1.454745265821949962, 6.150000000000000355, 7.842965145816109818 ) ) ;
#2421 = ORIENTED_EDGE ( 'NONE', *, *, #749, .T. ) ;
#2422 = DIRECTION ( 'NONE',  ( 4.205390244792259832E-16, 1.000000000000000000, 0.000000000000000000 ) ) ;
#2423 = CARTESIAN_POINT ( 'NONE',  ( -1.029289321881345254, 3.120710678118654879, 0.5707106781186547240 ) ) ;
#2424 = AXIS2_PLACEMENT_3D ( 'NONE', #5810, #8565, #3023 ) ;
#2425 = AXIS2_PLACEMENT_3D ( 'NONE', #4729, #2656, #5667 ) ;
#2426 = ORIENTED_EDGE ( 'NONE', *, *, #2839, .T. ) ;
#2427 = CARTESIAN_POINT ( 'NONE',  ( 1.350776795903869676, 6.150000000000001243, 9.695818896234746020 ) ) ;
#2428 = ORIENTED_EDGE ( 'NONE', *, *, #7564, .T. ) ;
#2429 = LINE ( 'NONE', #5172, #320 ) ;
#2430 = LINE ( 'NONE', #8658, #7252 ) ;
#2431 = EDGE_LOOP ( 'NONE', ( #8889, #1200, #4850, #8368, #6012, #5302, #506, #2436, #51, #8684, #2471, #674, #6070, #4129 ) ) ;
#2432 = CARTESIAN_POINT ( 'NONE',  ( -1.939784946236559948, 3.050000000000000266, 18.50000000000000000 ) ) ;
#2433 = AXIS2_PLACEMENT_3D ( 'NONE', #2140, #6450, #658 ) ;
#2434 = EDGE_CURVE ( 'NONE', #1307, #306, #4175, .T. ) ;
#2435 = CARTESIAN_POINT ( 'NONE',  ( -0.5717042083878789427, 5.208578643762691307, 15.90000000000000036 ) ) ;
#2436 = ORIENTED_EDGE ( 'NONE', *, *, #3212, .F. ) ;
#2437 = DIRECTION ( 'NONE',  ( 0.000000000000000000, 0.000000000000000000, 1.000000000000000000 ) ) ;
#2438 =( NAMED_UNIT ( * ) PLANE_ANGLE_UNIT ( ) SI_UNIT ( $, .RADIAN. ) );
#2439 = DIRECTION ( 'NONE',  ( -1.000000000000000000, 0.000000000000000000, 0.000000000000000000 ) ) ;
#2440 = LINE ( 'NONE', #5230, #7366 ) ;
#2441 = CARTESIAN_POINT ( 'NONE',  ( -2.250000000000000000, 3.149999999999999911, 12.14999999999999858 ) ) ;
#2442 = ORIENTED_EDGE ( 'NONE', *, *, #2563, .T. ) ;
#2443 = CARTESIAN_POINT ( 'NONE',  ( 1.196776596391736947, 6.150000000000000355, 12.05528287471100057 ) ) ;
#2444 = ORIENTED_EDGE ( 'NONE', *, *, #6184, .F. ) ;
#2445 = FACE_OUTER_BOUND ( 'NONE', #419, .T. ) ;
#2446 = CYLINDRICAL_SURFACE ( 'NONE', #2874, 0.2000000000000002887 ) ;
#2447 = EDGE_CURVE ( 'NONE', #7143, #547, #48, .T. ) ;
#2448 = CARTESIAN_POINT ( 'NONE',  ( 1.275000000000000133, 6.120710678118654435, 0.02928932188134530587 ) ) ;
#2449 = FACE_OUTER_BOUND ( 'NONE', #6245, .T. ) ;
#2450 = CARTESIAN_POINT ( 'NONE',  ( 2.550000000000000266, 6.149899999999999700, 0.000000000000000000 ) ) ;
#2451 = CARTESIAN_POINT ( 'NONE',  ( 0.9028814002241352110, 6.150000000000000355, 12.09958325354506670 ) ) ;
#2452 = ORIENTED_EDGE ( 'NONE', *, *, #7250, .T. ) ;
#2453 = EDGE_CURVE ( 'NONE', #7980, #4232, #7361, .T. ) ;
#2454 = ORIENTED_EDGE ( 'NONE', *, *, #2928, .F. ) ;
#2455 = ADVANCED_FACE ( 'NONE', ( #1151 ), #5912, .F. ) ;
#2456 = ADVANCED_FACE ( 'NONE', ( #1822 ), #4519, .F. ) ;
#2457 = DIRECTION ( 'NONE',  ( 0.1016217158801566017, -0.9948231133531090231, -2.818925648462310049E-16 ) ) ;
#2458 = EDGE_CURVE ( 'NONE', #3512, #4058, #15, .T. ) ;
#2459 = EDGE_CURVE ( 'NONE', #6192, #6188, #1866, .T. ) ;
#2460 = VERTEX_POINT ( 'NONE', #8771 ) ;
#2461 = CARTESIAN_POINT ( 'NONE',  ( 0.3250000000000000111, -6.817157287525379417, -0.2000000000000000111 ) ) ;
#2462 = EDGE_CURVE ( 'NONE', #2283, #7855, #2192, .T. ) ;
#2463 = DIRECTION ( 'NONE',  ( -0.7071067811865479058, 4.641740550953563492E-15, -0.7071067811865472397 ) ) ;
#2464 = DIRECTION ( 'NONE',  ( 0.7071067811865466846, 0.000000000000000000, -0.7071067811865483499 ) ) ;
#2465 = CIRCLE ( 'NONE', #6194, 0.1999999999999987899 ) ;
#2466 =( BOUNDED_CURVE ( )  B_SPLINE_CURVE ( 3, ( #7834, #3066, #5218, #1806 ),
 .UNSPECIFIED., .F., .F. ) 
 B_SPLINE_CURVE_WITH_KNOTS ( ( 4, 4 ),
 ( 4.712388980384689674, 5.497787143782153940 ),
 .UNSPECIFIED. ) 
 CURVE ( )  GEOMETRIC_REPRESENTATION_ITEM ( )  RATIONAL_B_SPLINE_CURVE ( ( 1.000000000000000000, 0.9492530216741892346, 0.9492530216741892346, 1.000000000000000000 ) ) 
 REPRESENTATION_ITEM ( '' )  );
#2467 = CARTESIAN_POINT ( 'NONE',  ( 0.5717042083878813852, 6.150000000000000355, 6.941421356237309048 ) ) ;
#2468 = EDGE_LOOP ( 'NONE', ( #2774, #1972, #1698, #45 ) ) ;
#2469 = DIRECTION ( 'NONE',  ( 1.110223024625160011E-14, 0.000000000000000000, 1.000000000000000000 ) ) ;
#2470 =( NAMED_UNIT ( * ) SI_UNIT ( $, .STERADIAN. ) SOLID_ANGLE_UNIT ( ) );
#2471 = ORIENTED_EDGE ( 'NONE', *, *, #6787, .F. ) ;
#2472 = VECTOR ( 'NONE', #6197, 1000.000000000000000 ) ;
#2473 = CARTESIAN_POINT ( 'NONE',  ( 0.3250000000000000111, -7.576999999999999957, 0.000000000000000000 ) ) ;
#2474 = EDGE_LOOP ( 'NONE', ( #8816, #7524, #3629, #6233, #4376 ) ) ;
#2475 = CARTESIAN_POINT ( 'NONE',  ( 2.462159884122632203, 3.129656503977710003, 12.08874519549486415 ) ) ;
#2476 = VECTOR ( 'NONE', #2749, 1000.000000000000000 ) ;
#2477 = AXIS2_PLACEMENT_3D ( 'NONE', #3276, #6652, #5880 ) ;
#2478 = CARTESIAN_POINT ( 'NONE',  ( -0.009351313679485140015, -6.150000000000000355, 0.5999999999999999778 ) ) ;
#2479 = CARTESIAN_POINT ( 'NONE',  ( 1.695410859163400064, -4.262501896753089881, 7.799999999999999822 ) ) ;
#2480 = CYLINDRICAL_SURFACE ( 'NONE', #4546, 0.09999999999999990841 ) ;
#2481 = ORIENTED_EDGE ( 'NONE', *, *, #3649, .T. ) ;
#2482 = VECTOR ( 'NONE', #6314, 1000.000000000000000 ) ;
#2483 = CARTESIAN_POINT ( 'NONE',  ( 1.206501069794347014, 6.150000000000000355, 9.552851719107410489 ) ) ;
#2484 = DIRECTION ( 'NONE',  ( 0.7034461695330935793, 0.07185740441467106110, -0.7071067811865505703 ) ) ;
#2485 = CARTESIAN_POINT ( 'NONE',  ( 1.970794474613136282, 3.121910501987326114, 12.08048914575001653 ) ) ;
#2486 = CARTESIAN_POINT ( 'NONE',  ( 2.550000000000000266, 3.250000000000000000, 0.1000000000000000056 ) ) ;
#2487 = VERTEX_POINT ( 'NONE', #7269 ) ;
#2488 = CARTESIAN_POINT ( 'NONE',  ( 1.896684721649471328, 6.150000000000000355, 7.668701608766157030 ) ) ;
#2489 = DIRECTION ( 'NONE',  ( 0.1016217158801542425, -0.9948231133531093562, 2.873135757086586356E-15 ) ) ;
#2490 = ORIENTED_EDGE ( 'NONE', *, *, #124, .T. ) ;
#2491 = CARTESIAN_POINT ( 'NONE',  ( 0.3250000000000000111, 7.900000000000000355, -4.700000000000000178 ) ) ;
#2492 = FACE_OUTER_BOUND ( 'NONE', #4119, .T. ) ;
#2493 = EDGE_CURVE ( 'NONE', #2030, #3089, #3844, .T. ) ;
#2494 = CARTESIAN_POINT ( 'NONE',  ( 1.856690166462930058, 6.149899994780049894, 9.697098074579370675 ) ) ;
#2495 = CARTESIAN_POINT ( 'NONE',  ( 1.152476217557660165, 6.150000000000000355, 8.724650734318920797 ) ) ;
#2496 = DIRECTION ( 'NONE',  ( 0.000000000000000000, 0.000000000000000000, -1.000000000000000000 ) ) ;
#2497 = ORIENTED_EDGE ( 'NONE', *, *, #899, .F. ) ;
#2498 = ORIENTED_EDGE ( 'NONE', *, *, #2104, .T. ) ;
#2499 = CYLINDRICAL_SURFACE ( 'NONE', #1124, 0.1000000000000000333 ) ;
#2500 = ORIENTED_EDGE ( 'NONE', *, *, #7443, .F. ) ;
#2501 = ORIENTED_EDGE ( 'NONE', *, *, #1463, .F. ) ;
#2502 = DIRECTION ( 'NONE',  ( -0.7071067811865440200, 0.7071067811865510144, -8.604228440844961216E-16 ) ) ;
#2503 = DIRECTION ( 'NONE',  ( 1.000000000000000000, 1.314081478514699877E-16, 0.000000000000000000 ) ) ;
#2504 = EDGE_CURVE ( 'NONE', #850, #3521, #801, .T. ) ;
#2505 = CARTESIAN_POINT ( 'NONE',  ( 1.275000000000000133, 6.049999999999999822, 0.1000000000000000056 ) ) ;
#2506 = EDGE_CURVE ( 'NONE', #8742, #5748, #2747, .T. ) ;
#2507 = ADVANCED_FACE ( 'NONE', ( #5624 ), #1489, .F. ) ;
#2508 = EDGE_CURVE ( 'NONE', #8616, #4314, #5274, .T. ) ;
#2509 = ORIENTED_EDGE ( 'NONE', *, *, #3320, .T. ) ;
#2510 = EDGE_CURVE ( 'NONE', #7589, #2049, #3597, .T. ) ;
#2511 = AXIS2_PLACEMENT_3D ( 'NONE', #4966, #784, #1507 ) ;
#2512 = FACE_OUTER_BOUND ( 'NONE', #2838, .T. ) ;
#2513 = FILL_AREA_STYLE ('',( #8014 ) ) ;
#2514 =( REPRESENTATION_RELATIONSHIP ('NONE','NONE', #8277, #3428 ) REPRESENTATION_RELATIONSHIP_WITH_TRANSFORMATION ( #6430 )SHAPE_REPRESENTATION_RELATIONSHIP( ) );
#2515 = ORIENTED_EDGE ( 'NONE', *, *, #5649, .F. ) ;
#2516 = ORIENTED_EDGE ( 'NONE', *, *, #7966, .F. ) ;
#2517 = DIRECTION ( 'NONE',  ( 1.000000000000000000, 0.000000000000000000, 0.000000000000000000 ) ) ;
#2518 =( BOUNDED_CURVE ( )  B_SPLINE_CURVE ( 3, ( #2317, #3751, #7179, #6402 ),
 .UNSPECIFIED., .F., .F. ) 
 B_SPLINE_CURVE_WITH_KNOTS ( ( 4, 4 ),
 ( 5.497787143782153940, 6.283185307179586232 ),
 .UNSPECIFIED. ) 
 CURVE ( )  GEOMETRIC_REPRESENTATION_ITEM ( )  RATIONAL_B_SPLINE_CURVE ( ( 1.000000000000000000, 0.9492530216741932314, 0.9492530216741932314, 1.000000000000000000 ) ) 
 REPRESENTATION_ITEM ( '' )  );
#2519 = FACE_OUTER_BOUND ( 'NONE', #115, .T. ) ;
#2520 = DIRECTION ( 'NONE',  ( 0.000000000000000000, -1.000000000000000000, 0.000000000000000000 ) ) ;
#2521 = B_SPLINE_CURVE_WITH_KNOTS ( 'NONE', 3,
 ( #4665, #3187, #6005, #6553 ),
 .UNSPECIFIED., .F., .F.,
 ( 4, 4 ),
 ( 0.000000000000000000, 1.000000000000000000 ),
 .UNSPECIFIED. ) ;
#2522 = ORIENTED_EDGE ( 'NONE', *, *, #3382, .F. ) ;
#2523 = AXIS2_PLACEMENT_3D ( 'NONE', #376, #6397, #8487 ) ;
#2524 = FACE_OUTER_BOUND ( 'NONE', #3535, .T. ) ;
#2525 = FACE_OUTER_BOUND ( 'NONE', #1063, .T. ) ;
#2526 = ORIENTED_EDGE ( 'NONE', *, *, #7914, .F. ) ;
#2527 = DIRECTION ( 'NONE',  ( 0.000000000000000000, 1.000000000000000000, 0.000000000000000000 ) ) ;
#2528 = B_SPLINE_CURVE_WITH_KNOTS ( 'NONE', 3,
 ( #8036, #5949, #7400, #379 ),
 .UNSPECIFIED., .F., .F.,
 ( 4, 4 ),
 ( 0.000000000000000000, 1.000000000000000000 ),
 .UNSPECIFIED. ) ;
#2529 = SURFACE_STYLE_USAGE ( .BOTH. , #1895 ) ;
#2530 = AXIS2_PLACEMENT_3D ( 'NONE', #1724, #5092, #8438 ) ;
#2531 = DIRECTION ( 'NONE',  ( 0.6702157429215804818, 0.7421663276786907293, 0.000000000000000000 ) ) ;
#2532 = DIRECTION ( 'NONE',  ( 1.000000000000000000, 0.000000000000000000, 0.000000000000000000 ) ) ;
#2533 = ORIENTED_EDGE ( 'NONE', *, *, #2963, .T. ) ;
#2534 = AXIS2_PLACEMENT_3D ( 'NONE', #5128, #6342, #6487 ) ;
#2535 = ORIENTED_EDGE ( 'NONE', *, *, #6473, .T. ) ;
#2536 = CARTESIAN_POINT ( 'NONE',  ( -0.001999999999997560153, -7.900000000000000355, 1.000000000000000000 ) ) ;
#2537 = PLANE ( 'NONE',  #3410 ) ;
#2538 = DIRECTION ( 'NONE',  ( -1.000000000000000000, -3.469446951953610245E-16, 0.000000000000000000 ) ) ;
#2539 = DIRECTION ( 'NONE',  ( 0.000000000000000000, -0.7071067811865474617, 0.7071067811865474617 ) ) ;
#2540 = DIRECTION ( 'NONE',  ( 0.000000000000000000, -0.3826834323650923908, -0.9238795325112856283 ) ) ;
#2541 = CARTESIAN_POINT ( 'NONE',  ( -0.3250000000000000111, 7.900000000000000355, 0.000000000000000000 ) ) ;
#2542 = EDGE_CURVE ( 'NONE', #2460, #1552, #3722, .T. ) ;
#2543 = CARTESIAN_POINT ( 'NONE',  ( -1.275000000000000133, 3.050000000000000266, 18.89999999999999858 ) ) ;
#2544 = CARTESIAN_POINT ( 'NONE',  ( 0.4302828521505729920, 6.150000000000000355, 3.000000000000000000 ) ) ;
#2545 = VERTEX_POINT ( 'NONE', #6247 ) ;
#2546 = ADVANCED_FACE ( 'NONE', ( #2832 ), #8427, .T. ) ;
#2547 = ORIENTED_EDGE ( 'NONE', *, *, #8385, .F. ) ;
#2548 = DIRECTION ( 'NONE',  ( 0.7071067811865472397, 0.000000000000000000, -0.7071067811865477948 ) ) ;
#2549 = ORIENTED_EDGE ( 'NONE', *, *, #4463, .T. ) ;
#2550 = VERTEX_POINT ( 'NONE', #3020 ) ;
#2551 = CARTESIAN_POINT ( 'NONE',  ( 2.449999999999999734, 6.049999999999999822, 19.00000000000000000 ) ) ;
#2552 = CARTESIAN_POINT ( 'NONE',  ( 2.406762870324489878, 2.701259896718680054, 7.049999999999999822 ) ) ;
#2553 = DIRECTION ( 'NONE',  ( -0.7071067811865480168, 0.7071067811865470176, 0.000000000000000000 ) ) ;
#2554 = AXIS2_PLACEMENT_3D ( 'NONE', #8630, #1098, #509 ) ;
#2555 = ORIENTED_EDGE ( 'NONE', *, *, #3974, .T. ) ;
#2556 = DIRECTION ( 'NONE',  ( 0.000000000000000000, 0.000000000000000000, -1.000000000000000000 ) ) ;
#2557 = CARTESIAN_POINT ( 'NONE',  ( -2.040305328863119882, 3.124043308898647009, 12.08278699227575359 ) ) ;
#2558 = ORIENTED_EDGE ( 'NONE', *, *, #2995, .T. ) ;
#2559 = VERTEX_POINT ( 'NONE', #5578 ) ;
#2560 = AXIS2_PLACEMENT_3D ( 'NONE', #8857, #2670, #1152 ) ;
#2561 = AXIS2_PLACEMENT_3D ( 'NONE', #693, #3389, #8862 ) ;
#2562 = CARTESIAN_POINT ( 'NONE',  ( -0.4302828521505729920, 5.349999999999999645, 3.200000000000000178 ) ) ;
#2563 = EDGE_CURVE ( 'NONE', #5347, #6328, #3901, .T. ) ;
#2564 = CARTESIAN_POINT ( 'NONE',  ( 0.3250000000000000111, 7.900000000000000355, 4.700000000000000178 ) ) ;
#2565 = FACE_OUTER_BOUND ( 'NONE', #8377, .T. ) ;
#2566 = AXIS2_PLACEMENT_3D ( 'NONE', #410, #6622, #5129 ) ;
#2567 = ORIENTED_EDGE ( 'NONE', *, *, #3979, .F. ) ;
#2568 = VECTOR ( 'NONE', #8203, 1000.000000000000000 ) ;
#2569 = CYLINDRICAL_SURFACE ( 'NONE', #1245, 0.1000000000000000472 ) ;
#2570 = DIRECTION ( 'NONE',  ( 0.000000000000000000, 0.000000000000000000, -1.000000000000000000 ) ) ;
#2571 = ORIENTED_EDGE ( 'NONE', *, *, #2211, .T. ) ;
#2572 = EDGE_CURVE ( 'NONE', #6198, #6126, #2465, .T. ) ;
#2573 = LINE ( 'NONE', #6577, #985 ) ;
#2574 = CARTESIAN_POINT ( 'NONE',  ( 0.000000000000000000, 0.000000000000000000, 0.000000000000000000 ) ) ;
#2575 = DIRECTION ( 'NONE',  ( 0.000000000000000000, 0.000000000000000000, 1.000000000000000000 ) ) ;
#2576 = CARTESIAN_POINT ( 'NONE',  ( 1.265931603794624438, 6.150000000000000355, 6.870663884866753612 ) ) ;
#2577 = ORIENTED_EDGE ( 'NONE', *, *, #8507, .F. ) ;
#2578 = EDGE_CURVE ( 'NONE', #7887, #1436, #7027, .T. ) ;
#2579 = ORIENTED_EDGE ( 'NONE', *, *, #2619, .T. ) ;
#2580 = CARTESIAN_POINT ( 'NONE',  ( 1.748100213467179920, 6.150000000000000355, 8.658200166067791415 ) ) ;
#2581 = CARTESIAN_POINT ( 'NONE',  ( -0.5000000000000000000, -6.150000000000000355, 18.50000000000000000 ) ) ;
#2582 = CARTESIAN_POINT ( 'NONE',  ( 2.449999999999999734, 3.250000000000000000, 0.1000000000000000056 ) ) ;
#2583 = FACE_OUTER_BOUND ( 'NONE', #7369, .T. ) ;
#2584 = CARTESIAN_POINT ( 'NONE',  ( 1.718926793259370145, 6.149899999999999700, 9.697098074579370675 ) ) ;
#2585 = VECTOR ( 'NONE', #7085, 1000.000000000000114 ) ;
#2586 = LINE ( 'NONE', #3977, #2985 ) ;
#2587 = CARTESIAN_POINT ( 'NONE',  ( -0.4302828521505719928, 6.150000000000000355, 6.799999999999999822 ) ) ;
#2588 = ORIENTED_EDGE ( 'NONE', *, *, #4493, .T. ) ;
#2589 = ORIENTED_EDGE ( 'NONE', *, *, #1948, .T. ) ;
#2590 = CARTESIAN_POINT ( 'NONE',  ( -0.009351313679485140015, -4.575000000000000178, 0.5999999999999999778 ) ) ;
#2591 = DIRECTION ( 'NONE',  ( -0.7071067811865466846, 0.000000000000000000, -0.7071067811865483499 ) ) ;
#2592 = CARTESIAN_POINT ( 'NONE',  ( 1.760255805220430014, 6.149899978043109172, 11.04717913197429802 ) ) ;
#2593 = DIRECTION ( 'NONE',  ( 0.5773502691896256200, -0.5773502691896256200, -0.5773502691896260641 ) ) ;
#2594 = EDGE_CURVE ( 'NONE', #84, #1241, #5850, .T. ) ;
#2595 = FACE_BOUND ( 'NONE', #5874, .T. ) ;
#2596 = VECTOR ( 'NONE', #5542, 1000.000000000000000 ) ;
#2597 = ORIENTED_EDGE ( 'NONE', *, *, #1685, .F. ) ;
#2598 = CARTESIAN_POINT ( 'NONE',  ( 1.531730680259229871, 6.149899974183930418, 10.33080959131580023 ) ) ;
#2599 = DIRECTION ( 'NONE',  ( 0.000000000000000000, -1.000000000000000000, 0.000000000000000000 ) ) ;
#2600 = ORIENTED_EDGE ( 'NONE', *, *, #970, .F. ) ;
#2601 = PRODUCT_DEFINITION_SHAPE ( 'NONE', 'NONE',  #7936 ) ;
#2602 = ORIENTED_EDGE ( 'NONE', *, *, #8121, .F. ) ;
#2603 = B_SPLINE_CURVE_WITH_KNOTS ( 'NONE', 3,
 ( #9, #2755, #4656, #7401 ),
 .UNSPECIFIED., .F., .F.,
 ( 4, 4 ),
 ( 0.000000000000000000, 1.000000000000000000 ),
 .UNSPECIFIED. ) ;
#2604 = DIRECTION ( 'NONE',  ( 0.000000000000000000, 0.000000000000000000, 1.000000000000000000 ) ) ;
#2605 = AXIS2_PLACEMENT_3D ( 'NONE', #621, #6145, #4679 ) ;
#2606 = EDGE_CURVE ( 'NONE', #2030, #3152, #271, .T. ) ;
#2607 = LINE ( 'NONE', #7426, #6529 ) ;
#2608 = ORIENTED_EDGE ( 'NONE', *, *, #5844, .T. ) ;
#2609 = DIRECTION ( 'NONE',  ( 0.000000000000000000, -0.7071067811865474617, -0.7071067811865474617 ) ) ;
#2610 = AXIS2_PLACEMENT_3D ( 'NONE', #2788, #2831, #6880 ) ;
#2611 = AXIS2_PLACEMENT_3D ( 'NONE', #6280, #8279, #126 ) ;
#2612 = LINE ( 'NONE', #1309, #3855 ) ;
#2613 = B_SPLINE_CURVE_WITH_KNOTS ( 'NONE', 3,
 ( #7704, #1721, #4410, #813, #6983, #5817, #1633, #6348 ),
 .UNSPECIFIED., .F., .F.,
 ( 4, 2, 2, 4 ),
 ( 0.000000000000000000, 0.4999999999999847899, 0.7499999999999923395, 1.000000000000000000 ),
 .UNSPECIFIED. ) ;
#2614 = ORIENTED_EDGE ( 'NONE', *, *, #8299, .F. ) ;
#2615 = AXIS2_PLACEMENT_3D ( 'NONE', #7321, #6508, #3226 ) ;
#2616 = DIRECTION ( 'NONE',  ( 0.000000000000000000, 0.000000000000000000, -1.000000000000000000 ) ) ;
#2617 =( NAMED_UNIT ( * ) SI_UNIT ( $, .STERADIAN. ) SOLID_ANGLE_UNIT ( ) );
#2618 = ADVANCED_FACE ( 'NONE', ( #91 ), #6925, .T. ) ;
#2619 = EDGE_CURVE ( 'NONE', #6360, #1171, #1766, .T. ) ;
#2620 = AXIS2_PLACEMENT_3D ( 'NONE', #2098, #755, #77 ) ;
#2621 = CARTESIAN_POINT ( 'NONE',  ( -1.048293601660256646, 3.139714957897566272, 0.2517063983397433979 ) ) ;
#2622 = ADVANCED_FACE ( 'NONE', ( #3734 ), #3156, .F. ) ;
#2623 = DIRECTION ( 'NONE',  ( -0.7071067811865474617, 0.7071067811865474617, 0.000000000000000000 ) ) ;
#2624 = EDGE_CURVE ( 'NONE', #7855, #7262, #1338, .T. ) ;
#2625 = VERTEX_POINT ( 'NONE', #5848 ) ;
#2626 = VERTEX_POINT ( 'NONE', #3246 ) ;
#2627 = DIRECTION ( 'NONE',  ( -0.7071067811865594521, 0.000000000000000000, -0.7071067811865355823 ) ) ;
#2628 = DIRECTION ( 'NONE',  ( 0.000000000000000000, 0.000000000000000000, -1.000000000000000000 ) ) ;
#2629 = LINE ( 'NONE', #1190, #5430 ) ;
#2630 = DIRECTION ( 'NONE',  ( 0.000000000000000000, -1.000000000000000000, 0.000000000000000000 ) ) ;
#2631 = CARTESIAN_POINT ( 'NONE',  ( 1.345161194079490752, 6.150000000000000355, 7.321603201156418272 ) ) ;
#2632 = LINE ( 'NONE', #8169, #6861 ) ;
#2633 = PLANE ( 'NONE',  #2177 ) ;
#2634 = VERTEX_POINT ( 'NONE', #7929 ) ;
#2635 = AXIS2_PLACEMENT_3D ( 'NONE', #6170, #8170, #1283 ) ;
#2636 = ORIENTED_EDGE ( 'NONE', *, *, #905, .T. ) ;
#2637 = CARTESIAN_POINT ( 'NONE',  ( -1.029289321881345254, 3.120710678118654879, 0.5707106781186547240 ) ) ;
#2638 = CARTESIAN_POINT ( 'NONE',  ( 1.343748443112160240, 6.150000000000000355, 9.697578092002190786 ) ) ;
#2639 = DIRECTION ( 'NONE',  ( 1.000000000000000000, 0.000000000000000000, 0.000000000000000000 ) ) ;
#2640 = CARTESIAN_POINT ( 'NONE',  ( 1.909351313647939863, 2.752070754658749951, 7.799999999999999822 ) ) ;
#2641 = DIRECTION ( 'NONE',  ( 0.000000000000000000, 0.000000000000000000, 1.000000000000000000 ) ) ;
#2642 = CARTESIAN_POINT ( 'NONE',  ( -1.275000000000000133, 3.149999999999999911, 18.59999999999999787 ) ) ;
#2643 = EDGE_LOOP ( 'NONE', ( #4343, #882, #2244, #2279, #8422 ) ) ;
#2644 = LINE ( 'NONE', #1457, #8421 ) ;
#2645 = VECTOR ( 'NONE', #712, 1000.000000000000000 ) ;
#2646 = EDGE_LOOP ( 'NONE', ( #6299, #490, #4452, #3679 ) ) ;
#2647 = ORIENTED_EDGE ( 'NONE', *, *, #2506, .F. ) ;
#2648 = CARTESIAN_POINT ( 'NONE',  ( 1.919899243579869852, 6.149897924467699895, 7.097422184949770063 ) ) ;
#2649 = CARTESIAN_POINT ( 'NONE',  ( 1.502601913132799893, -6.150000000000000355, 7.799999999999999822 ) ) ;
#2650 = DIRECTION ( 'NONE',  ( 0.000000000000000000, -1.000000000000000000, 0.000000000000000000 ) ) ;
#2651 = VERTEX_POINT ( 'NONE', #4503 ) ;
#2652 = LINE ( 'NONE', #39, #5543 ) ;
#2653 = CARTESIAN_POINT ( 'NONE',  ( 1.444210419635790110, 6.149950000282250251, 9.806498400358670153 ) ) ;
#2654 = EDGE_CURVE ( 'NONE', #5791, #7833, #3607, .T. ) ;
#2655 = ORIENTED_EDGE ( 'NONE', *, *, #3006, .F. ) ;
#2656 = DIRECTION ( 'NONE',  ( 0.7071067811865452413, -1.185846126156020277E-15, 0.7071067811865499042 ) ) ;
#2657 = EDGE_LOOP ( 'NONE', ( #252, #7906, #6372, #8675 ) ) ;
#2658 = FILL_AREA_STYLE_COLOUR ( '', #7773 ) ;
#2659 = VECTOR ( 'NONE', #7941, 1000.000000000000000 ) ;
#2660 = EDGE_CURVE ( 'NONE', #4363, #2705, #6635, .T. ) ;
#2661 = CYLINDRICAL_SURFACE ( 'NONE', #514, 0.1000000000000001443 ) ;
#2662 = CARTESIAN_POINT ( 'NONE',  ( -0.3151414260752870011, 5.349999999999999645, 3.200000000000000178 ) ) ;
#2663 = ORIENTED_EDGE ( 'NONE', *, *, #5971, .T. ) ;
#2664 = EDGE_LOOP ( 'NONE', ( #8094, #6079, #6153, #5440 ) ) ;
#2665 = DIRECTION ( 'NONE',  ( 0.000000000000000000, -0.7071067811865474617, 0.7071067811865474617 ) ) ;
#2666 = AXIS2_PLACEMENT_3D ( 'NONE', #5987, #2575, #2531 ) ;
#2667 = DIRECTION ( 'NONE',  ( -0.5773502691896225114, -0.5773502691896230665, 0.5773502691896317263 ) ) ;
#2668 = LINE ( 'NONE', #7358, #3963 ) ;
#2669 = AXIS2_PLACEMENT_3D ( 'NONE', #365, #3108, #1808 ) ;
#2670 = DIRECTION ( 'NONE',  ( 6.570407392573360103E-17, -1.000000000000000000, -6.570407392573499386E-17 ) ) ;
#2671 = PLANE ( 'NONE',  #6214 ) ;
#2672 = ORIENTED_EDGE ( 'NONE', *, *, #7835, .F. ) ;
#2673 = ORIENTED_EDGE ( 'NONE', *, *, #3829, .T. ) ;
#2674 = LINE ( 'NONE', #8176, #7884 ) ;
#2675 = DIRECTION ( 'NONE',  ( 0.000000000000000000, -1.000000000000000000, 0.000000000000000000 ) ) ;
#2676 = DIRECTION ( 'NONE',  ( 0.1016217158801542286, -0.9948231133531092452, 2.873135757086585961E-15 ) ) ;
#2677 = AXIS2_PLACEMENT_3D ( 'NONE', #4591, #8022, #537 ) ;
#2678 = LINE ( 'NONE', #6092, #1763 ) ;
#2679 = CARTESIAN_POINT ( 'NONE',  ( 0.4302828521505719928, 5.349999999999999645, 6.799999999999999822 ) ) ;
#2680 = APPLICATION_CONTEXT ( 'automotive_design' ) ;
#2681 = FACE_BOUND ( 'NONE', #3447, .T. ) ;
#2682 = EDGE_LOOP ( 'NONE', ( #3730, #8211, #4195, #969, #2983, #1439 ) ) ;
#2683 = CARTESIAN_POINT ( 'NONE',  ( 2.015255073646103234, 3.149999999999999911, 12.12494974478298460 ) ) ;
#2684 = ORIENTED_EDGE ( 'NONE', *, *, #4323, .T. ) ;
#2685 = VERTEX_POINT ( 'NONE', #2432 ) ;
#2686 = CARTESIAN_POINT ( 'NONE',  ( 1.940478040866316034, 3.056785031638665995, 12.05017271200319584 ) ) ;
#2687 = VECTOR ( 'NONE', #2765, 1000.000000000000000 ) ;
#2688 = CARTESIAN_POINT ( 'NONE',  ( 1.000000000000000000, 3.050000000000000266, 18.50000000000000000 ) ) ;
#2689 = CARTESIAN_POINT ( 'NONE',  ( -1.940131718096663960, 3.053394713998915933, 0.5999999999999999778 ) ) ;
#2690 = ORIENTED_EDGE ( 'NONE', *, *, #6105, .F. ) ;
#2691 = CARTESIAN_POINT ( 'NONE',  ( -0.4302828521505699944, 6.150000000000000355, 12.09999999999999964 ) ) ;
#2692 = CARTESIAN_POINT ( 'NONE',  ( -2.449999999999999734, 3.250000000000000000, 12.14999999999999858 ) ) ;
#2693 = EDGE_CURVE ( 'NONE', #2155, #3670, #7881, .T. ) ;
#2694 = AXIS2_PLACEMENT_3D ( 'NONE', #338, #7362, #6044 ) ;
#2695 = AXIS2_PLACEMENT_3D ( 'NONE', #1990, #3377, #595 ) ;
#2696 = ORIENTED_EDGE ( 'NONE', *, *, #6471, .T. ) ;
#2697 = DIRECTION ( 'NONE',  ( 1.682156097916909997E-16, -1.000000000000000000, 0.000000000000000000 ) ) ;
#2698 = ORIENTED_EDGE ( 'NONE', *, *, #5531, .F. ) ;
#2699 = PRODUCT_CONTEXT ( 'NONE', #7868, 'mechanical' ) ;
#2700 = CIRCLE ( 'NONE', #8469, 0.09999999999999982514 ) ;
#2701 = ADVANCED_FACE ( 'NONE', ( #5082 ), #5175, .T. ) ;
#2702 = CIRCLE ( 'NONE', #2561, 0.09999999999999936717 ) ;
#2703 = CARTESIAN_POINT ( 'NONE',  ( 2.550000000000000266, 6.049999999999999822, 0.1000000000000000056 ) ) ;
#2704 = DIRECTION ( 'NONE',  ( -1.000000000000000000, 0.000000000000000000, 0.000000000000000000 ) ) ;
#2705 = VERTEX_POINT ( 'NONE', #405 ) ;
#2706 = ORIENTED_EDGE ( 'NONE', *, *, #1729, .F. ) ;
#2707 = FACE_OUTER_BOUND ( 'NONE', #7289, .T. ) ;
#2708 = VECTOR ( 'NONE', #8652, 1000.000000000000000 ) ;
#2709 = AXIS2_PLACEMENT_3D ( 'NONE', #1580, #2968, #5712 ) ;
#2710 = ORIENTED_EDGE ( 'NONE', *, *, #4827, .F. ) ;
#2711 = CARTESIAN_POINT ( 'NONE',  ( 0.3250000000000000111, -1.399999999999999911, 4.700000000000000178 ) ) ;
#2712 = CARTESIAN_POINT ( 'NONE',  ( 1.902881415125299958, 6.149950000000000472, 9.227892232903698755 ) ) ;
#2713 = B_SPLINE_CURVE_WITH_KNOTS ( 'NONE', 3,
 ( #5669, #1625, #2251, #2970, #1582, #6384, #220, #4357, #7112, #939 ),
 .UNSPECIFIED., .F., .F.,
 ( 4, 1, 1, 2, 2, 4 ),
 ( 0.000000000000000000, 0.2500000000000145994, 0.3750000000000220379, 0.4375000000000257017, 0.5000000000000294209, 1.000000000000000000 ),
 .UNSPECIFIED. ) ;
#2714 = AXIS2_PLACEMENT_3D ( 'NONE', #245, #114, #5061 ) ;
#2715 = DIRECTION ( 'NONE',  ( 0.000000000000000000, -0.7071067811865474617, -0.7071067811865474617 ) ) ;
#2716 = DIRECTION ( 'NONE',  ( 0.000000000000000000, 0.000000000000000000, -1.000000000000000000 ) ) ;
#2717 = ORIENTED_EDGE ( 'NONE', *, *, #1366, .T. ) ;
#2718 = EDGE_CURVE ( 'NONE', #5559, #3942, #2466, .T. ) ;
#2719 = LINE ( 'NONE', #2854, #976 ) ;
#2720 = CYLINDRICAL_SURFACE ( 'NONE', #8451, 0.1000000000000007411 ) ;
#2721 = DIRECTION ( 'NONE',  ( -0.4739773776949202655, -0.8805370210465013336, 0.000000000000000000 ) ) ;
#2722 = AXIS2_PLACEMENT_3D ( 'NONE', #1918, #2087, #2591 ) ;
#2723 = CARTESIAN_POINT ( 'NONE',  ( 2.449999999999999734, 6.049999999999999822, 19.00000000000000000 ) ) ;
#2724 = EDGE_CURVE ( 'NONE', #7109, #7489, #8361, .T. ) ;
#2725 = EDGE_CURVE ( 'NONE', #2341, #5233, #4456, .T. ) ;
#2726 = ORIENTED_EDGE ( 'NONE', *, *, #3941, .T. ) ;
#2727 = EDGE_CURVE ( 'NONE', #1040, #1755, #495, .T. ) ;
#2728 = ADVANCED_FACE ( 'NONE', ( #7341 ), #1669, .F. ) ;
#2729 = ORIENTED_EDGE ( 'NONE', *, *, #4085, .F. ) ;
#2730 = CARTESIAN_POINT ( 'NONE',  ( 1.784566988726940195, 6.150000000000000355, 11.75760593888679928 ) ) ;
#2731 = ADVANCED_FACE ( 'NONE', ( #1041 ), #4545, .F. ) ;
#2732 = ORIENTED_EDGE ( 'NONE', *, *, #6624, .F. ) ;
#2733 = ORIENTED_EDGE ( 'NONE', *, *, #370, .F. ) ;
#2734 = B_SPLINE_CURVE_WITH_KNOTS ( 'NONE', 3,
 ( #2584, #4137, #1101, #2494 ),
 .UNSPECIFIED., .F., .F.,
 ( 4, 4 ),
 ( 0.000000000000000000, 1.000000000000000000 ),
 .UNSPECIFIED. ) ;
#2735 = CARTESIAN_POINT ( 'NONE',  ( 1.464581151154717986, 6.150000000000000355, 7.475055902084240422 ) ) ;
#2736 = CARTESIAN_POINT ( 'NONE',  ( 2.445897849675559677, 3.084370747208040164, 12.05609232333640080 ) ) ;
#2737 = DIRECTION ( 'NONE',  ( -0.1016217158801540205, 0.9948231133531092452, 2.873135757086585961E-15 ) ) ;
#2738 = ORIENTED_EDGE ( 'NONE', *, *, #3272, .T. ) ;
#2739 = CARTESIAN_POINT ( 'NONE',  ( 0.009351313679485179914, -1.425000000000000044, 0.5999999999999999778 ) ) ;
#2740 = CARTESIAN_POINT ( 'NONE',  ( 2.449999999999999734, 6.150000000000000355, 19.00000000000000000 ) ) ;
#2741 =( GEOMETRIC_REPRESENTATION_CONTEXT ( 3 ) GLOBAL_UNCERTAINTY_ASSIGNED_CONTEXT ( ( #345 ) ) GLOBAL_UNIT_ASSIGNED_CONTEXT ( ( #3163, #8840, #6156 ) ) REPRESENTATION_CONTEXT ( 'NONE', 'WORKASPACE' ) );
#2742 = VERTEX_POINT ( 'NONE', #6620 ) ;
#2743 = CARTESIAN_POINT ( 'NONE',  ( -1.969594650744465048, 3.120710678118654879, 0.5707106781186547240 ) ) ;
#2744 = ORIENTED_EDGE ( 'NONE', *, *, #6069, .T. ) ;
#2745 = PRODUCT_DEFINITION_FORMATION_WITH_SPECIFIED_SOURCE ( 'ANY', '', #3964, .NOT_KNOWN. ) ;
#2746 = VECTOR ( 'NONE', #8334, 1000.000000000000000 ) ;
#2747 =( BOUNDED_CURVE ( )  B_SPLINE_CURVE ( 3, ( #765, #1443, #3643, #7741 ),
 .UNSPECIFIED., .F., .F. ) 
 B_SPLINE_CURVE_WITH_KNOTS ( ( 4, 4 ),
 ( 1.570796326794896558, 2.305295769599331024 ),
 .UNSPECIFIED. ) 
 CURVE ( )  GEOMETRIC_REPRESENTATION_ITEM ( )  RATIONAL_B_SPLINE_CURVE ( ( 1.000000000000000000, 0.9555455743070115915, 0.9555455743070115915, 1.000000000000000000 ) ) 
 REPRESENTATION_ITEM ( '' )  );
#2748 = DIRECTION ( 'NONE',  ( 0.000000000000000000, 0.000000000000000000, -1.000000000000000000 ) ) ;
#2749 = DIRECTION ( 'NONE',  ( 0.000000000000000000, 0.000000000000000000, 1.000000000000000000 ) ) ;
#2750 = ORIENTED_EDGE ( 'NONE', *, *, #1854, .T. ) ;
#2751 = VERTEX_POINT ( 'NONE', #5267 ) ;
#2752 = CYLINDRICAL_SURFACE ( 'NONE', #2695, 0.1000000000000007411 ) ;
#2753 = ORIENTED_EDGE ( 'NONE', *, *, #477, .T. ) ;
#2754 = LINE ( 'NONE', #6122, #3456 ) ;
#2755 = CARTESIAN_POINT ( 'NONE',  ( 1.152476217557650173, 6.150000000000000355, 11.46938335220406557 ) ) ;
#2756 = AXIS2_PLACEMENT_3D ( 'NONE', #2836, #7654, #2930 ) ;
#2757 = AXIS2_PLACEMENT_3D ( 'NONE', #2562, #1125, #575 ) ;
#2758 = LINE ( 'NONE', #2213, #6827 ) ;
#2759 = CARTESIAN_POINT ( 'NONE',  ( 0.3250000000000000111, -4.649999999999999467, -4.700000000000000178 ) ) ;
#2760 = ORIENTED_EDGE ( 'NONE', *, *, #2261, .F. ) ;
#2761 = CARTESIAN_POINT ( 'NONE',  ( 1.540644780878280162, 6.149899999999999700, 9.683321737259008799 ) ) ;
#2762 = AXIS2_PLACEMENT_3D ( 'NONE', #1100, #3932, #7268 ) ;
#2764 = ORIENTED_EDGE ( 'NONE', *, *, #2660, .T. ) ;
#2763 = EDGE_CURVE ( 'NONE', #3217, #914, #8513, .T. ) ;
#2765 = DIRECTION ( 'NONE',  ( 0.000000000000000000, -1.000000000000000000, 0.000000000000000000 ) ) ;
#2766 = DIRECTION ( 'NONE',  ( 0.000000000000000000, -1.000000000000000000, 0.000000000000000000 ) ) ;
#2767 = CARTESIAN_POINT ( 'NONE',  ( -2.250000000000000000, 3.050000000000000266, 12.14999999999999858 ) ) ;
#2768 = DIRECTION ( 'NONE',  ( 1.000000000000000000, 0.000000000000000000, 0.000000000000000000 ) ) ;
#2769 = CARTESIAN_POINT ( 'NONE',  ( -1.815479446723969881, 1.833114583718829849, 18.50000000000000000 ) ) ;
#2770 = CARTESIAN_POINT ( 'NONE',  ( 1.736747593832818737, 6.150000000000000355, 6.869799941080771077 ) ) ;
#2771 = ORIENTED_EDGE ( 'NONE', *, *, #1585, .T. ) ;
#2772 = ORIENTED_EDGE ( 'NONE', *, *, #6184, .T. ) ;
#2773 = DIRECTION ( 'NONE',  ( -1.000000000000000000, 0.000000000000000000, 0.000000000000000000 ) ) ;
#2774 = ORIENTED_EDGE ( 'NONE', *, *, #8855, .F. ) ;
#2775 = ORIENTED_EDGE ( 'NONE', *, *, #7513, .T. ) ;
#2776 = CARTESIAN_POINT ( 'NONE',  ( 1.131406525185360445, 6.150000000000001243, 7.220990854254248248 ) ) ;
#2777 = CARTESIAN_POINT ( 'NONE',  ( 0.3250000000000000111, -2.899999999999999911, 5.200000000000000178 ) ) ;
#2778 = EDGE_CURVE ( 'NONE', #1018, #7680, #1170, .T. ) ;
#2779 = EDGE_CURVE ( 'NONE', #1889, #641, #7160, .T. ) ;
#2780 = CARTESIAN_POINT ( 'NONE',  ( 0.3151414260752860019, 5.349999999999999645, 7.000000000000000000 ) ) ;
#2781 = EDGE_CURVE ( 'NONE', #4779, #7589, #6705, .T. ) ;
#2782 = EDGE_LOOP ( 'NONE', ( #7769, #517, #4020, #8063 ) ) ;
#2783 = DIRECTION ( 'NONE',  ( 0.000000000000000000, 0.000000000000000000, -1.000000000000000000 ) ) ;
#2784 = CARTESIAN_POINT ( 'NONE',  ( 1.806666529845029956, 6.150000000000000355, 7.046239035747285051 ) ) ;
#2785 = ORIENTED_EDGE ( 'NONE', *, *, #6883, .T. ) ;
#2786 = CARTESIAN_POINT ( 'NONE',  ( 1.152476217557649951, 6.150000000000000355, 10.37213860327680059 ) ) ;
#2787 = EDGE_LOOP ( 'NONE', ( #3199, #739, #6852, #5970 ) ) ;
#2788 = CARTESIAN_POINT ( 'NONE',  ( 0.000000000000000000, 0.000000000000000000, 0.000000000000000000 ) ) ;
#2789 = VECTOR ( 'NONE', #7819, 1000.000000000000000 ) ;
#2790 = CARTESIAN_POINT ( 'NONE',  ( 1.377076995243437407, 6.150000000000002132, 7.336464929326531603 ) ) ;
#2791 = DIRECTION ( 'NONE',  ( 6.570407392573360103E-17, -1.000000000000000000, -6.570407392573499386E-17 ) ) ;
#2792 = DIRECTION ( 'NONE',  ( 0.000000000000000000, 0.000000000000000000, 1.000000000000000000 ) ) ;
#2793 = VERTEX_POINT ( 'NONE', #7468 ) ;
#2794 = ORIENTED_EDGE ( 'NONE', *, *, #2508, .T. ) ;
#2795 = CYLINDRICAL_SURFACE ( 'NONE', #3567, 0.2000000000000002887 ) ;
#2796 = ORIENTED_EDGE ( 'NONE', *, *, #1614, .F. ) ;
#2797 = CARTESIAN_POINT ( 'NONE',  ( -2.406762870324489878, 2.701259896718680054, 7.799999999999999822 ) ) ;
#2798 =( BOUNDED_CURVE ( )  B_SPLINE_CURVE ( 3, ( #6103, #8875, #7508, #1348 ),
 .UNSPECIFIED., .F., .T. ) 
 B_SPLINE_CURVE_WITH_KNOTS ( ( 4, 4 ),
 ( 5.446888423189125028, 5.497787143782137953 ),
 .UNSPECIFIED. ) 
 CURVE ( )  GEOMETRIC_REPRESENTATION_ITEM ( )  RATIONAL_B_SPLINE_CURVE ( ( 1.000000000000000000, 0.9997841216720353419, 0.9997841216720353419, 1.000000000000000000 ) ) 
 REPRESENTATION_ITEM ( '' )  );
#2799 = LINE ( 'NONE', #8258, #7553 ) ;
#2800 = CARTESIAN_POINT ( 'NONE',  ( 1.235134241479800110, 6.150000000000000355, 7.135509705776639677 ) ) ;
#2801 = CARTESIAN_POINT ( 'NONE',  ( -1.275000000000000133, 3.050000000000000266, 0.5000000000000000000 ) ) ;
#2802 = VECTOR ( 'NONE', #8105, 1000.000000000000000 ) ;
#2803 = ORIENTED_EDGE ( 'NONE', *, *, #6720, .T. ) ;
#2804 = DIRECTION ( 'NONE',  ( 0.000000000000000000, -1.000000000000000000, 0.000000000000000000 ) ) ;
#2805 = VERTEX_POINT ( 'NONE', #4805 ) ;
#2806 = DIRECTION ( 'NONE',  ( 0.000000000000000000, 0.7071067811865344721, -0.7071067811865605623 ) ) ;
#2807 = CARTESIAN_POINT ( 'NONE',  ( 1.454675656823970042, -1.698964622670620095, 7.049999999999999822 ) ) ;
#2808 = DIRECTION ( 'NONE',  ( 0.7071067811865467956, 0.000000000000000000, 0.7071067811865481278 ) ) ;
#2809 = CARTESIAN_POINT ( 'NONE',  ( 1.736875136928295760, 6.150000000000001243, 7.284945305225289047 ) ) ;
#2810 = AXIS2_PLACEMENT_3D ( 'NONE', #6894, #4191, #2849 ) ;
#2811 = CIRCLE ( 'NONE', #8749, 0.09999999999999982514 ) ;
#2812 = EDGE_CURVE ( 'NONE', #641, #1212, #2015, .T. ) ;
#2813 = SPHERICAL_SURFACE ( 'NONE', #3285, 0.2000000000000000111 ) ;
#2814 = ORIENTED_EDGE ( 'NONE', *, *, #2972, .T. ) ;
#2815 = ORIENTED_EDGE ( 'NONE', *, *, #1958, .F. ) ;
#2816 = DIRECTION ( 'NONE',  ( 0.000000000000000000, 0.000000000000000000, -1.000000000000000000 ) ) ;
#2817 = AXIS2_PLACEMENT_3D ( 'NONE', #7653, #4181, #5490 ) ;
#2818 = EDGE_LOOP ( 'NONE', ( #2065, #777, #70, #4170 ) ) ;
#2819 = ORIENTED_EDGE ( 'NONE', *, *, #3551, .T. ) ;
#2820 = CARTESIAN_POINT ( 'NONE',  ( 1.127354661267599978, 6.150000000000000355, 9.105525942587588517 ) ) ;
#2821 = CARTESIAN_POINT ( 'NONE',  ( -2.520710678118654791, 3.179289321881345387, 0.000000000000000000 ) ) ;
#2822 = CARTESIAN_POINT ( 'NONE',  ( 1.324275247670340105, 6.150000000000000355, 7.574731754460939825 ) ) ;
#2823 = VERTEX_POINT ( 'NONE', #1216 ) ;
#2824 = CARTESIAN_POINT ( 'NONE',  ( 2.040305328863119882, 3.149999999999999911, 0.5000000000000000000 ) ) ;
#2825 = LINE ( 'NONE', #2151, #1707 ) ;
#2826 = VERTEX_POINT ( 'NONE', #8112 ) ;
#2827 = EDGE_CURVE ( 'NONE', #329, #5768, #7384, .T. ) ;
#2828 = B_SPLINE_CURVE_WITH_KNOTS ( 'NONE', 3,
 ( #5046, #1593, #5089, #3691 ),
 .UNSPECIFIED., .F., .F.,
 ( 4, 4 ),
 ( 0.000000000000000000, 1.000000000000000000 ),
 .UNSPECIFIED. ) ;
#2829 = CARTESIAN_POINT ( 'NONE',  ( 1.152476217557654170, 6.150000000000000355, 10.98748167025273403 ) ) ;
#2830 = VERTEX_POINT ( 'NONE', #4038 ) ;
#2831 = DIRECTION ( 'NONE',  ( 0.000000000000000000, 0.000000000000000000, 1.000000000000000000 ) ) ;
#2832 = FACE_OUTER_BOUND ( 'NONE', #8059, .T. ) ;
#2833 = AXIS2_PLACEMENT_3D ( 'NONE', #423, #7441, #6679 ) ;
#2834 = CARTESIAN_POINT ( 'NONE',  ( -0.4302828521505699944, 5.349999999999999645, 12.30000000000000071 ) ) ;
#2835 = EDGE_CURVE ( 'NONE', #4359, #4161, #8076, .T. ) ;
#2836 = CARTESIAN_POINT ( 'NONE',  ( -2.040305328863119882, 3.050000000000000266, 12.14999999999999858 ) ) ;
#2837 = EDGE_CURVE ( 'NONE', #6198, #7322, #6907, .T. ) ;
#2838 = EDGE_LOOP ( 'NONE', ( #2016, #3611, #6059, #3357 ) ) ;
#2839 = EDGE_CURVE ( 'NONE', #8412, #770, #6751, .T. ) ;
#2840 = ORIENTED_EDGE ( 'NONE', *, *, #2594, .T. ) ;
#2841 = ADVANCED_FACE ( 'NONE', ( #7551 ), #6825, .F. ) ;
#2842 = CARTESIAN_POINT ( 'NONE',  ( 1.940823017527810057, 3.060162171588010072, 18.50051768866470070 ) ) ;
#2843 = ORIENTED_EDGE ( 'NONE', *, *, #3827, .F. ) ;
#2844 = DIRECTION ( 'NONE',  ( 0.7071067811865466846, 0.000000000000000000, -0.7071067811865483499 ) ) ;
#2845 = VECTOR ( 'NONE', #8092, 1000.000000000000000 ) ;
#2846 = AXIS2_PLACEMENT_3D ( 'NONE', #8352, #778, #5548 ) ;
#2847 = EDGE_CURVE ( 'NONE', #7589, #267, #7208, .T. ) ;
#2848 = EDGE_CURVE ( 'NONE', #6252, #6475, #1259, .T. ) ;
#2849 = DIRECTION ( 'NONE',  ( 0.000000000000000000, -0.3826834323650923908, -0.9238795325112856283 ) ) ;
#2850 = CARTESIAN_POINT ( 'NONE',  ( 1.856690166462930058, 6.149899994780049894, 9.697098074579370675 ) ) ;
#2851 = CARTESIAN_POINT ( 'NONE',  ( -2.447411556676559741, 3.099189142059919799, 7.049999999999999822 ) ) ;
#2852 = CIRCLE ( 'NONE', #7014, 0.09999999999999939493 ) ;
#2853 = ORIENTED_EDGE ( 'NONE', *, *, #5494, .T. ) ;
#2854 = CARTESIAN_POINT ( 'NONE',  ( 1.940823017527810057, 3.060162171588010072, 0.000000000000000000 ) ) ;
#2855 = EDGE_LOOP ( 'NONE', ( #3718, #3347, #1612, #7597 ) ) ;
#2856 = DIRECTION ( 'NONE',  ( 1.000000000000000000, 0.000000000000000000, 0.000000000000000000 ) ) ;
#2857 = DIRECTION ( 'NONE',  ( 0.000000000000000000, -1.000000000000000000, 0.000000000000000000 ) ) ;
#2858 = DIRECTION ( 'NONE',  ( -0.5773502691896281735, 0.5773502691896238437, -0.5773502691896252870 ) ) ;
#2859 = AXIS2_PLACEMENT_3D ( 'NONE', #1902, #549, #6039 ) ;
#2860 = CARTESIAN_POINT ( 'NONE',  ( 1.073123889793530905, 3.150000000000000355, 0.5268761102064690727 ) ) ;
#2861 = LINE ( 'NONE', #4968, #8758 ) ;
#2862 = CARTESIAN_POINT ( 'NONE',  ( 2.449999999999999734, 3.149999999999999911, 12.14999999999999858 ) ) ;
#2863 = ORIENTED_EDGE ( 'NONE', *, *, #676, .F. ) ;
#2864 = ORIENTED_EDGE ( 'NONE', *, *, #4367, .F. ) ;
#2865 = FACE_OUTER_BOUND ( 'NONE', #8453, .T. ) ;
#2866 = ORIENTED_EDGE ( 'NONE', *, *, #7555, .F. ) ;
#2867 = ORIENTED_EDGE ( 'NONE', *, *, #7023, .T. ) ;
#2868 = ORIENTED_EDGE ( 'NONE', *, *, #4206, .F. ) ;
#2869 = UNCERTAINTY_MEASURE_WITH_UNIT (LENGTH_MEASURE( 1.000000000000000082E-05 ), #4629, 'distance_accuracy_value', 'NONE');
#2871 = ADVANCED_FACE ( 'NONE', ( #4081 ), #8876, .F. ) ;
#2870 = LINE ( 'NONE', #2287, #3051 ) ;
#2872 = LINE ( 'NONE', #6279, #1496 ) ;
#2873 = CARTESIAN_POINT ( 'NONE',  ( 2.406762870324489878, 2.701259896718680054, 11.29999999999999893 ) ) ;
#2874 = AXIS2_PLACEMENT_3D ( 'NONE', #3036, #8724, #2539 ) ;
#2875 = VERTEX_POINT ( 'NONE', #578 ) ;
#2876 = FACE_OUTER_BOUND ( 'NONE', #8004, .T. ) ;
#2877 = CARTESIAN_POINT ( 'NONE',  ( 1.222168276942993570, 6.150000000000000355, 9.312981375176489607 ) ) ;
#2878 = ORIENTED_EDGE ( 'NONE', *, *, #5700, .F. ) ;
#2879 = DIRECTION ( 'NONE',  ( 0.000000000000000000, -1.000000000000000000, 0.000000000000000000 ) ) ;
#2880 = ORIENTED_EDGE ( 'NONE', *, *, #1939, .F. ) ;
#2881 = EDGE_CURVE ( 'NONE', #2143, #1389, #4647, .T. ) ;
#2882 = DIRECTION ( 'NONE',  ( 0.000000000000000000, -1.000000000000000000, 0.000000000000000000 ) ) ;
#2883 = EDGE_CURVE ( 'NONE', #1474, #2545, #5353, .T. ) ;
#2884 = CYLINDRICAL_SURFACE ( 'NONE', #659, 0.09999999999999951983 ) ;
#2885 = CARTESIAN_POINT ( 'NONE',  ( -0.4302828521505719928, 6.150000000000000355, 6.799999999999999822 ) ) ;
#2886 = ORIENTED_EDGE ( 'NONE', *, *, #3661, .T. ) ;
#2887 = EDGE_LOOP ( 'NONE', ( #8245, #1727, #8835, #638 ) ) ;
#2888 = FACE_OUTER_BOUND ( 'NONE', #8775, .T. ) ;
#2889 = ORIENTED_EDGE ( 'NONE', *, *, #4846, .F. ) ;
#2890 = CARTESIAN_POINT ( 'NONE',  ( 1.718926793259370145, 6.149899999999999700, 9.697098074579370675 ) ) ;
#2891 = EDGE_CURVE ( 'NONE', #3228, #8546, #2026, .T. ) ;
#2892 = ADVANCED_FACE ( 'NONE', ( #2565 ), #5311, .F. ) ;
#2893 = EDGE_CURVE ( 'NONE', #6126, #5630, #3293, .T. ) ;
#2894 = EDGE_CURVE ( 'NONE', #3587, #1474, #4041, .T. ) ;
#2895 = EDGE_CURVE ( 'NONE', #6465, #7543, #2290, .T. ) ;
#2896 = EDGE_CURVE ( 'NONE', #6274, #5086, #4261, .T. ) ;
#2897 = CYLINDRICAL_SURFACE ( 'NONE', #3528, 0.2000000000000002887 ) ;
#2898 = CARTESIAN_POINT ( 'NONE',  ( -2.449999999999999734, 3.124528639857839796, 7.016674446686419486 ) ) ;
#2899 = VERTEX_POINT ( 'NONE', #5566 ) ;
#2900 = CIRCLE ( 'NONE', #1034, 0.09999999999999982514 ) ;
#2901 = CYLINDRICAL_SURFACE ( 'NONE', #4421, 0.09999999999999985290 ) ;
#2902 = VERTEX_POINT ( 'NONE', #2873 ) ;
#2903 = CYLINDRICAL_SURFACE ( 'NONE', #2301, 0.2000000000000000389 ) ;
#2904 = VECTOR ( 'NONE', #7615, 1000.000000000000000 ) ;
#2905 = CARTESIAN_POINT ( 'NONE',  ( 0.4302828521505729920, 5.150000000000000355, 3.200000000000000178 ) ) ;
#2906 = CARTESIAN_POINT ( 'NONE',  ( 0.3250000000000000111, -2.233589289206860062, -4.700000000000000178 ) ) ;
#2907 = DIRECTION ( 'NONE',  ( 0.7071067811865594521, 0.000000000000000000, -0.7071067811865355823 ) ) ;
#2908 = VECTOR ( 'NONE', #8256, 1000.000000000000000 ) ;
#2909 = ORIENTED_EDGE ( 'NONE', *, *, #7679, .T. ) ;
#2910 = ORIENTED_EDGE ( 'NONE', *, *, #2434, .F. ) ;
#2911 = ORIENTED_EDGE ( 'NONE', *, *, #7393, .T. ) ;
#2912 = ORIENTED_EDGE ( 'NONE', *, *, #5131, .F. ) ;
#2913 = EDGE_LOOP ( 'NONE', ( #3542, #5932, #948, #4743 ) ) ;
#2914 = CARTESIAN_POINT ( 'NONE',  ( 2.486583129957890215, 3.155963821529899960, 6.967946392214120266 ) ) ;
#2915 = DIRECTION ( 'NONE',  ( 0.7071067811865472397, 0.000000000000000000, -0.7071067811865477948 ) ) ;
#2916 = DIRECTION ( 'NONE',  ( 0.6702157429215804818, 0.7421663276786907293, 0.000000000000000000 ) ) ;
#2917 = PRODUCT_RELATED_PRODUCT_CATEGORY ( 'part', '', ( #1952 ) ) ;
#2918 = ORIENTED_EDGE ( 'NONE', *, *, #6354, .F. ) ;
#2919 = CARTESIAN_POINT ( 'NONE',  ( -0.3250000000000000111, 7.900000000000000355, 5.200000000000000178 ) ) ;
#2920 = CYLINDRICAL_SURFACE ( 'NONE', #551, 0.1000000000000000333 ) ;
#2921 = AXIS2_PLACEMENT_3D ( 'NONE', #8912, #486, #8141 ) ;
#2922 = ORIENTED_EDGE ( 'NONE', *, *, #2594, .F. ) ;
#2923 = CARTESIAN_POINT ( 'NONE',  ( 0.4302828521505699944, 5.150000000000000355, 13.10000000000000142 ) ) ;
#2924 = EDGE_LOOP ( 'NONE', ( #932, #7419, #6971, #6191, #8488 ) ) ;
#2925 = CARTESIAN_POINT ( 'NONE',  ( -2.040305328863119882, 3.124043308898648341, 7.017213007724244278 ) ) ;
#2926 = EDGE_CURVE ( 'NONE', #7766, #6606, #1188, .T. ) ;
#2927 = CARTESIAN_POINT ( 'NONE',  ( 0.9839186785791701473, 6.150000000000000355, 11.37619048209569961 ) ) ;
#2928 = EDGE_CURVE ( 'NONE', #2685, #1030, #2195, .T. ) ;
#2929 = DIRECTION ( 'NONE',  ( 0.000000000000000000, -1.000000000000000000, 0.000000000000000000 ) ) ;
#2930 = DIRECTION ( 'NONE',  ( 0.6702157429215804818, 0.7421663276786907293, 0.000000000000000000 ) ) ;
#2931 = ORIENTED_EDGE ( 'NONE', *, *, #6110, .F. ) ;
#2932 = CARTESIAN_POINT ( 'NONE',  ( 1.973283754570961834, 3.124216632767869317, 18.53297842570784226 ) ) ;
#2933 = AXIS2_PLACEMENT_3D ( 'NONE', #4027, #6775, #6692 ) ;
#2934 = CARTESIAN_POINT ( 'NONE',  ( 1.902881415125299958, 6.149950000000000472, 11.38510458271479919 ) ) ;
#2935 = ADVANCED_FACE ( 'NONE', ( #7774 ), #4981, .F. ) ;
#2936 = AXIS2_PLACEMENT_3D ( 'NONE', #8010, #8737, #2593 ) ;
#2937 = CARTESIAN_POINT ( 'NONE',  ( 1.940823017527810057, 3.060162171588010072, 0.000000000000000000 ) ) ;
#2938 = PLANE ( 'NONE',  #3781 ) ;
#2939 = CARTESIAN_POINT ( 'NONE',  ( 1.784566988726939973, 6.149950000000000472, 11.60876747097469952 ) ) ;
#2940 = ORIENTED_EDGE ( 'NONE', *, *, #1909, .T. ) ;
#2941 = FACE_OUTER_BOUND ( 'NONE', #7351, .T. ) ;
#2942 = EDGE_LOOP ( 'NONE', ( #8688, #5506, #750, #6522 ) ) ;
#2943 = CARTESIAN_POINT ( 'NONE',  ( 1.257014306635654277, 6.150000000000000355, 10.98748167025273403 ) ) ;
#2944 = CARTESIAN_POINT ( 'NONE',  ( 2.449999999999999734, 3.120710678118654879, 7.020710678118654791 ) ) ;
#2945 = CARTESIAN_POINT ( 'NONE',  ( 0.4302828521505729920, 5.349999999999999645, 4.000000000000000000 ) ) ;
#2946 = B_SPLINE_CURVE_WITH_KNOTS ( 'NONE', 3,
 ( #6656, #5345, #1837, #7332 ),
 .UNSPECIFIED., .F., .F.,
 ( 4, 4 ),
 ( 0.000000000000000000, 1.000000000000000000 ),
 .UNSPECIFIED. ) ;
#2947 = DIRECTION ( 'NONE',  ( 0.000000000000000000, 0.000000000000000000, 1.000000000000000000 ) ) ;
#2948 = VECTOR ( 'NONE', #5006, 1000.000000000000000 ) ;
#2949 = CARTESIAN_POINT ( 'NONE',  ( 1.502601913132799893, -6.150000000000000355, 11.29999999999999893 ) ) ;
#2950 = CARTESIAN_POINT ( 'NONE',  ( 0.5717042083878774994, 6.150000000000000355, 16.04142135623731136 ) ) ;
#2951 = ORIENTED_EDGE ( 'NONE', *, *, #4243, .F. ) ;
#2952 = ORIENTED_EDGE ( 'NONE', *, *, #8907, .F. ) ;
#2953 = ORIENTED_EDGE ( 'NONE', *, *, #5263, .T. ) ;
#2954 = ORIENTED_EDGE ( 'NONE', *, *, #6063, .T. ) ;
#2955 = VERTEX_POINT ( 'NONE', #757 ) ;
#2956 = PRODUCT_DEFINITION_CONTEXT ( 'detailed design', #2680, 'design' ) ;
#2957 = AXIS2_PLACEMENT_3D ( 'NONE', #8574, #1594, #4328 ) ;
#2958 = AXIS2_PLACEMENT_3D ( 'NONE', #3427, #1326, #8811 ) ;
#2959 = CARTESIAN_POINT ( 'NONE',  ( 1.080623164082850085, 6.150000000000000355, 11.06500733321239949 ) ) ;
#2960 = DIRECTION ( 'NONE',  ( -0.7071067811865467956, 0.000000000000000000, 0.7071067811865481278 ) ) ;
#2961 = DIRECTION ( 'NONE',  ( 0.000000000000000000, 0.000000000000000000, 1.000000000000000000 ) ) ;
#2962 = ORIENTED_EDGE ( 'NONE', *, *, #8635, .T. ) ;
#2963 = EDGE_CURVE ( 'NONE', #3457, #5758, #6963, .T. ) ;
#2964 = AXIS2_PLACEMENT_3D ( 'NONE', #4950, #5849, #1628 ) ;
#2965 = FACE_OUTER_BOUND ( 'NONE', #497, .T. ) ;
#2966 = SURFACE_STYLE_FILL_AREA ( #6423 ) ;
#2967 = EDGE_LOOP ( 'NONE', ( #3646, #8662, #3046, #1810 ) ) ;
#2968 = DIRECTION ( 'NONE',  ( 0.000000000000000000, 0.000000000000000000, -1.000000000000000000 ) ) ;
#2969 = VERTEX_POINT ( 'NONE', #4304 ) ;
#2970 = CARTESIAN_POINT ( 'NONE',  ( 1.144362250437921835, 6.150000000000002132, 7.699445984649599062 ) ) ;
#2971 = ORIENTED_EDGE ( 'NONE', *, *, #4432, .T. ) ;
#2972 = EDGE_CURVE ( 'NONE', #1654, #6026, #7644, .T. ) ;
#2973 = CARTESIAN_POINT ( 'NONE',  ( 2.040305328863119882, 3.149999999999999911, 6.949999999999999289 ) ) ;
#2974 = APPLICATION_CONTEXT ( 'automotive_design' ) ;
#2975 = EDGE_CURVE ( 'NONE', #189, #4241, #5342, .T. ) ;
#2976 = CARTESIAN_POINT ( 'NONE',  ( 3.165225458409249846E-16, -1.140806805267340129, 0.000000000000000000 ) ) ;
#2977 = CARTESIAN_POINT ( 'NONE',  ( 1.775011176987597139, 6.150000000000001243, 10.26768093319229713 ) ) ;
#2978 = ORIENTED_EDGE ( 'NONE', *, *, #2619, .F. ) ;
#2979 = DIRECTION ( 'NONE',  ( -0.000000000000000000, 1.000000000000000000, 0.000000000000000000 ) ) ;
#2980 = DIRECTION ( 'NONE',  ( 0.7071067811865496822, 0.7071067811865453523, 0.000000000000000000 ) ) ;
#2981 = CARTESIAN_POINT ( 'NONE',  ( -0.3250000000000000111, -6.893693973998397340, 0.01522409349774287574 ) ) ;
#2982 = CARTESIAN_POINT ( 'NONE',  ( 0.5717042083878794978, 6.150000000000000355, 12.15857864376268971 ) ) ;
#2983 = ORIENTED_EDGE ( 'NONE', *, *, #528, .T. ) ;
#2984 = DIRECTION ( 'NONE',  ( 1.000000000000000000, 0.000000000000000000, 0.000000000000000000 ) ) ;
#2985 = VECTOR ( 'NONE', #6725, 1000.000000000000000 ) ;
#2986 = ORIENTED_EDGE ( 'NONE', *, *, #2542, .F. ) ;
#2987 = AXIS2_PLACEMENT_3D ( 'NONE', #7711, #5052, #5640 ) ;
#2988 = DIRECTION ( 'NONE',  ( -1.000000000000000000, 0.000000000000000000, 0.000000000000000000 ) ) ;
#2989 = CARTESIAN_POINT ( 'NONE',  ( -2.449999999999999734, 2.504596597366330002, 19.00000000000000000 ) ) ;
#2990 = CARTESIAN_POINT ( 'NONE',  ( 1.029289321881345698, 3.120710678118654879, 0.2707106781186547351 ) ) ;
#2991 = CARTESIAN_POINT ( 'NONE',  ( -0.4302828521505689952, 5.349999999999999645, 15.90000000000000036 ) ) ;
#2992 = CIRCLE ( 'NONE', #6591, 0.1999999999999996503 ) ;
#2993 = VECTOR ( 'NONE', #4911, 1000.000000000000000 ) ;
#2994 = DIRECTION ( 'NONE',  ( 0.1016217158801569903, -0.9948231133531089121, 0.000000000000000000 ) ) ;
#2995 = EDGE_CURVE ( 'NONE', #429, #6100, #8665, .T. ) ;
#2996 = CARTESIAN_POINT ( 'NONE',  ( 1.540644780878300146, 6.149899999999999700, 6.827568048027499614 ) ) ;
#2997 = EDGE_LOOP ( 'NONE', ( #3345, #4780, #2744, #6099 ) ) ;
#2998 = EDGE_LOOP ( 'NONE', ( #3948, #1518, #2951, #3310 ) ) ;
#2999 = ORIENTED_EDGE ( 'NONE', *, *, #1064, .T. ) ;
#3000 = VERTEX_POINT ( 'NONE', #8324 ) ;
#3001 = ORIENTED_EDGE ( 'NONE', *, *, #6052, .F. ) ;
#3002 = AXIS2_PLACEMENT_3D ( 'NONE', #73, #2094, #4163 ) ;
#3003 = CARTESIAN_POINT ( 'NONE',  ( 1.917468125229210063, 6.150000000000000355, 10.47037379292717318 ) ) ;
#3004 = CARTESIAN_POINT ( 'NONE',  ( 1.144102365460973436, 6.150000000000000355, 9.105525942587588517 ) ) ;
#3005 = EDGE_CURVE ( 'NONE', #4779, #160, #6776, .T. ) ;
#3006 = EDGE_CURVE ( 'NONE', #1297, #8743, #1324, .T. ) ;
#3007 = CARTESIAN_POINT ( 'NONE',  ( 0.000000000000000000, 0.000000000000000000, 0.000000000000000000 ) ) ;
#3008 = EDGE_CURVE ( 'NONE', #8247, #4066, #7614, .T. ) ;
#3009 = EDGE_CURVE ( 'NONE', #4344, #4258, #5662, .T. ) ;
#3010 = ORIENTED_EDGE ( 'NONE', *, *, #7599, .F. ) ;
#3011 = FACE_OUTER_BOUND ( 'NONE', #6664, .T. ) ;
#3012 = CARTESIAN_POINT ( 'NONE',  ( -0.9999999999999995559, 3.076876110206469672, 0.6000000000000003109 ) ) ;
#3013 = ORIENTED_EDGE ( 'NONE', *, *, #1366, .F. ) ;
#3014 = CARTESIAN_POINT ( 'NONE',  ( 1.843163198252996793, 6.150000000000000355, 10.73113374638960238 ) ) ;
#3015 = ORIENTED_EDGE ( 'NONE', *, *, #5922, .F. ) ;
#3016 = DIRECTION ( 'NONE',  ( 0.000000000000000000, 0.000000000000000000, -1.000000000000000000 ) ) ;
#3017 = CONTEXT_DEPENDENT_SHAPE_REPRESENTATION ( #837, #661 ) ;
#3018 = DIRECTION ( 'NONE',  ( 0.1016217158801542286, -0.9948231133531092452, 2.873135757086585961E-15 ) ) ;
#3019 = ORIENTED_EDGE ( 'NONE', *, *, #3262, .T. ) ;
#3020 = CARTESIAN_POINT ( 'NONE',  ( 1.000000000000000000, 1.500000000000000000, 0.5999999999999999778 ) ) ;
#3021 = CIRCLE ( 'NONE', #7915, 0.09999999999999982514 ) ;
#3022 = LINE ( 'NONE', #7885, #4691 ) ;
#3023 = DIRECTION ( 'NONE',  ( 1.000000000000000000, 0.000000000000000000, 0.000000000000000000 ) ) ;
#3024 = EDGE_LOOP ( 'NONE', ( #6502, #246, #4899, #7098 ) ) ;
#3025 = CARTESIAN_POINT ( 'NONE',  ( -0.4302828521505689952, 6.150000000000000355, 15.90000000000000036 ) ) ;
#3026 = CARTESIAN_POINT ( 'NONE',  ( -1.029289321881345254, 3.120710678118654879, 0.2999999999999999889 ) ) ;
#3027 = CARTESIAN_POINT ( 'NONE',  ( 1.221809502730150321, 6.150000000000000355, 10.21753600661587491 ) ) ;
#3028 = CARTESIAN_POINT ( 'NONE',  ( -1.935512576883387403, 2.719956629130206416, 7.799999999999999822 ) ) ;
#3029 = ORIENTED_EDGE ( 'NONE', *, *, #2024, .F. ) ;
#3030 = FACE_OUTER_BOUND ( 'NONE', #1416, .T. ) ;
#3031 = DIRECTION ( 'NONE',  ( 0.000000000000000000, -1.000000000000000000, 0.000000000000000000 ) ) ;
#3032 = ORIENTED_EDGE ( 'NONE', *, *, #7795, .T. ) ;
#3033 = AXIS2_PLACEMENT_3D ( 'NONE', #7993, #3930, #5993 ) ;
#3034 = AXIS2_PLACEMENT_3D ( 'NONE', #1349, #8834, #3361 ) ;
#3035 = DIRECTION ( 'NONE',  ( -1.387778780781445922E-16, -1.387778780781443703E-16, 1.000000000000000000 ) ) ;
#3036 = CARTESIAN_POINT ( 'NONE',  ( 0.3151414260752860019, 5.349999999999999645, 6.799999999999999822 ) ) ;
#3037 = CARTESIAN_POINT ( 'NONE',  ( 0.4302828521505699944, 5.349999999999999645, 12.30000000000000071 ) ) ;
#3038 = CARTESIAN_POINT ( 'NONE',  ( 1.898829551207549926, 6.149899609549899893, 9.811360637059969747 ) ) ;
#3039 = CARTESIAN_POINT ( 'NONE',  ( -2.449999999999999734, 6.049999999999999822, 19.00000000000000000 ) ) ;
#3040 = CARTESIAN_POINT ( 'NONE',  ( 2.462160247146091940, 3.129656262103217124, 0.000000000000000000 ) ) ;
#3041 = CIRCLE ( 'NONE', #6494, 0.09999999999999970024 ) ;
#3042 = DIRECTION ( 'NONE',  ( 0.5773502691896257311, 0.5773502691896257311, -0.5773502691896257311 ) ) ;
#3043 = ORIENTED_EDGE ( 'NONE', *, *, #1136, .T. ) ;
#3044 = EDGE_CURVE ( 'NONE', #6192, #1968, #5625, .T. ) ;
#3045 = ORIENTED_EDGE ( 'NONE', *, *, #5918, .F. ) ;
#3046 = ORIENTED_EDGE ( 'NONE', *, *, #2459, .T. ) ;
#3047 = VERTEX_POINT ( 'NONE', #7010 ) ;
#3048 = CARTESIAN_POINT ( 'NONE',  ( 1.914612075200803343, 6.149999999999999467, 8.644900316003461427 ) ) ;
#3049 = DIRECTION ( 'NONE',  ( 1.000000000000000000, 0.000000000000000000, 0.000000000000000000 ) ) ;
#3050 = AXIS2_PLACEMENT_3D ( 'NONE', #808, #1491, #6885 ) ;
#3051 = VECTOR ( 'NONE', #7771, 1000.000000000000000 ) ;
#3052 = EDGE_CURVE ( 'NONE', #3453, #6192, #4769, .T. ) ;
#3053 = VERTEX_POINT ( 'NONE', #166 ) ;
#3054 = CARTESIAN_POINT ( 'NONE',  ( 2.406762870324489878, 2.701259896718680054, 12.05000000000000071 ) ) ;
#3055 = DIRECTION ( 'NONE',  ( 1.000000000000000000, 0.000000000000000000, 0.000000000000000000 ) ) ;
#3056 = B_SPLINE_CURVE_WITH_KNOTS ( 'NONE', 3,
 ( #3527, #4837, #4293, #8224, #2809, #68, #8358, #2181, #6315, #5553, #743 ),
 .UNSPECIFIED., .F., .F.,
 ( 4, 1, 1, 1, 2, 2, 4 ),
 ( 0.000000000000000000, 0.2499999999999862332, 0.3749999999999783507, 0.4374999999999750200, 0.4687499999999759082, 0.4999999999999767963, 1.000000000000000000 ),
 .UNSPECIFIED. ) ;
#3057 = VERTEX_POINT ( 'NONE', #8462 ) ;
#3058 = CARTESIAN_POINT ( 'NONE',  ( -1.100000000000000089, 3.149999999999999911, 9.250000000000000000 ) ) ;
#3059 = ORIENTED_EDGE ( 'NONE', *, *, #858, .F. ) ;
#3060 = AXIS2_PLACEMENT_3D ( 'NONE', #3037, #8404, #2179 ) ;
#3061 = CARTESIAN_POINT ( 'NONE',  ( -0.4302828521505719928, 5.349999999999999645, 6.799999999999999822 ) ) ;
#3062 = EDGE_CURVE ( 'NONE', #4187, #1880, #37, .T. ) ;
#3063 = EDGE_CURVE ( 'NONE', #4797, #1650, #6916, .T. ) ;
#3064 = CARTESIAN_POINT ( 'NONE',  ( 1.257014306635659828, 6.149950000000000472, 9.227892232903698755 ) ) ;
#3065 = VERTEX_POINT ( 'NONE', #1071 ) ;
#3066 = CARTESIAN_POINT ( 'NONE',  ( -1.073123889793530239, 3.150000000000000355, 18.57312388979352491 ) ) ;
#3067 = VECTOR ( 'NONE', #7405, 1000.000000000000000 ) ;
#3068 = DIRECTION ( 'NONE',  ( 0.1016217158801560189, 0.9948231133531091341, 0.000000000000000000 ) ) ;
#3069 = CARTESIAN_POINT ( 'NONE',  ( 0.5717042083878796088, 6.150000000000000355, 12.15857864376268971 ) ) ;
#3070 = VERTEX_POINT ( 'NONE', #2467 ) ;
#3071 = CARTESIAN_POINT ( 'NONE',  ( -0.5717042083878828285, 6.150000000000000355, 3.058578643762690952 ) ) ;
#3072 = CARTESIAN_POINT ( 'NONE',  ( 1.295101827462526778, 6.150000000000000355, 8.682511349574300041 ) ) ;
#3073 = DIRECTION ( 'NONE',  ( 0.000000000000000000, 0.000000000000000000, -1.000000000000000000 ) ) ;
#3074 = CARTESIAN_POINT ( 'NONE',  ( 1.237456605220259576, 6.150000000000001243, 10.23250608768991654 ) ) ;
#3075 = CIRCLE ( 'NONE', #6378, 0.1000000000000000333 ) ;
#3076 = ORIENTED_EDGE ( 'NONE', *, *, #7675, .F. ) ;
#3077 = CARTESIAN_POINT ( 'NONE',  ( -0.001999999999997560153, -7.900000000000000355, 0.000000000000000000 ) ) ;
#3078 = CARTESIAN_POINT ( 'NONE',  ( 1.702247994772563944, 6.150000000000000355, 11.19142548744630083 ) ) ;
#3079 = ORIENTED_EDGE ( 'NONE', *, *, #4309, .T. ) ;
#3080 = LINE ( 'NONE', #7856, #6855 ) ;
#3081 = CARTESIAN_POINT ( 'NONE',  ( 1.686511881917360123, 6.150000000000000355, 7.540696097551820465 ) ) ;
#3082 = VECTOR ( 'NONE', #5124, 1000.000000000000000 ) ;
#3083 = CARTESIAN_POINT ( 'NONE',  ( 2.449999999999999734, 3.250000000000000000, 0.1000000000000000056 ) ) ;
#3084 = AXIS2_PLACEMENT_3D ( 'NONE', #383, #2273, #8541 ) ;
#3085 = DIRECTION ( 'NONE',  ( 0.000000000000000000, 0.000000000000000000, 1.000000000000000000 ) ) ;
#3086 = CARTESIAN_POINT ( 'NONE',  ( 0.9028814002241329906, 6.150000000000000355, 12.05528287471100057 ) ) ;
#3087 = ORIENTED_EDGE ( 'NONE', *, *, #8906, .T. ) ;
#3088 = VERTEX_POINT ( 'NONE', #6517 ) ;
#3089 = VERTEX_POINT ( 'NONE', #349 ) ;
#3090 = ORIENTED_EDGE ( 'NONE', *, *, #2298, .T. ) ;
#3091 = DIRECTION ( 'NONE',  ( 1.000000000000000000, 0.000000000000000000, 0.000000000000000000 ) ) ;
#3092 = EDGE_CURVE ( 'NONE', #4066, #6254, #436, .T. ) ;
#3093 = PLANE ( 'NONE',  #2367 ) ;
#3094 =( BOUNDED_CURVE ( )  B_SPLINE_CURVE ( 3, ( #1970, #8870, #2683, #4754 ),
 .UNSPECIFIED., .F., .F. ) 
 B_SPLINE_CURVE_WITH_KNOTS ( ( 4, 4 ),
 ( 0.8362968839904674212, 1.570796326794896558 ),
 .UNSPECIFIED. ) 
 CURVE ( )  GEOMETRIC_REPRESENTATION_ITEM ( )  RATIONAL_B_SPLINE_CURVE ( ( 1.000000000000000000, 0.9555455743070121466, 0.9555455743070121466, 1.000000000000000000 ) ) 
 REPRESENTATION_ITEM ( '' )  );
#3095 = CARTESIAN_POINT ( 'NONE',  ( 2.449999999999999734, 6.049999999999999822, 19.00000000000000000 ) ) ;
#3096 = ORIENTED_EDGE ( 'NONE', *, *, #6899, .T. ) ;
#3097 = CARTESIAN_POINT ( 'NONE',  ( 1.152476217557649951, 6.149899999999999700, 11.27651462971900109 ) ) ;
#3098 = CARTESIAN_POINT ( 'NONE',  ( 0.9369170571332520181, 6.149899999999999700, 11.19142548744630083 ) ) ;
#3099 = AXIS2_PLACEMENT_3D ( 'NONE', #5303, #8651, #8060 ) ;
#3100 = VERTEX_POINT ( 'NONE', #8597 ) ;
#3101 = CARTESIAN_POINT ( 'NONE',  ( -2.040305328863119882, 3.149999999999999911, 18.59999999999999787 ) ) ;
#3102 = VERTEX_POINT ( 'NONE', #2420 ) ;
#3103 = LINE ( 'NONE', #3731, #494 ) ;
#3104 = CARTESIAN_POINT ( 'NONE',  ( 1.892272222812195537, 6.150000000000000355, 9.788045691654277292 ) ) ;
#3105 = ORIENTED_EDGE ( 'NONE', *, *, #2002, .T. ) ;
#3106 = CARTESIAN_POINT ( 'NONE',  ( 0.009351313679485179914, -1.425000000000000044, 18.50000000000000000 ) ) ;
#3107 = VECTOR ( 'NONE', #8122, 1000.000000000000114 ) ;
#3108 = DIRECTION ( 'NONE',  ( -1.734723475976804876E-16, 1.734723475976804876E-16, -1.000000000000000000 ) ) ;
#3109 = ADVANCED_FACE ( 'NONE', ( #3858 ), #5209, .T. ) ;
#3110 = CARTESIAN_POINT ( 'NONE',  ( 1.939784946236559948, 3.050000000000000266, 12.05000000000000071 ) ) ;
#3111 = EDGE_LOOP ( 'NONE', ( #55, #219, #8228, #5202 ) ) ;
#3112 = CARTESIAN_POINT ( 'NONE',  ( 1.444210419635800102, 6.149899536118099697, 7.347017002283280362 ) ) ;
#3113 = EDGE_CURVE ( 'NONE', #3557, #4344, #1753, .T. ) ;
#3114 = EDGE_CURVE ( 'NONE', #3670, #3537, #3041, .T. ) ;
#3115 = EDGE_CURVE ( 'NONE', #3641, #3656, #4979, .T. ) ;
#3116 = EDGE_CURVE ( 'NONE', #5393, #4359, #2900, .T. ) ;
#3117 = CARTESIAN_POINT ( 'NONE',  ( 0.3250000000000000111, -7.400000000000000355, 0.5000000000000000000 ) ) ;
#3118 = B_SPLINE_CURVE_WITH_KNOTS ( 'NONE', 3,
 ( #990, #1713, #8520, #1667 ),
 .UNSPECIFIED., .F., .F.,
 ( 4, 4 ),
 ( 0.000000000000000000, 1.000000000000000000 ),
 .UNSPECIFIED. ) ;
#3119 = CARTESIAN_POINT ( 'NONE',  ( -1.275000000000000133, 3.250000000000000000, 19.00000000000000000 ) ) ;
#3120 = ADVANCED_FACE ( 'NONE', ( #6472 ), #3765, .T. ) ;
#3121 = CARTESIAN_POINT ( 'NONE',  ( 1.973283754570961834, 3.124216632767869317, 18.53297842570784226 ) ) ;
#3122 = ORIENTED_EDGE ( 'NONE', *, *, #8711, .F. ) ;
#3123 = CYLINDRICAL_SURFACE ( 'NONE', #7034, 0.2000000000000000944 ) ;
#3124 = PLANE ( 'NONE',  #7015 ) ;
#3125 = ORIENTED_EDGE ( 'NONE', *, *, #3177, .T. ) ;
#3126 = DIRECTION ( 'NONE',  ( 0.000000000000000000, -0.7071067811865482389, -0.7071067811865466846 ) ) ;
#3127 = CARTESIAN_POINT ( 'NONE',  ( 1.789429225428259995, 6.150000000000000355, 7.714115873231599529 ) ) ;
#3128 = CARTESIAN_POINT ( 'NONE',  ( 1.940823017527810057, 3.060162171588010072, 7.049482311335309781 ) ) ;
#3129 = CARTESIAN_POINT ( 'NONE',  ( -0.2999999999999999889, 3.050000000000000266, 12.14999999999999858 ) ) ;
#3130 = DIRECTION ( 'NONE',  ( 0.000000000000000000, -1.000000000000000000, 0.000000000000000000 ) ) ;
#3131 = LINE ( 'NONE', #8729, #2199 ) ;
#3132 = ORIENTED_EDGE ( 'NONE', *, *, #1137, .T. ) ;
#3133 = CIRCLE ( 'NONE', #7007, 0.1999999999999999833 ) ;
#3134 = VECTOR ( 'NONE', #334, 1000.000000000000000 ) ;
#3135 = ORIENTED_EDGE ( 'NONE', *, *, #1919, .T. ) ;
#3136 = CARTESIAN_POINT ( 'NONE',  ( -2.550000000000000266, 2.504596597366330002, 0.1000000000000000056 ) ) ;
#3137 = ORIENTED_EDGE ( 'NONE', *, *, #350, .T. ) ;
#3138 = ORIENTED_EDGE ( 'NONE', *, *, #1936, .F. ) ;
#3139 = CARTESIAN_POINT ( 'NONE',  ( 2.462159884122632203, 3.129656503977710003, 12.08874519549486415 ) ) ;
#3140 = B_SPLINE_CURVE_WITH_KNOTS ( 'NONE', 3,
 ( #6029, #8285, #5529, #4812 ),
 .UNSPECIFIED., .F., .F.,
 ( 4, 4 ),
 ( 0.000000000000000000, 1.000000000000000000 ),
 .UNSPECIFIED. ) ;
#3141 = AXIS2_PLACEMENT_3D ( 'NONE', #4086, #6109, #6711 ) ;
#3142 = AXIS2_PLACEMENT_3D ( 'NONE', #63, #2804, #8305 ) ;
#3143 = CARTESIAN_POINT ( 'NONE',  ( -1.939784946236559948, 3.050000000000000266, 18.50000000000000000 ) ) ;
#3144 = CARTESIAN_POINT ( 'NONE',  ( -0.2999999999999999889, 3.050000000000000266, 12.14999999999999858 ) ) ;
#3145 = EDGE_LOOP ( 'NONE', ( #8698, #4198, #2597, #6717 ) ) ;
#3146 = DIRECTION ( 'NONE',  ( 0.000000000000000000, -1.000000000000000000, 0.000000000000000000 ) ) ;
#3147 = AXIS2_PLACEMENT_3D ( 'NONE', #6718, #3302, #1228 ) ;
#3148 = CIRCLE ( 'NONE', #552, 0.09999999999999982514 ) ;
#3149 = APPLICATION_CONTEXT ( 'automotive_design' ) ;
#3150 = ORIENTED_EDGE ( 'NONE', *, *, #2462, .T. ) ;
#3151 = DIRECTION ( 'NONE',  ( -0.7071067811865489050, 0.000000000000000000, -0.7071067811865461294 ) ) ;
#3152 = VERTEX_POINT ( 'NONE', #4489 ) ;
#3153 = FACE_OUTER_BOUND ( 'NONE', #5336, .T. ) ;
#3154 =( BOUNDED_CURVE ( )  B_SPLINE_CURVE ( 3, ( #6918, #6241, #81, #2824 ),
 .UNSPECIFIED., .F., .T. ) 
 B_SPLINE_CURVE_WITH_KNOTS ( ( 4, 4 ),
 ( 3.977889537580255208, 4.712388980384689674 ),
 .UNSPECIFIED. ) 
 CURVE ( )  GEOMETRIC_REPRESENTATION_ITEM ( )  RATIONAL_B_SPLINE_CURVE ( ( 1.000000000000000000, 0.9555455743070115915, 0.9555455743070115915, 1.000000000000000000 ) ) 
 REPRESENTATION_ITEM ( '' )  );
#3155 = CARTESIAN_POINT ( 'NONE',  ( -0.4302828521505689952, 6.150000000000000355, 16.10000000000000142 ) ) ;
#3156 = CYLINDRICAL_SURFACE ( 'NONE', #156, 0.09999999999999936717 ) ;
#3157 = CIRCLE ( 'NONE', #7894, 0.09999999999999936717 ) ;
#3158 = DIRECTION ( 'NONE',  ( -1.000000000000000000, 0.000000000000000000, 0.000000000000000000 ) ) ;
#3159 = CARTESIAN_POINT ( 'NONE',  ( -0.4302828521505719928, 5.349999999999999645, 6.799999999999999822 ) ) ;
#3160 = ORIENTED_EDGE ( 'NONE', *, *, #7758, .T. ) ;
#3161 = EDGE_CURVE ( 'NONE', #6603, #7919, #8611, .T. ) ;
#3162 = CARTESIAN_POINT ( 'NONE',  ( -1.275000000000000133, 3.120710678118654879, 0.5707106781186547240 ) ) ;
#3163 =( LENGTH_UNIT ( ) NAMED_UNIT ( * ) SI_UNIT ( .MILLI., .METRE. ) );
#3164 = VECTOR ( 'NONE', #242, 1000.000000000000000 ) ;
#3165 = EDGE_CURVE ( 'NONE', #7003, #1459, #7937, .T. ) ;
#3166 = DIRECTION ( 'NONE',  ( 0.000000000000000000, 0.000000000000000000, -1.000000000000000000 ) ) ;
#3167 = CARTESIAN_POINT ( 'NONE',  ( 1.531730680259229871, 6.149899974183930418, 10.33080959131580023 ) ) ;
#3168 = CARTESIAN_POINT ( 'NONE',  ( 0.3250000000000000111, -7.576999999999999957, 5.200000000000000178 ) ) ;
#3169 = ORIENTED_EDGE ( 'NONE', *, *, #5134, .F. ) ;
#3170 = CARTESIAN_POINT ( 'NONE',  ( 1.852638302545190019, 6.150000000000000355, 7.616060766422009465 ) ) ;
#3171 = DIRECTION ( 'NONE',  ( 1.355252715606880049E-16, -0.7071067811865465735, 0.7071067811865485719 ) ) ;
#3172 = ORIENTED_EDGE ( 'NONE', *, *, #8902, .T. ) ;
#3173 = ADVANCED_FACE ( 'NONE', ( #2376 ), #7148, .F. ) ;
#3174 = CARTESIAN_POINT ( 'NONE',  ( 1.782946243159839961, 6.149899999999999700, 10.83243034433339957 ) ) ;
#3175 = DIRECTION ( 'NONE',  ( 1.000000000000000000, 0.000000000000000000, 0.000000000000000000 ) ) ;
#3176 = DIRECTION ( 'NONE',  ( -0.7071067811865467956, -0.7071067811865481278, 0.000000000000000000 ) ) ;
#3177 = EDGE_CURVE ( 'NONE', #3761, #753, #6670, .T. ) ;
#3178 = ADVANCED_FACE ( 'NONE', ( #438 ), #4394, .F. ) ;
#3179 = ADVANCED_FACE ( 'NONE', ( #5115 ), #4442, .T. ) ;
#3180 = DIRECTION ( 'NONE',  ( 0.000000000000000000, -1.000000000000000000, 0.000000000000000000 ) ) ;
#3181 = EDGE_CURVE ( 'NONE', #7489, #3243, #1833, .T. ) ;
#3182 = CARTESIAN_POINT ( 'NONE',  ( 1.909351313647939863, 2.752070754658749951, 6.025000000000000355 ) ) ;
#3183 = LINE ( 'NONE', #1153, #3346 ) ;
#3184 = ORIENTED_EDGE ( 'NONE', *, *, #4604, .F. ) ;
#3185 = PRESENTATION_LAYER_ASSIGNMENT (  '', '', ( #5183 ) ) ;
#3186 = ORIENTED_EDGE ( 'NONE', *, *, #2180, .T. ) ;
#3187 = CARTESIAN_POINT ( 'NONE',  ( 1.687592378962086803, 6.150000000000000355, 9.227892232903709413 ) ) ;
#3188 = ORIENTED_EDGE ( 'NONE', *, *, #3471, .F. ) ;
#3189 = ORIENTED_EDGE ( 'NONE', *, *, #2180, .F. ) ;
#3190 = LINE ( 'NONE', #5927, #5635 ) ;
#3191 = VECTOR ( 'NONE', #8923, 1000.000000000000000 ) ;
#3192 = CARTESIAN_POINT ( 'NONE',  ( 1.346155312826200046, 6.150000000000000355, 7.950744726028309728 ) ) ;
#3193 = VERTEX_POINT ( 'NONE', #610 ) ;
#3194 = DIRECTION ( 'NONE',  ( 6.570407392573509247E-17, -1.000000000000000000, 6.570407392573499386E-17 ) ) ;
#3195 = FACE_OUTER_BOUND ( 'NONE', #8490, .T. ) ;
#3196 = VERTEX_POINT ( 'NONE', #6738 ) ;
#3197 = B_SPLINE_CURVE_WITH_KNOTS ( 'NONE', 3,
 ( #4828, #3563, #8215, #4237 ),
 .UNSPECIFIED., .F., .F.,
 ( 4, 4 ),
 ( 0.000000000000000000, 1.000000000000000000 ),
 .UNSPECIFIED. ) ;
#3198 = CARTESIAN_POINT ( 'NONE',  ( 0.1634999999999999787, -7.738500000000000156, 0.000000000000000000 ) ) ;
#3199 = ORIENTED_EDGE ( 'NONE', *, *, #4980, .T. ) ;
#3200 = CARTESIAN_POINT ( 'NONE',  ( -2.008833624983249688, 2.741908583070740146, 12.05000000000000071 ) ) ;
#3201 = VECTOR ( 'NONE', #1141, 1000.000000000000000 ) ;
#3202 = AXIS2_PLACEMENT_3D ( 'NONE', #5260, #6703, #3244 ) ;
#3203 = CARTESIAN_POINT ( 'NONE',  ( 1.898829551207549926, 6.149899609549899893, 9.811360637059969747 ) ) ;
#3204 = DIRECTION ( 'NONE',  ( -0.7071067811865489050, 0.000000000000000000, -0.7071067811865461294 ) ) ;
#3205 = FACE_OUTER_BOUND ( 'NONE', #916, .T. ) ;
#3206 = DIRECTION ( 'NONE',  ( 1.000000000000000000, 0.000000000000000000, 0.000000000000000000 ) ) ;
#3207 = ORIENTED_EDGE ( 'NONE', *, *, #2298, .F. ) ;
#3208 = AXIS2_PLACEMENT_3D ( 'NONE', #8634, #7950, #3176 ) ;
#3209 = LINE ( 'NONE', #8757, #691 ) ;
#3210 = EDGE_CURVE ( 'NONE', #672, #7429, #7116, .T. ) ;
#3211 = SURFACE_STYLE_USAGE ( .BOTH. , #6669 ) ;
#3212 = EDGE_CURVE ( 'NONE', #6820, #6879, #6795, .T. ) ;
#3213 = B_SPLINE_CURVE_WITH_KNOTS ( 'NONE', 3,
 ( #4697, #3934, #8814, #600 ),
 .UNSPECIFIED., .F., .F.,
 ( 4, 4 ),
 ( 0.000000000000000000, 1.000000000000000000 ),
 .UNSPECIFIED. ) ;
#3214 = DIRECTION ( 'NONE',  ( -0.000000000000000000, 1.000000000000000000, 0.000000000000000000 ) ) ;
#3215 = CARTESIAN_POINT ( 'NONE',  ( 1.098999651243420139, -5.180845519406499733, 7.799999999999999822 ) ) ;
#3216 = CARTESIAN_POINT ( 'NONE',  ( 1.791321958067398024, 6.149999999999998579, 10.86083504492351359 ) ) ;
#3217 = VERTEX_POINT ( 'NONE', #8102 ) ;
#3218 = LINE ( 'NONE', #4557, #5162 ) ;
#3219 = CARTESIAN_POINT ( 'NONE',  ( -2.449999999999999734, 3.250000000000000000, 0.1000000000000000056 ) ) ;
#3220 = EDGE_LOOP ( 'NONE', ( #8174, #1381, #4415, #7094 ) ) ;
#3221 = FACE_OUTER_BOUND ( 'NONE', #3111, .T. ) ;
#3222 = CARTESIAN_POINT ( 'NONE',  ( 1.776463260891450124, 6.150000000000000355, 7.979918146236129495 ) ) ;
#3223 = FACE_OUTER_BOUND ( 'NONE', #4455, .T. ) ;
#3224 = CARTESIAN_POINT ( 'NONE',  ( 1.782946243159849953, 6.150000000000000355, 10.37943195832879972 ) ) ;
#3225 = DIRECTION ( 'NONE',  ( 1.000000000000000000, 0.000000000000000000, 0.000000000000000000 ) ) ;
#3226 = DIRECTION ( 'NONE',  ( -1.000000000000000000, 0.000000000000000000, 0.000000000000000000 ) ) ;
#3227 = ORIENTED_EDGE ( 'NONE', *, *, #8448, .F. ) ;
#3228 = VERTEX_POINT ( 'NONE', #8058 ) ;
#3229 = EDGE_CURVE ( 'NONE', #3228, #6276, #5428, .T. ) ;
#3230 = LINE ( 'NONE', #8687, #3957 ) ;
#3231 = ORIENTED_EDGE ( 'NONE', *, *, #7623, .F. ) ;
#3232 = FACE_OUTER_BOUND ( 'NONE', #2095, .T. ) ;
#3233 = UNCERTAINTY_MEASURE_WITH_UNIT (LENGTH_MEASURE( 1.000000000000000082E-05 ), #7106, 'distance_accuracy_value', 'NONE');
#3234 = AXIS2_PLACEMENT_3D ( 'NONE', #8019, #3018, #6526 ) ;
#3235 = DIRECTION ( 'NONE',  ( 0.000000000000000000, 0.000000000000000000, 1.000000000000000000 ) ) ;
#3236 = DIRECTION ( 'NONE',  ( -1.314081478514699877E-16, 1.000000000000000000, 0.000000000000000000 ) ) ;
#3237 = DIRECTION ( 'NONE',  ( -1.000000000000000000, 0.000000000000000000, 0.000000000000000000 ) ) ;
#3238 = EDGE_CURVE ( 'NONE', #7871, #3196, #524, .T. ) ;
#3239 = VERTEX_POINT ( 'NONE', #4671 ) ;
#3240 = DIRECTION ( 'NONE',  ( 1.000000000000000000, 0.000000000000000000, 0.000000000000000000 ) ) ;
#3241 = LINE ( 'NONE', #5973, #4439 ) ;
#3242 = VERTEX_POINT ( 'NONE', #7459 ) ;
#3243 = VERTEX_POINT ( 'NONE', #5967 ) ;
#3244 = DIRECTION ( 'NONE',  ( 1.000000000000000000, 0.000000000000000000, 0.000000000000000000 ) ) ;
#3245 = CARTESIAN_POINT ( 'NONE',  ( 1.257014306635650058, 6.150000000000000355, 11.21978853487053307 ) ) ;
#3246 = CARTESIAN_POINT ( 'NONE',  ( 1.100000000000000089, 3.149999999999999911, 0.2000000000000000111 ) ) ;
#3247 = EDGE_CURVE ( 'NONE', #7589, #149, #165, .T. ) ;
#3248 = EDGE_LOOP ( 'NONE', ( #3160, #358, #8134, #356 ) ) ;
#3249 = VECTOR ( 'NONE', #1118, 1000.000000000000000 ) ;
#3250 = DIRECTION ( 'NONE',  ( 0.000000000000000000, 1.000000000000000000, 0.000000000000000000 ) ) ;
#3251 = CARTESIAN_POINT ( 'NONE',  ( -2.449999999999999734, 3.250000000000000000, 0.1000000000000000056 ) ) ;
#3252 = VERTEX_POINT ( 'NONE', #6011 ) ;
#3253 = CARTESIAN_POINT ( 'NONE',  ( 0.8583108971288702094, 6.150000000000000355, 9.510712334362780851 ) ) ;
#3254 = EDGE_CURVE ( 'NONE', #7974, #3477, #111, .T. ) ;
#3255 = LINE ( 'NONE', #3880, #3107 ) ;
#3256 = CARTESIAN_POINT ( 'NONE',  ( 1.848015790112468970, 6.149999999999997691, 10.20323342499280628 ) ) ;
#3257 = ORIENTED_EDGE ( 'NONE', *, *, #910, .T. ) ;
#3258 = VECTOR ( 'NONE', #7386, 1000.000000000000000 ) ;
#3259 = ORIENTED_EDGE ( 'NONE', *, *, #1614, .T. ) ;
#3260 = DIRECTION ( 'NONE',  ( 1.000000000000000000, 0.000000000000000000, 0.000000000000000000 ) ) ;
#3261 = FACE_OUTER_BOUND ( 'NONE', #8064, .T. ) ;
#3262 = EDGE_CURVE ( 'NONE', #7912, #4974, #6982, .T. ) ;
#3263 = DIRECTION ( 'NONE',  ( 0.000000000000000000, 0.000000000000000000, -1.000000000000000000 ) ) ;
#3264 = DIRECTION ( 'NONE',  ( -2.081668171172169746E-16, 0.000000000000000000, -1.000000000000000000 ) ) ;
#3265 = DIRECTION ( 'NONE',  ( -1.000000000000000000, 0.000000000000000000, 0.000000000000000000 ) ) ;
#3266 = CARTESIAN_POINT ( 'NONE',  ( 1.803108575847082173, 6.150000000000000355, 10.43869656713474647 ) ) ;
#3267 = DIRECTION ( 'NONE',  ( 0.7071067811865466846, 0.000000000000000000, 0.7071067811865482389 ) ) ;
#3268 = CARTESIAN_POINT ( 'NONE',  ( 2.449999999999999734, 6.049999999999999822, 0.1000000000000000056 ) ) ;
#3269 = ORIENTED_EDGE ( 'NONE', *, *, #788, .F. ) ;
#3270 = ORIENTED_EDGE ( 'NONE', *, *, #8047, .F. ) ;
#3271 = DIRECTION ( 'NONE',  ( 0.000000000000000000, 1.000000000000000000, 0.000000000000000000 ) ) ;
#3272 = EDGE_CURVE ( 'NONE', #5559, #7546, #7330, .T. ) ;
#3273 = ORIENTED_EDGE ( 'NONE', *, *, #3238, .F. ) ;
#3274 = VECTOR ( 'NONE', #4993, 1000.000000000000000 ) ;
#3275 = DIRECTION ( 'NONE',  ( 0.7071067811865466846, 0.000000000000000000, 0.7071067811865482389 ) ) ;
#3276 = CARTESIAN_POINT ( 'NONE',  ( 2.449999999999999734, 6.049999999999999822, 19.00000000000000000 ) ) ;
#3277 = DIRECTION ( 'NONE',  ( 0.7071067811865496822, 4.996003610813204432E-16, -0.7071067811865455743 ) ) ;
#3278 = LINE ( 'NONE', #1377, #7234 ) ;
#3279 = AXIS2_PLACEMENT_3D ( 'NONE', #6616, #5887, #1288 ) ;
#3280 = ORIENTED_EDGE ( 'NONE', *, *, #6349, .F. ) ;
#3281 = LINE ( 'NONE', #7378, #6101 ) ;
#3282 = DIRECTION ( 'NONE',  ( 0.7071067811865474617, 0.7071067811865474617, 0.000000000000000000 ) ) ;
#3283 = ORIENTED_EDGE ( 'NONE', *, *, #632, .F. ) ;
#3284 = ORIENTED_EDGE ( 'NONE', *, *, #2883, .T. ) ;
#3285 = AXIS2_PLACEMENT_3D ( 'NONE', #7674, #8407, #6948 ) ;
#3286 = AXIS2_PLACEMENT_3D ( 'NONE', #7757, #5685, #6400 ) ;
#3288 = ADVANCED_FACE ( 'NONE', ( #2681, #8782, #4028, #4751, #1876, #1248, #8868, #2595, #6777, #5343, #3988, #3353, #7375, #1208 ), #8183, .T. ) ;
#3287 = DIRECTION ( 'NONE',  ( 0.000000000000000000, 0.000000000000000000, 1.000000000000000000 ) ) ;
#3289 = EDGE_CURVE ( 'NONE', #2255, #4742, #3922, .T. ) ;
#3290 = DIRECTION ( 'NONE',  ( 0.000000000000000000, 0.7071067811865470176, -0.7071067811865480168 ) ) ;
#3291 = ADVANCED_FACE ( 'NONE', ( #6133 ), #5467, .T. ) ;
#3292 = EDGE_CURVE ( 'NONE', #7871, #5121, #3278, .T. ) ;
#3293 = LINE ( 'NONE', #1931, #454 ) ;
#3294 = EDGE_LOOP ( 'NONE', ( #5860, #7958, #7042, #7923 ) ) ;
#3295 = CIRCLE ( 'NONE', #8320, 0.2000000000000002054 ) ;
#3296 = CARTESIAN_POINT ( 'NONE',  ( 2.445897849675559677, 3.084370747208040164, 0.000000000000000000 ) ) ;
#3297 = CARTESIAN_POINT ( 'NONE',  ( -0.009351313679485140015, -4.575000000000000178, 0.6999999999999999556 ) ) ;
#3298 = ORIENTED_EDGE ( 'NONE', *, *, #2778, .F. ) ;
#3299 = CARTESIAN_POINT ( 'NONE',  ( -0.4302828521505719928, 5.349999999999999645, 6.799999999999999822 ) ) ;
#3300 = ORIENTED_EDGE ( 'NONE', *, *, #2835, .T. ) ;
#3301 = ORIENTED_EDGE ( 'NONE', *, *, #4294, .T. ) ;
#3302 = DIRECTION ( 'NONE',  ( 0.000000000000000000, 0.000000000000000000, 1.000000000000000000 ) ) ;
#3303 = DIRECTION ( 'NONE',  ( 0.6702157429215804818, 0.7421663276786907293, 0.000000000000000000 ) ) ;
#3304 = DIRECTION ( 'NONE',  ( 1.000000000000000000, 0.000000000000000000, 0.000000000000000000 ) ) ;
#3305 = CARTESIAN_POINT ( 'NONE',  ( -0.3250000000000000111, 7.900000000000000355, 0.000000000000000000 ) ) ;
#3306 = CARTESIAN_POINT ( 'NONE',  ( 1.316613806136161857, 6.149999999999998579, 7.304667999567763914 ) ) ;
#3307 = CARTESIAN_POINT ( 'NONE',  ( 0.3250000000000000111, -2.233589289206860062, 4.700000000000000178 ) ) ;
#3308 = LINE ( 'NONE', #6045, #6055 ) ;
#3309 = ORIENTED_EDGE ( 'NONE', *, *, #8498, .T. ) ;
#3310 = ORIENTED_EDGE ( 'NONE', *, *, #198, .T. ) ;
#3311 = LINE ( 'NONE', #8821, #2144 ) ;
#3312 = CARTESIAN_POINT ( 'NONE',  ( 2.449999999999999734, 3.250000000000000000, 19.00000000000000000 ) ) ;
#3313 = CARTESIAN_POINT ( 'NONE',  ( 2.449999999999999734, 3.149999999999999911, 0.1000000000000000056 ) ) ;
#3314 = DIRECTION ( 'NONE',  ( 0.000000000000000000, 0.000000000000000000, 1.000000000000000000 ) ) ;
#3315 = EDGE_CURVE ( 'NONE', #4166, #2685, #5511, .T. ) ;
#3316 = ORIENTED_EDGE ( 'NONE', *, *, #2896, .T. ) ;
#3317 = CARTESIAN_POINT ( 'NONE',  ( 1.863443272992513666, 6.150000000000000355, 11.60876747097469952 ) ) ;
#3318 = CYLINDRICAL_SURFACE ( 'NONE', #699, 0.1000000000000001443 ) ;
#3319 = ORIENTED_EDGE ( 'NONE', *, *, #8322, .F. ) ;
#3320 = EDGE_CURVE ( 'NONE', #3406, #763, #1933, .T. ) ;
#3321 = ORIENTED_EDGE ( 'NONE', *, *, #1408, .F. ) ;
#3322 = CARTESIAN_POINT ( 'NONE',  ( 1.340479446723970014, -2.816885416281170063, 18.50000000000000000 ) ) ;
#3323 = VECTOR ( 'NONE', #3326, 1000.000000000000000 ) ;
#3324 = EDGE_CURVE ( 'NONE', #6879, #4572, #4116, .T. ) ;
#3325 = CARTESIAN_POINT ( 'NONE',  ( 1.000000000000000000, 1.500000000000000000, 18.50000000000000000 ) ) ;
#3326 = DIRECTION ( 'NONE',  ( -1.000000000000000000, 0.000000000000000000, 0.000000000000000000 ) ) ;
#3327 = ORIENTED_EDGE ( 'NONE', *, *, #2063, .T. ) ;
#3328 = CARTESIAN_POINT ( 'NONE',  ( 0.3250000000000000111, -7.400000000000000355, -0.5000000000000000000 ) ) ;
#3329 = AXIS2_PLACEMENT_3D ( 'NONE', #1435, #5707, #4350 ) ;
#3330 = DIRECTION ( 'NONE',  ( 0.000000000000000000, 0.7071067811865474617, 0.7071067811865474617 ) ) ;
#3331 = EDGE_LOOP ( 'NONE', ( #5492, #4485, #8033, #8053 ) ) ;
#3332 = AXIS2_PLACEMENT_3D ( 'NONE', #7487, #8132, #2081 ) ;
#3333 = FACE_OUTER_BOUND ( 'NONE', #8007, .T. ) ;
#3334 = AXIS2_PLACEMENT_3D ( 'NONE', #5889, #6745, #8607 ) ;
#3335 = CARTESIAN_POINT ( 'NONE',  ( -1.949999999999999956, 3.149999999999999911, 0.000000000000000000 ) ) ;
#3336 = CARTESIAN_POINT ( 'NONE',  ( -1.502601913132799893, -6.150000000000000355, 10.42500000000000071 ) ) ;
#3337 = VERTEX_POINT ( 'NONE', #3892 ) ;
#3338 = ORIENTED_EDGE ( 'NONE', *, *, #7721, .F. ) ;
#3339 = CARTESIAN_POINT ( 'NONE',  ( 0.4302828521505689952, 6.150000000000000355, 16.10000000000000142 ) ) ;
#3340 = DIRECTION ( 'NONE',  ( 0.000000000000000000, 0.7071067811865431318, -0.7071067811865519026 ) ) ;
#3341 = DIRECTION ( 'NONE',  ( 0.000000000000000000, 0.7071067811865482389, -0.7071067811865466846 ) ) ;
#3342 = B_SPLINE_CURVE_WITH_KNOTS ( 'NONE', 3,
 ( #442, #2010, #8144, #7421 ),
 .UNSPECIFIED., .F., .F.,
 ( 4, 4 ),
 ( 0.000000000000000000, 1.000000000000000000 ),
 .UNSPECIFIED. ) ;
#3343 = DIRECTION ( 'NONE',  ( 1.000000000000000000, 0.000000000000000000, 0.000000000000000000 ) ) ;
#3344 = FACE_OUTER_BOUND ( 'NONE', #8296, .T. ) ;
#3345 = ORIENTED_EDGE ( 'NONE', *, *, #6558, .F. ) ;
#3346 = VECTOR ( 'NONE', #8683, 1000.000000000000000 ) ;
#3347 = ORIENTED_EDGE ( 'NONE', *, *, #8855, .T. ) ;
#3348 = DIRECTION ( 'NONE',  ( -0.5773502691896243988, -0.5773502691896243988, 0.5773502691896287287 ) ) ;
#3349 = LINE ( 'NONE', #2473, #8168 ) ;
#3350 = FACE_OUTER_BOUND ( 'NONE', #343, .T. ) ;
#3351 = PLANE ( 'NONE',  #3766 ) ;
#3352 = CARTESIAN_POINT ( 'NONE',  ( 1.540644780878294151, 6.150000000000000355, 7.173867350864692405 ) ) ;
#3353 = FACE_BOUND ( 'NONE', #3626, .T. ) ;
#3354 = EDGE_LOOP ( 'NONE', ( #1257, #3745, #362, #668 ) ) ;
#3355 = AXIS2_PLACEMENT_3D ( 'NONE', #2014, #1844, #3290 ) ;
#3356 = ORIENTED_EDGE ( 'NONE', *, *, #7794, .F. ) ;
#3357 = ORIENTED_EDGE ( 'NONE', *, *, #676, .T. ) ;
#3358 = ADVANCED_FACE ( 'NONE', ( #6550 ), #3756, .F. ) ;
#3359 = CARTESIAN_POINT ( 'NONE',  ( 1.939784946236559948, 3.050000000000000266, 12.05000000000000071 ) ) ;
#3360 = DIRECTION ( 'NONE',  ( -1.000000000000000000, 0.000000000000000000, 0.000000000000000000 ) ) ;
#3361 = DIRECTION ( 'NONE',  ( 0.000000000000000000, 1.000000000000000000, 0.000000000000000000 ) ) ;
#3362 = AXIS2_PLACEMENT_3D ( 'NONE', #1965, #2006, #523 ) ;
#3363 = VERTEX_POINT ( 'NONE', #386 ) ;
#3364 = FACE_OUTER_BOUND ( 'NONE', #820, .T. ) ;
#3365 = DIRECTION ( 'NONE',  ( 0.000000000000000000, 0.000000000000000000, 1.000000000000000000 ) ) ;
#3366 = VERTEX_POINT ( 'NONE', #2544 ) ;
#3367 = CARTESIAN_POINT ( 'NONE',  ( -0.6302828521505690063, 6.150000000000000355, 16.10000000000000142 ) ) ;
#3368 = ORIENTED_EDGE ( 'NONE', *, *, #1690, .T. ) ;
#3369 = SURFACE_SIDE_STYLE ('',( #675 ) ) ;
#3370 = AXIS2_PLACEMENT_3D ( 'NONE', #7061, #889, #3636 ) ;
#3371 =( BOUNDED_CURVE ( )  B_SPLINE_CURVE ( 3, ( #3640, #218, #8472, #937 ),
 .UNSPECIFIED., .F., .F. ) 
 B_SPLINE_CURVE_WITH_KNOTS ( ( 4, 4 ),
 ( 5.497787143782159269, 6.181387865993595021 ),
 .UNSPECIFIED. ) 
 CURVE ( )  GEOMETRIC_REPRESENTATION_ITEM ( )  RATIONAL_B_SPLINE_CURVE ( ( 1.000000000000000000, 0.9614351605251686417, 0.9614351605251686417, 1.000000000000000000 ) ) 
 REPRESENTATION_ITEM ( '' )  );
#3372 = EDGE_CURVE ( 'NONE', #4121, #3656, #5914, .T. ) ;
#3373 = CYLINDRICAL_SURFACE ( 'NONE', #8588, 0.1000000000000000749 ) ;
#3374 = CARTESIAN_POINT ( 'NONE',  ( 1.428847070355272919, 6.150000000000000355, 6.827568048027490732 ) ) ;
#3375 = ORIENTED_EDGE ( 'NONE', *, *, #8268, .T. ) ;
#3376 = ORIENTED_EDGE ( 'NONE', *, *, #7134, .F. ) ;
#3377 = DIRECTION ( 'NONE',  ( 1.000000000000000000, 0.000000000000000000, 0.000000000000000000 ) ) ;
#3378 = AXIS2_PLACEMENT_3D ( 'NONE', #8386, #2791, #2114 ) ;
#3379 = FACE_OUTER_BOUND ( 'NONE', #5044, .T. ) ;
#3380 = DIRECTION ( 'NONE',  ( 1.000000000000000000, 0.000000000000000000, 0.000000000000000000 ) ) ;
#3381 = ADVANCED_FACE ( 'NONE', ( #5958 ), #7862, .T. ) ;
#3382 = EDGE_CURVE ( 'NONE', #1784, #4121, #3131, .T. ) ;
#3383 = EDGE_CURVE ( 'NONE', #6729, #7710, #5153, .T. ) ;
#3384 = EDGE_CURVE ( 'NONE', #3053, #4954, #1087, .T. ) ;
#3385 = EDGE_CURVE ( 'NONE', #5573, #6198, #8046, .T. ) ;
#3386 = CIRCLE ( 'NONE', #2677, 0.2000000000000000666 ) ;
#3387 = DIRECTION ( 'NONE',  ( 0.000000000000000000, -1.000000000000000000, 0.000000000000000000 ) ) ;
#3388 = VERTEX_POINT ( 'NONE', #1015 ) ;
#3389 = DIRECTION ( 'NONE',  ( 6.570407392573360103E-17, -1.000000000000000000, 6.570407392573499386E-17 ) ) ;
#3390 = DIRECTION ( 'NONE',  ( 0.9948231133531091341, -0.1016217158801560050, 0.000000000000000000 ) ) ;
#3391 = CARTESIAN_POINT ( 'NONE',  ( 1.027678808890889917, 6.150000000000000355, 11.51962646478420105 ) ) ;
#3392 = VECTOR ( 'NONE', #8419, 1000.000000000000114 ) ;
#3393 = CYLINDRICAL_SURFACE ( 'NONE', #7799, 0.1000000000000001443 ) ;
#3394 = PLANE ( 'NONE',  #5670 ) ;
#3395 = CARTESIAN_POINT ( 'NONE',  ( 1.687592378962086803, 6.150000000000000355, 9.101474078669850698 ) ) ;
#3396 = ORIENTED_EDGE ( 'NONE', *, *, #7249, .F. ) ;
#3397 = ORIENTED_EDGE ( 'NONE', *, *, #6845, .T. ) ;
#3398 = CARTESIAN_POINT ( 'NONE',  ( -2.449999999999999734, 3.149999999999999911, 12.14999999999999858 ) ) ;
#3399 = VERTEX_POINT ( 'NONE', #8590 ) ;
#3400 = ORIENTED_EDGE ( 'NONE', *, *, #8621, .T. ) ;
#3401 = CARTESIAN_POINT ( 'NONE',  ( 1.940131718096664182, 3.053394713998916821, 12.05000000000000071 ) ) ;
#3402 = TOROIDAL_SURFACE ( 'NONE', #5856, 0.2000000000000000111, 0.1000000000000000056 ) ;
#3403 = CARTESIAN_POINT ( 'NONE',  ( -1.000000000000000000, 3.050000000000000266, 18.80000000000000071 ) ) ;
#3404 = CARTESIAN_POINT ( 'NONE',  ( -0.3203243431760319782, 3.149999999999999911, 6.949999999999999289 ) ) ;
#3405 = PRODUCT_DEFINITION ( 'UNKNOWN', '', #1024, #8370 ) ;
#3406 = VERTEX_POINT ( 'NONE', #7953 ) ;
#3407 = CYLINDRICAL_SURFACE ( 'NONE', #5980, 0.1000000000000001443 ) ;
#3408 = CYLINDRICAL_SURFACE ( 'NONE', #7311, 0.1000000000000001443 ) ;
#3409 = AXIS2_PLACEMENT_3D ( 'NONE', #2450, #2277, #964 ) ;
#3410 = AXIS2_PLACEMENT_3D ( 'NONE', #1861, #4610, #7354 ) ;
#3411 = ORIENTED_EDGE ( 'NONE', *, *, #4711, .T. ) ;
#3412 = FACE_OUTER_BOUND ( 'NONE', #8441, .T. ) ;
#3413 = ORIENTED_EDGE ( 'NONE', *, *, #2109, .F. ) ;
#3414 =( NAMED_UNIT ( * ) PLANE_ANGLE_UNIT ( ) SI_UNIT ( $, .RADIAN. ) );
#3415 = AXIS2_PLACEMENT_3D ( 'NONE', #3825, #7117, #3737 ) ;
#3416 = VECTOR ( 'NONE', #5896, 1000.000000000000000 ) ;
#3417 = EDGE_CURVE ( 'NONE', #792, #3936, #4733, .T. ) ;
#3418 = DIRECTION ( 'NONE',  ( -1.000000000000000000, 0.000000000000000000, 0.000000000000000000 ) ) ;
#3419 = CARTESIAN_POINT ( 'NONE',  ( 1.152476217557649951, 6.150000000000000355, 11.51152273694870054 ) ) ;
#3420 = ORIENTED_EDGE ( 'NONE', *, *, #4324, .F. ) ;
#3421 = ORIENTED_EDGE ( 'NONE', *, *, #7661, .T. ) ;
#3422 = DIRECTION ( 'NONE',  ( -1.000000000000000000, 0.000000000000000000, 0.000000000000000000 ) ) ;
#3423 = CIRCLE ( 'NONE', #6304, 0.1000000000000000333 ) ;
#3424 = AXIS2_PLACEMENT_3D ( 'NONE', #2201, #8514, #892 ) ;
#3425 = ORIENTED_EDGE ( 'NONE', *, *, #6105, .T. ) ;
#3426 = CARTESIAN_POINT ( 'NONE',  ( -0.4302828521505689952, 5.349999999999999645, 15.90000000000000036 ) ) ;
#3427 = CARTESIAN_POINT ( 'NONE',  ( -2.040305328863119882, 3.050000000000000266, 6.949999999999999289 ) ) ;
#3428 = SHAPE_REPRESENTATION ( 'Littelfuse Inc 0287002.PXCN 1^Littelfuse_Inc_-_0287040.PXCN(2)_Littelfuse_Inc_-_0287040.PXCN', ( #7203 ), #6482 ) ;
#3429 = CARTESIAN_POINT ( 'NONE',  ( 1.566576709951900126, 6.150000000000000355, 7.915898696335649909 ) ) ;
#3430 = FACE_OUTER_BOUND ( 'NONE', #5496, .T. ) ;
#3431 = VERTEX_POINT ( 'NONE', #428 ) ;
#3432 = CARTESIAN_POINT ( 'NONE',  ( -0.4302828521505729920, 5.349999999999999645, 3.200000000000000178 ) ) ;
#3433 = ORIENTED_EDGE ( 'NONE', *, *, #511, .F. ) ;
#3434 = EDGE_CURVE ( 'NONE', #7825, #2083, #3183, .T. ) ;
#3435 = EDGE_CURVE ( 'NONE', #1212, #8730, #6684, .T. ) ;
#3436 = DIRECTION ( 'NONE',  ( 0.000000000000000000, 0.000000000000000000, 1.000000000000000000 ) ) ;
#3437 = CYLINDRICAL_SURFACE ( 'NONE', #4302, 0.09999999999999965861 ) ;
#3438 = EDGE_CURVE ( 'NONE', #2830, #8283, #1038, .T. ) ;
#3439 = DIRECTION ( 'NONE',  ( 0.000000000000000000, 0.000000000000000000, -1.000000000000000000 ) ) ;
#3440 = CIRCLE ( 'NONE', #4158, 0.2000000000000005107 ) ;
#3441 = DIRECTION ( 'NONE',  ( 0.000000000000000000, -1.000000000000000000, 0.000000000000000000 ) ) ;
#3442 = DIRECTION ( 'NONE',  ( 0.7071067811865446862, -0.7071067811865503483, -5.082197683525802034E-16 ) ) ;
#3443 = CARTESIAN_POINT ( 'NONE',  ( 0.3250000000000000111, 7.900000000000000355, -4.700000000000000178 ) ) ;
#3444 = ORIENTED_EDGE ( 'NONE', *, *, #6404, .F. ) ;
#3445 = EDGE_LOOP ( 'NONE', ( #7726, #380, #6383, #2118, #4267, #6449, #4841, #1517, #7725, #4345 ) ) ;
#3446 = CARTESIAN_POINT ( 'NONE',  ( 1.257014306635649836, 6.150000000000000355, 10.73113374638960238 ) ) ;
#3447 = EDGE_LOOP ( 'NONE', ( #1607, #1055, #5278, #5066, #7230, #5516, #6923, #7678, #3681, #303, #4893, #6275 ) ) ;
#3448 = ORIENTED_EDGE ( 'NONE', *, *, #511, .T. ) ;
#3449 = CARTESIAN_POINT ( 'NONE',  ( 0.8963984179557320520, 6.149950000000000472, 11.37619048209569961 ) ) ;
#3450 = CARTESIAN_POINT ( 'NONE',  ( 1.784566988726939973, 6.149950000000000472, 12.05528287471100057 ) ) ;
#3451 = CARTESIAN_POINT ( 'NONE',  ( 1.762957047832276913, 6.150000000000000355, 8.082835489747029811 ) ) ;
#3452 = B_SPLINE_CURVE_WITH_KNOTS ( 'NONE', 3,
 ( #6954, #8366, #4513, #3746 ),
 .UNSPECIFIED., .F., .F.,
 ( 4, 4 ),
 ( 0.000000000000000000, 1.000000000000000000 ),
 .UNSPECIFIED. ) ;
#3453 = VERTEX_POINT ( 'NONE', #516 ) ;
#3454 = CARTESIAN_POINT ( 'NONE',  ( -0.2999999999999999889, 3.149999999999999911, 12.14999999999999858 ) ) ;
#3455 = CARTESIAN_POINT ( 'NONE',  ( 0.08006199179813985878, 0.1499999999999999944, 0.6707106781186548128 ) ) ;
#3456 = VECTOR ( 'NONE', #8, 1000.000000000000000 ) ;
#3457 = VERTEX_POINT ( 'NONE', #4616 ) ;
#3458 = CARTESIAN_POINT ( 'NONE',  ( 2.442386859369360064, 3.149999999999999911, 12.14999999999999858 ) ) ;
#3459 = EDGE_LOOP ( 'NONE', ( #5022, #8515, #7186, #7092 ) ) ;
#3460 = DIRECTION ( 'NONE',  ( 1.000000000000000000, 0.000000000000000000, 0.000000000000000000 ) ) ;
#3461 = CARTESIAN_POINT ( 'NONE',  ( -2.442386859369360064, 3.050000000000000266, 12.14999999999999858 ) ) ;
#3462 =( GEOMETRIC_REPRESENTATION_CONTEXT ( 3 ) GLOBAL_UNCERTAINTY_ASSIGNED_CONTEXT ( ( #6373 ) ) GLOBAL_UNIT_ASSIGNED_CONTEXT ( ( #6246, #3414, #1315 ) ) REPRESENTATION_CONTEXT ( 'NONE', 'WORKASPACE' ) );
#3463 = VECTOR ( 'NONE', #8813, 1000.000000000000000 ) ;
#3464 = FACE_OUTER_BOUND ( 'NONE', #3354, .T. ) ;
#3465 = CARTESIAN_POINT ( 'NONE',  ( 1.513471307126395660, 6.150000000000000355, 7.598053994655066035 ) ) ;
#3466 = ORIENTED_EDGE ( 'NONE', *, *, #4758, .T. ) ;
#3467 = ORIENTED_EDGE ( 'NONE', *, *, #3062, .F. ) ;
#3468 = DIRECTION ( 'NONE',  ( 0.5773502691896207351, -0.5773502691896217343, 0.5773502691896348349 ) ) ;
#3469 = VERTEX_POINT ( 'NONE', #7363 ) ;
#3470 = CYLINDRICAL_SURFACE ( 'NONE', #5765, 0.1000000000000000611 ) ;
#3471 = EDGE_CURVE ( 'NONE', #3088, #2352, #7214, .T. ) ;
#3472 = AXIS2_PLACEMENT_3D ( 'NONE', #1002, #1184, #3881 ) ;
#3473 = VECTOR ( 'NONE', #3439, 1000.000000000000000 ) ;
#3474 = DIRECTION ( 'NONE',  ( -1.000000000000000000, 0.000000000000000000, 0.000000000000000000 ) ) ;
#3475 = DIRECTION ( 'NONE',  ( 0.000000000000000000, -1.000000000000000000, 0.000000000000000000 ) ) ;
#3476 = FACE_OUTER_BOUND ( 'NONE', #3593, .T. ) ;
#3477 = VERTEX_POINT ( 'NONE', #5107 ) ;
#3478 = DIRECTION ( 'NONE',  ( 0.000000000000000000, 0.000000000000000000, -1.000000000000000000 ) ) ;
#3479 = VECTOR ( 'NONE', #962, 1000.000000000000000 ) ;
#3480 = ORIENTED_EDGE ( 'NONE', *, *, #7005, .T. ) ;
#3481 = DIRECTION ( 'NONE',  ( -0.7071067811865470176, 0.7071067811865480168, 0.000000000000000000 ) ) ;
#3482 = DIRECTION ( 'NONE',  ( -0.7071067811865466846, 0.000000000000000000, 0.7071067811865483499 ) ) ;
#3483 = DIRECTION ( 'NONE',  ( 0.000000000000000000, 0.000000000000000000, -1.000000000000000000 ) ) ;
#3484 = CARTESIAN_POINT ( 'NONE',  ( -1.000000000000000000, 1.500000000000000000, 18.50000000000000000 ) ) ;
#3485 = AXIS2_PLACEMENT_3D ( 'NONE', #5157, #2496, #5830 ) ;
#3486 = CYLINDRICAL_SURFACE ( 'NONE', #6578, 0.09999999999999997780 ) ;
#3487 = EDGE_CURVE ( 'NONE', #7277, #3512, #7660, .T. ) ;
#3488 = EDGE_LOOP ( 'NONE', ( #8805, #2029, #8389, #5917 ) ) ;
#3489 = ORIENTED_EDGE ( 'NONE', *, *, #7909, .T. ) ;
#3490 = LINE ( 'NONE', #1475, #5007 ) ;
#3491 = ORIENTED_EDGE ( 'NONE', *, *, #4873, .F. ) ;
#3492 = ORIENTED_EDGE ( 'NONE', *, *, #4811, .T. ) ;
#3493 = CARTESIAN_POINT ( 'NONE',  ( 0.9742378497078786337, 6.149999999999999467, 9.048799847739072533 ) ) ;
#3494 = CARTESIAN_POINT ( 'NONE',  ( -1.998671453395229891, 2.642426271735430099, 11.29999999999999893 ) ) ;
#3495 = EDGE_CURVE ( 'NONE', #2651, #7645, #1485, .T. ) ;
#3496 = CARTESIAN_POINT ( 'NONE',  ( 1.240806850964649932, 6.150000000000000355, 7.802446506638589518 ) ) ;
#3497 = ADVANCED_FACE ( 'NONE', ( #8093 ), #6217, .F. ) ;
#3498 = EDGE_CURVE ( 'NONE', #329, #4630, #8812, .T. ) ;
#3499 = ORIENTED_EDGE ( 'NONE', *, *, #6404, .T. ) ;
#3500 = CYLINDRICAL_SURFACE ( 'NONE', #666, 0.1000000000000001443 ) ;
#3501 = CARTESIAN_POINT ( 'NONE',  ( 1.793736649614593448, 6.150000000000000355, 6.991542379122194006 ) ) ;
#3502 = EDGE_LOOP ( 'NONE', ( #7864, #1989, #7736, #4213 ) ) ;
#3503 = CARTESIAN_POINT ( 'NONE',  ( 2.462159884122632647, 3.129656503977708226, 7.011254804505131055 ) ) ;
#3504 = ORIENTED_EDGE ( 'NONE', *, *, #4710, .T. ) ;
#3505 = EDGE_CURVE ( 'NONE', #8599, #7124, #4698, .T. ) ;
#3506 = VECTOR ( 'NONE', #8067, 1000.000000000000000 ) ;
#3507 = ADVANCED_FACE ( 'NONE', ( #1913 ), #4829, .T. ) ;
#3508 = CARTESIAN_POINT ( 'NONE',  ( 2.449999999999999734, 3.149999999999999911, 0.000000000000000000 ) ) ;
#3509 = DIRECTION ( 'NONE',  ( -0.8347092563978354418, -0.5506908908668933789, 0.000000000000000000 ) ) ;
#3510 = CARTESIAN_POINT ( 'NONE',  ( -0.3203243431760319782, 3.120710678118654879, 7.020710678118654791 ) ) ;
#3511 = VERTEX_POINT ( 'NONE', #3978 ) ;
#3512 = VERTEX_POINT ( 'NONE', #559 ) ;
#3513 = CARTESIAN_POINT ( 'NONE',  ( 1.027678808890889917, 6.150000000000000355, 11.51962646478420105 ) ) ;
#3514 = VERTEX_POINT ( 'NONE', #1998 ) ;
#3515 = CARTESIAN_POINT ( 'NONE',  ( -1.000000000000000000, 1.093970011072350035, 18.50000000000000000 ) ) ;
#3516 = DIRECTION ( 'NONE',  ( 0.000000000000000000, 0.7071067811865474617, 0.7071067811865474617 ) ) ;
#3517 = CYLINDRICAL_SURFACE ( 'NONE', #7938, 0.1000000000000010464 ) ;
#3518 = DIRECTION ( 'NONE',  ( -1.000000000000000000, 0.000000000000000000, 0.000000000000000000 ) ) ;
#3519 = VECTOR ( 'NONE', #3518, 1000.000000000000000 ) ;
#3520 = EDGE_CURVE ( 'NONE', #4363, #3366, #8259, .T. ) ;
#3521 = VERTEX_POINT ( 'NONE', #646 ) ;
#3522 = CARTESIAN_POINT ( 'NONE',  ( 1.917468125229200071, 6.150000000000002132, 11.02514968995586919 ) ) ;
#3523 = VERTEX_POINT ( 'NONE', #1368 ) ;
#3524 = CARTESIAN_POINT ( 'NONE',  ( 0.3151414260752840035, 5.150000000000000355, 15.90000000000000036 ) ) ;
#3525 = CARTESIAN_POINT ( 'NONE',  ( 0.4302828521505689952, 5.349999999999999645, 15.90000000000000036 ) ) ;
#3526 = LINE ( 'NONE', #197, #5489 ) ;
#3527 = CARTESIAN_POINT ( 'NONE',  ( 1.540644780878290154, 6.149899879328749819, 7.347017002283290132 ) ) ;
#3528 = AXIS2_PLACEMENT_3D ( 'NONE', #5544, #58, #2715 ) ;
#3529 = CARTESIAN_POINT ( 'NONE',  ( -0.8000000000160071290, -6.150000000000000355, 18.10000000003200071 ) ) ;
#3530 = DIRECTION ( 'NONE',  ( -1.000000000000000000, 0.000000000000000000, 0.000000000000000000 ) ) ;
#3531 = ORIENTED_EDGE ( 'NONE', *, *, #4050, .F. ) ;
#3532 = ADVANCED_FACE ( 'NONE', ( #8858 ), #2671, .F. ) ;
#3533 = ORIENTED_EDGE ( 'NONE', *, *, #5520, .T. ) ;
#3534 = CARTESIAN_POINT ( 'NONE',  ( -2.449999999999999734, 3.179289321881344943, 0.02928932188134531975 ) ) ;
#3535 = EDGE_LOOP ( 'NONE', ( #5159, #7557, #1651, #1380 ) ) ;
#3536 = EDGE_LOOP ( 'NONE', ( #3301, #8776, #3717 ) ) ;
#3537 = VERTEX_POINT ( 'NONE', #5415 ) ;
#3538 = CARTESIAN_POINT ( 'NONE',  ( 2.462827216544465347, 3.130657641020500925, 7.010055739140341302 ) ) ;
#3539 = EDGE_CURVE ( 'NONE', #1784, #7040, #3308, .T. ) ;
#3540 = CARTESIAN_POINT ( 'NONE',  ( -2.040305328863119882, 3.050000000000000266, 6.949999999999999289 ) ) ;
#3541 = DIRECTION ( 'NONE',  ( 0.000000000000000000, 0.000000000000000000, -1.000000000000000000 ) ) ;
#3542 = ORIENTED_EDGE ( 'NONE', *, *, #4445, .F. ) ;
#3543 = CARTESIAN_POINT ( 'NONE',  ( 2.449999999999999734, 3.250000000000000000, 0.000000000000000000 ) ) ;
#3544 = CARTESIAN_POINT ( 'NONE',  ( 0.3250000000000000111, -6.958578643762689531, -0.05857864376269050072 ) ) ;
#3545 = ADVANCED_FACE ( 'NONE', ( #7446 ), #2633, .F. ) ;
#3546 = ORIENTED_EDGE ( 'NONE', *, *, #6746, .T. ) ;
#3547 = ADVANCED_FACE ( 'NONE', ( #3344 ), #8216, .T. ) ;
#3548 = LINE ( 'NONE', #7648, #1135 ) ;
#3549 = ORIENTED_EDGE ( 'NONE', *, *, #1292, .F. ) ;
#3550 = EDGE_CURVE ( 'NONE', #8643, #2387, #6535, .T. ) ;
#3551 = EDGE_CURVE ( 'NONE', #2394, #1441, #7532, .T. ) ;
#3552 = CARTESIAN_POINT ( 'NONE',  ( 1.969594650744465492, 3.120710678118654879, 7.020710678118654791 ) ) ;
#3553 = CIRCLE ( 'NONE', #8756, 0.09999999999999936717 ) ;
#3554 = FACE_OUTER_BOUND ( 'NONE', #7724, .T. ) ;
#3555 = DIRECTION ( 'NONE',  ( -1.000000000000000000, 0.000000000000000000, 0.000000000000000000 ) ) ;
#3556 = ORIENTED_EDGE ( 'NONE', *, *, #4916, .F. ) ;
#3557 = VERTEX_POINT ( 'NONE', #6851 ) ;
#3558 = DIRECTION ( 'NONE',  ( -0.1016217158801540205, 0.9948231133531092452, 2.873135757086585961E-15 ) ) ;
#3559 = ORIENTED_EDGE ( 'NONE', *, *, #7488, .T. ) ;
#3560 = CARTESIAN_POINT ( 'NONE',  ( 1.902881415125299958, 6.150000000000000355, 11.51152273694870054 ) ) ;
#3561 = VECTOR ( 'NONE', #2994, 1000.000000000000114 ) ;
#3562 = VECTOR ( 'NONE', #649, 1000.000000000000000 ) ;
#3563 = CARTESIAN_POINT ( 'NONE',  ( 1.152476217557656168, 6.150000000000000355, 10.52718992919613328 ) ) ;
#3564 = CARTESIAN_POINT ( 'NONE',  ( 2.449999999999999734, 1.004596597366330002, 19.00000000000000000 ) ) ;
#3565 = CARTESIAN_POINT ( 'NONE',  ( 1.597370875726820127, 6.150000000000000355, 7.780566441482740458 ) ) ;
#3566 = AXIS2_PLACEMENT_3D ( 'NONE', #5894, #4362, #1672 ) ;
#3567 = AXIS2_PLACEMENT_3D ( 'NONE', #7481, #3422, #2665 ) ;
#3568 = ORIENTED_EDGE ( 'NONE', *, *, #1277, .F. ) ;
#3569 = CARTESIAN_POINT ( 'NONE',  ( 1.672735544596990032, 6.149899999999999700, 11.19142548744630083 ) ) ;
#3570 = ORIENTED_EDGE ( 'NONE', *, *, #7513, .F. ) ;
#3571 = CARTESIAN_POINT ( 'NONE',  ( 1.760255805220430014, 6.150000000000000355, 10.58688739091770081 ) ) ;
#3572 = LINE ( 'NONE', #4964, #6158 ) ;
#3573 = VECTOR ( 'NONE', #5799, 1000.000000000000000 ) ;
#3574 = DIRECTION ( 'NONE',  ( 1.000000000000000000, 0.000000000000000000, 0.000000000000000000 ) ) ;
#3575 = LINE ( 'NONE', #4160, #1406 ) ;
#3576 = CARTESIAN_POINT ( 'NONE',  ( -1.100000000000000089, 3.050000000000000266, 9.250000000000000000 ) ) ;
#3577 = ORIENTED_EDGE ( 'NONE', *, *, #5909, .F. ) ;
#3578 = ORIENTED_EDGE ( 'NONE', *, *, #3505, .T. ) ;
#3579 = ORIENTED_EDGE ( 'NONE', *, *, #4036, .T. ) ;
#3580 = EDGE_LOOP ( 'NONE', ( #3122, #802, #4526, #4515, #8500 ) ) ;
#3581 = VERTEX_POINT ( 'NONE', #689 ) ;
#3582 = CIRCLE ( 'NONE', #7469, 0.09999999999999939493 ) ;
#3583 = FACE_OUTER_BOUND ( 'NONE', #2643, .T. ) ;
#3584 = ADVANCED_FACE ( 'NONE', ( #3430 ), #7575, .F. ) ;
#3585 = DIRECTION ( 'NONE',  ( 0.000000000000000000, 0.000000000000000000, -1.000000000000000000 ) ) ;
#3586 = CARTESIAN_POINT ( 'NONE',  ( 2.442386859369360064, 3.050000000000000266, 6.949999999999999289 ) ) ;
#3587 = VERTEX_POINT ( 'NONE', #5333 ) ;
#3588 = CARTESIAN_POINT ( 'NONE',  ( 1.155852770822452191, 6.149999999999998579, 7.952425770338583888 ) ) ;
#3589 = CARTESIAN_POINT ( 'NONE',  ( 0.1093513136794850016, 0.4189700110723549864, 0.5999999999999999778 ) ) ;
#3590 = ADVANCED_FACE ( 'NONE', ( #187 ), #865, .F. ) ;
#3591 = VERTEX_POINT ( 'NONE', #59 ) ;
#3592 = CARTESIAN_POINT ( 'NONE',  ( 0.001999999999997560153, -7.900000000000000355, 5.200000000000000178 ) ) ;
#3593 = EDGE_LOOP ( 'NONE', ( #4879, #6106, #3570, #7586 ) ) ;
#3594 = ADVANCED_FACE ( 'NONE', ( #7801 ), #3517, .T. ) ;
#3595 = CARTESIAN_POINT ( 'NONE',  ( -2.406762870324489878, 2.701259896718680054, 12.05000000000000071 ) ) ;
#3596 = ORIENTED_EDGE ( 'NONE', *, *, #6815, .F. ) ;
#3597 = LINE ( 'NONE', #3508, #2746 ) ;
#3598 = B_SPLINE_CURVE_WITH_KNOTS ( 'NONE', 3,
 ( #738, #16, #8261, #2084 ),
 .UNSPECIFIED., .F., .F.,
 ( 4, 4 ),
 ( 0.000000000000000000, 1.000000000000000000 ),
 .UNSPECIFIED. ) ;
#3599 =( REPRESENTATION_RELATIONSHIP ('NONE','NONE', #8277, #7695 ) REPRESENTATION_RELATIONSHIP_WITH_TRANSFORMATION ( #4946 )SHAPE_REPRESENTATION_RELATIONSHIP( ) );
#3600 = FACE_OUTER_BOUND ( 'NONE', #2967, .T. ) ;
#3601 = VECTOR ( 'NONE', #3740, 1000.000000000000000 ) ;
#3602 = CARTESIAN_POINT ( 'NONE',  ( -0.5717042083878828285, 5.349999999999999645, 3.058578643762690952 ) ) ;
#3603 = ORIENTED_EDGE ( 'NONE', *, *, #4750, .F. ) ;
#3604 = FACE_OUTER_BOUND ( 'NONE', #7571, .T. ) ;
#3605 = EDGE_LOOP ( 'NONE', ( #147, #173, #7527, #979 ) ) ;
#3606 = DIRECTION ( 'NONE',  ( 0.7071067811865590080, -2.498001805406601723E-16, -0.7071067811865360264 ) ) ;
#3607 = CIRCLE ( 'NONE', #4759, 0.1000000000000001443 ) ;
#3608 = CARTESIAN_POINT ( 'NONE',  ( 0.3151414260752840035, 5.349999999999999645, 15.90000000000000036 ) ) ;
#3609 = CARTESIAN_POINT ( 'NONE',  ( -0.4302828521505689952, 5.349999999999999645, 15.10000000000000142 ) ) ;
#3610 = CARTESIAN_POINT ( 'NONE',  ( -2.449999999999999734, 6.049999999999999822, 19.00000000000000000 ) ) ;
#3611 = ORIENTED_EDGE ( 'NONE', *, *, #5091, .F. ) ;
#3612 = VECTOR ( 'NONE', #2101, 1000.000000000000000 ) ;
#3613 = DIRECTION ( 'NONE',  ( -0.01302800923769912092, -0.9999151318863528370, 0.000000000000000000 ) ) ;
#3614 = ORIENTED_EDGE ( 'NONE', *, *, #941, .F. ) ;
#3615 = CARTESIAN_POINT ( 'NONE',  ( 2.520710678118654791, 3.179289321881344943, 0.1000000000000000056 ) ) ;
#3616 = CARTESIAN_POINT ( 'NONE',  ( 1.257014306635649836, 6.150000000000000355, 11.06500733321239949 ) ) ;
#3617 = VECTOR ( 'NONE', #4907, 1000.000000000000000 ) ;
#3618 = CIRCLE ( 'NONE', #27, 0.1999999999999996503 ) ;
#3619 = LINE ( 'NONE', #5058, #3479 ) ;
#3620 = CARTESIAN_POINT ( 'NONE',  ( -1.973283754570961834, 3.124216632767869317, 0.000000000000000000 ) ) ;
#3621 = EDGE_CURVE ( 'NONE', #1880, #3804, #7708, .T. ) ;
#3622 = DIRECTION ( 'NONE',  ( 0.000000000000000000, 0.000000000000000000, -1.000000000000000000 ) ) ;
#3623 = LINE ( 'NONE', #203, #8167 ) ;
#3624 = AXIS2_PLACEMENT_3D ( 'NONE', #4613, #8090, #3975 ) ;
#3625 = ORIENTED_EDGE ( 'NONE', *, *, #667, .F. ) ;
#3626 = EDGE_LOOP ( 'NONE', ( #5323, #7406, #4524, #4111 ) ) ;
#3627 = VERTEX_POINT ( 'NONE', #2850 ) ;
#3628 = ADVANCED_FACE ( 'NONE', ( #8302 ), #2214, .T. ) ;
#3629 = ORIENTED_EDGE ( 'NONE', *, *, #4148, .F. ) ;
#3630 = EDGE_LOOP ( 'NONE', ( #6966, #4388, #7308, #562 ) ) ;
#3631 = LINE ( 'NONE', #8503, #4490 ) ;
#3632 = EDGE_CURVE ( 'NONE', #8351, #7685, #3652, .T. ) ;
#3633 = LINE ( 'NONE', #2056, #5807 ) ;
#3634 = CARTESIAN_POINT ( 'NONE',  ( 2.449999999999999734, 3.250000000000000000, 19.00000000000000000 ) ) ;
#3635 = EDGE_LOOP ( 'NONE', ( #3669, #5832, #3090, #1934 ) ) ;
#3636 = DIRECTION ( 'NONE',  ( 0.5773502691896243988, -0.5773502691896243988, 0.5773502691896287287 ) ) ;
#3637 = DIRECTION ( 'NONE',  ( 0.000000000000000000, 0.000000000000000000, -1.000000000000000000 ) ) ;
#3638 = EDGE_CURVE ( 'NONE', #4940, #4607, #7093, .T. ) ;
#3639 = VERTEX_POINT ( 'NONE', #2981 ) ;
#3640 = CARTESIAN_POINT ( 'NONE',  ( 1.969594650744463049, 3.120710678118653991, 18.52928932188134326 ) ) ;
#3641 = VERTEX_POINT ( 'NONE', #2127 ) ;
#3642 = CARTESIAN_POINT ( 'NONE',  ( 1.159229324087243551, 6.150000000000000355, 9.818236064009719044 ) ) ;
#3643 = CARTESIAN_POINT ( 'NONE',  ( -1.991875210492789261, 3.141005708178517875, 0.5484301183703306215 ) ) ;
#3644 = LINE ( 'NONE', #5041, #6707 ) ;
#3645 = CARTESIAN_POINT ( 'NONE',  ( 1.814550781718319961, 6.150000000000000355, 7.829188808495758600 ) ) ;
#3646 = ORIENTED_EDGE ( 'NONE', *, *, #2228, .F. ) ;
#3647 = CARTESIAN_POINT ( 'NONE',  ( 0.6000000000174630088, -6.150000000000000355, 1.000000000000000000 ) ) ;
#3648 = AXIS2_PLACEMENT_3D ( 'NONE', #8323, #6375, #8373 ) ;
#3649 = EDGE_CURVE ( 'NONE', #8454, #1968, #5729, .T. ) ;
#3650 = VECTOR ( 'NONE', #5466, 1000.000000000000000 ) ;
#3651 = DIRECTION ( 'NONE',  ( 0.000000000000000000, 0.000000000000000000, -1.000000000000000000 ) ) ;
#3652 = LINE ( 'NONE', #8349, #2347 ) ;
#3653 = DIRECTION ( 'NONE',  ( -1.000000000000000000, 0.000000000000000000, 0.000000000000000000 ) ) ;
#3654 = ORIENTED_EDGE ( 'NONE', *, *, #1306, .F. ) ;
#3655 = CARTESIAN_POINT ( 'NONE',  ( -0.3250000000000000111, -6.893693973998397340, -0.01522409349774287574 ) ) ;
#3656 = VERTEX_POINT ( 'NONE', #3695 ) ;
#3657 = EDGE_CURVE ( 'NONE', #3815, #6163, #8631, .T. ) ;
#3658 = CARTESIAN_POINT ( 'NONE',  ( 0.009351313679485179914, -6.150000000000000355, 18.50000000000000000 ) ) ;
#3659 = DIRECTION ( 'NONE',  ( -0.7071067811865344721, 0.000000000000000000, 0.7071067811865605623 ) ) ;
#3660 = ADVANCED_FACE ( 'NONE', ( #4958 ), #2938, .F. ) ;
#3661 = EDGE_CURVE ( 'NONE', #4083, #547, #5069, .T. ) ;
#3662 = CARTESIAN_POINT ( 'NONE',  ( -1.100000000000000089, 3.050000000000000266, 0.2999999999999999889 ) ) ;
#3663 = EDGE_CURVE ( 'NONE', #4975, #6866, #4282, .T. ) ;
#3664 = ADVANCED_FACE ( 'NONE', ( #1501 ), #8485, .T. ) ;
#3665 = CARTESIAN_POINT ( 'NONE',  ( -0.3250000000000000111, -6.817157287525379417, 0.000000000000000000 ) ) ;
#3666 = VECTOR ( 'NONE', #7987, 1000.000000000000000 ) ;
#3667 = DIRECTION ( 'NONE',  ( 0.000000000000000000, -1.000000000000000000, 0.000000000000000000 ) ) ;
#3668 = CARTESIAN_POINT ( 'NONE',  ( 0.9028814002241329906, 6.150000000000000355, 12.05528287471100057 ) ) ;
#3669 = ORIENTED_EDGE ( 'NONE', *, *, #8239, .F. ) ;
#3670 = VERTEX_POINT ( 'NONE', #1636 ) ;
#3671 = VERTEX_POINT ( 'NONE', #4371 ) ;
#3672 = VERTEX_POINT ( 'NONE', #7122 ) ;
#3673 = ORIENTED_EDGE ( 'NONE', *, *, #3909, .T. ) ;
#3674 = CIRCLE ( 'NONE', #8727, 0.09999999999999983902 ) ;
#3675 = CARTESIAN_POINT ( 'NONE',  ( 1.718926793259379915, 6.149950000000000472, 6.848637740399809992 ) ) ;
#3676 = DIRECTION ( 'NONE',  ( 0.1016217158801571985, -0.9948231133531090231, -2.927345865710880214E-16 ) ) ;
#3677 = ORIENTED_EDGE ( 'NONE', *, *, #5770, .T. ) ;
#3678 = LINE ( 'NONE', #3054, #4551 ) ;
#3679 = ORIENTED_EDGE ( 'NONE', *, *, #4873, .T. ) ;
#3680 = CARTESIAN_POINT ( 'NONE',  ( 1.152476217557649951, 6.150000000000000355, 10.60471559215579873 ) ) ;
#3681 = ORIENTED_EDGE ( 'NONE', *, *, #3923, .F. ) ;
#3682 = FACE_OUTER_BOUND ( 'NONE', #4089, .T. ) ;
#3683 = CARTESIAN_POINT ( 'NONE',  ( -2.520710678118653902, 2.504596597366330002, 19.07071067811865461 ) ) ;
#3684 = ORIENTED_EDGE ( 'NONE', *, *, #8629, .F. ) ;
#3685 = DIRECTION ( 'NONE',  ( 0.000000000000000000, -0.7071067811865474617, -0.7071067811865474617 ) ) ;
#3686 = PLANE ( 'NONE',  #6835 ) ;
#3687 = CARTESIAN_POINT ( 'NONE',  ( -1.000000000000000000, -6.150000000000000355, 0.000000000000000000 ) ) ;
#3688 = VERTEX_POINT ( 'NONE', #2800 ) ;
#3689 = DIRECTION ( 'NONE',  ( 1.000000000000000000, 0.000000000000000000, 0.000000000000000000 ) ) ;
#3690 = B_SPLINE_CURVE_WITH_KNOTS ( 'NONE', 3,
 ( #462, #7307, #1143, #3216, #4554, #5945 ),
 .UNSPECIFIED., .F., .F.,
 ( 4, 2, 4 ),
 ( 0.000000000000000000, 0.5000000000000000000, 1.000000000000000000 ),
 .UNSPECIFIED. ) ;
#3691 = CARTESIAN_POINT ( 'NONE',  ( 1.782946243159839961, 6.149899999999999700, 10.83243034433339957 ) ) ;
#3692 = ADVANCED_FACE ( 'NONE', ( #101 ), #4238, .T. ) ;
#3693 = AXIS2_PLACEMENT_3D ( 'NONE', #4963, #917, #3126 ) ;
#3694 = DIRECTION ( 'NONE',  ( 0.000000000000000000, 0.000000000000000000, 1.000000000000000000 ) ) ;
#3695 = CARTESIAN_POINT ( 'NONE',  ( 2.442386859369360064, 3.050000000000000266, 12.05000000000000071 ) ) ;
#3696 = CARTESIAN_POINT ( 'NONE',  ( 0.6302828521505740023, 6.150000000000000355, 1.500000000000000000 ) ) ;
#3697 = ORIENTED_EDGE ( 'NONE', *, *, #2178, .F. ) ;
#3698 = LINE ( 'NONE', #1428, #6598 ) ;
#3699 = FACE_OUTER_BOUND ( 'NONE', #6826, .T. ) ;
#3700 = AXIS2_PLACEMENT_3D ( 'NONE', #3039, #7090, #5198 ) ;
#3701 = ORIENTED_EDGE ( 'NONE', *, *, #2995, .F. ) ;
#3702 = DIRECTION ( 'NONE',  ( 9.251858538542969855E-16, -1.000000000000000000, 0.000000000000000000 ) ) ;
#3703 = CARTESIAN_POINT ( 'NONE',  ( -0.5717042083878819403, 5.208578643762690419, 3.199999999999999734 ) ) ;
#3704 = EDGE_CURVE ( 'NONE', #7473, #8351, #6816, .T. ) ;
#3705 = CARTESIAN_POINT ( 'NONE',  ( 0.8558797787782217448, 6.150000000000000355, 8.892127776252669591 ) ) ;
#3706 = DIRECTION ( 'NONE',  ( -0.5773502691896225114, -0.5773502691896230665, 0.5773502691896317263 ) ) ;
#3707 = CIRCLE ( 'NONE', #3415, 0.1999999999999996503 ) ;
#3708 = AXIS2_PLACEMENT_3D ( 'NONE', #7657, #3558, #7076 ) ;
#3709 = DIRECTION ( 'NONE',  ( 2.081668171172169746E-16, 0.000000000000000000, 1.000000000000000000 ) ) ;
#3710 = DIRECTION ( 'NONE',  ( 0.000000000000000000, 1.000000000000000000, 0.000000000000000000 ) ) ;
#3711 = ORIENTED_EDGE ( 'NONE', *, *, #6072, .T. ) ;
#3712 = EDGE_CURVE ( 'NONE', #880, #5537, #3984, .T. ) ;
#3713 = ORIENTED_EDGE ( 'NONE', *, *, #5499, .F. ) ;
#3714 = ADVANCED_FACE ( 'NONE', ( #461 ), #7260, .T. ) ;
#3715 = EDGE_CURVE ( 'NONE', #8274, #6198, #8226, .T. ) ;
#3716 = ORIENTED_EDGE ( 'NONE', *, *, #1908, .F. ) ;
#3717 = ORIENTED_EDGE ( 'NONE', *, *, #5809, .T. ) ;
#3718 = ORIENTED_EDGE ( 'NONE', *, *, #434, .T. ) ;
#3719 = CIRCLE ( 'NONE', #127, 0.1000000000000000056 ) ;
#3720 = CARTESIAN_POINT ( 'NONE',  ( -2.449999999999999734, 6.150000000000000355, 0.1000000000000000056 ) ) ;
#3721 = DIRECTION ( 'NONE',  ( 0.000000000000000000, 0.000000000000000000, 1.000000000000000000 ) ) ;
#3722 =( BOUNDED_CURVE ( )  B_SPLINE_CURVE ( 3, ( #2973, #1588, #2300, #943 ),
 .UNSPECIFIED., .F., .T. ) 
 B_SPLINE_CURVE_WITH_KNOTS ( ( 4, 4 ),
 ( 4.712388980384689674, 5.446888423189125028 ),
 .UNSPECIFIED. ) 
 CURVE ( )  GEOMETRIC_REPRESENTATION_ITEM ( )  RATIONAL_B_SPLINE_CURVE ( ( 1.000000000000000000, 0.9555455743070112584, 0.9555455743070112584, 1.000000000000000000 ) ) 
 REPRESENTATION_ITEM ( '' )  );
#3723 = DIRECTION ( 'NONE',  ( -0.7071067811865477948, 4.641740550953563492E-15, 0.7071067811865472397 ) ) ;
#3724 = ORIENTED_EDGE ( 'NONE', *, *, #525, .T. ) ;
#3725 = CARTESIAN_POINT ( 'NONE',  ( 2.550000000000000266, 6.149899999999999700, 0.000000000000000000 ) ) ;
#3726 = CARTESIAN_POINT ( 'NONE',  ( 1.395588052622763531, 6.150000000000000355, 11.19142548744630083 ) ) ;
#3727 = ORIENTED_EDGE ( 'NONE', *, *, #1292, .T. ) ;
#3728 = B_SPLINE_CURVE_WITH_KNOTS ( 'NONE', 3,
 ( #49, #5535, #2204, #5581 ),
 .UNSPECIFIED., .F., .F.,
 ( 4, 4 ),
 ( 0.000000000000000000, 1.000000000000000000 ),
 .UNSPECIFIED. ) ;
#3729 = CARTESIAN_POINT ( 'NONE',  ( 0.3881423803554349683, 0.1499999999999999944, 0.5999999999999999778 ) ) ;
#3730 = ORIENTED_EDGE ( 'NONE', *, *, #7519, .T. ) ;
#3731 = CARTESIAN_POINT ( 'NONE',  ( 2.406762870324489878, 2.701259896718680054, 12.05000000000000071 ) ) ;
#3732 = DIRECTION ( 'NONE',  ( 1.000000000000000000, 0.000000000000000000, 0.000000000000000000 ) ) ;
#3733 = ORIENTED_EDGE ( 'NONE', *, *, #7920, .T. ) ;
#3734 = FACE_OUTER_BOUND ( 'NONE', #7370, .T. ) ;
#3735 = VECTOR ( 'NONE', #3931, 1000.000000000000000 ) ;
#3736 = DIRECTION ( 'NONE',  ( -1.000000000000000000, 0.000000000000000000, 0.000000000000000000 ) ) ;
#3737 = DIRECTION ( 'NONE',  ( 0.000000000000000000, -1.000000000000000000, 0.000000000000000000 ) ) ;
#3738 = ORIENTED_EDGE ( 'NONE', *, *, #1801, .F. ) ;
#3739 = LINE ( 'NONE', #2162, #3856 ) ;
#3740 = DIRECTION ( 'NONE',  ( -1.000000000000000000, 0.000000000000000000, 0.000000000000000000 ) ) ;
#3741 = AXIS2_PLACEMENT_3D ( 'NONE', #6891, #4236, #2844 ) ;
#3742 = FACE_OUTER_BOUND ( 'NONE', #3459, .T. ) ;
#3743 = CARTESIAN_POINT ( 'NONE',  ( 1.782946243159849953, 6.150000000000000355, 10.37213860327680059 ) ) ;
#3744 = PLANE ( 'NONE',  #364 ) ;
#3745 = ORIENTED_EDGE ( 'NONE', *, *, #7549, .T. ) ;
#3746 = CARTESIAN_POINT ( 'NONE',  ( 1.152476217557649951, 6.149899999999999700, 11.27651462971900109 ) ) ;
#3747 = CARTESIAN_POINT ( 'NONE',  ( 1.808935694749695955, 6.150000000000003020, 11.16753127989535876 ) ) ;
#3749 = ORIENTED_EDGE ( 'NONE', *, *, #36, .F. ) ;
#3748 = EDGE_CURVE ( 'NONE', #1186, #4208, #7940, .T. ) ;
#3750 = VECTOR ( 'NONE', #7317, 1000.000000000000000 ) ;
#3751 = CARTESIAN_POINT ( 'NONE',  ( -1.010285042102433417, 3.101706398339742599, 18.51028504210243142 ) ) ;
#3752 = CARTESIAN_POINT ( 'NONE',  ( 1.807905724893220212, 6.150000000000000355, 8.786239065868750586 ) ) ;
#3753 = DIRECTION ( 'NONE',  ( 9.825582188149885511E-15, -0.6721300772424587677, -0.7404330889864703114 ) ) ;
#3754 = CARTESIAN_POINT ( 'NONE',  ( -1.899189142059919844, 2.652588443323439904, 6.949999999999999289 ) ) ;
#3755 = CARTESIAN_POINT ( 'NONE',  ( -2.250000000000000000, 3.050000000000000266, 12.14999999999999858 ) ) ;
#3756 = CYLINDRICAL_SURFACE ( 'NONE', #3485, 0.1000000000000001027 ) ;
#3757 = ORIENTED_EDGE ( 'NONE', *, *, #6706, .T. ) ;
#3758 = ORIENTED_EDGE ( 'NONE', *, *, #1920, .T. ) ;
#3759 = VECTOR ( 'NONE', #2553, 1000.000000000000000 ) ;
#3760 = ORIENTED_EDGE ( 'NONE', *, *, #477, .F. ) ;
#3761 = VERTEX_POINT ( 'NONE', #3743 ) ;
#3762 = LINE ( 'NONE', #8780, #7792 ) ;
#3763 = CARTESIAN_POINT ( 'NONE',  ( 1.331255536056662914, 6.150000000000001243, 10.16958095128271289 ) ) ;
#3764 = ADVANCED_FACE ( 'NONE', ( #375 ), #4509, .T. ) ;
#3765 = PLANE ( 'NONE',  #2170 ) ;
#3766 = AXIS2_PLACEMENT_3D ( 'NONE', #1374, #6858, #8908 ) ;
#3767 = VERTEX_POINT ( 'NONE', #8623 ) ;
#3768 = CARTESIAN_POINT ( 'NONE',  ( 1.000000000000000000, 1.004596597366330002, 0.2999999999999999889 ) ) ;
#3769 = LINE ( 'NONE', #5885, #3573 ) ;
#3770 = VERTEX_POINT ( 'NONE', #6627 ) ;
#3771 = DIRECTION ( 'NONE',  ( 0.000000000000000000, 0.000000000000000000, 1.000000000000000000 ) ) ;
#3772 = ORIENTED_EDGE ( 'NONE', *, *, #4792, .F. ) ;
#3773 = EDGE_CURVE ( 'NONE', #3102, #1273, #8080, .T. ) ;
#3774 = EDGE_CURVE ( 'NONE', #5485, #5416, #1679, .T. ) ;
#3775 = EDGE_CURVE ( 'NONE', #662, #1227, #2440, .T. ) ;
#3776 = DIRECTION ( 'NONE',  ( 0.000000000000000000, 0.7071067811865480168, 0.7071067811865469066 ) ) ;
#3777 = B_SPLINE_CURVE_WITH_KNOTS ( 'NONE', 3,
 ( #4120, #955, #5777, #284 ),
 .UNSPECIFIED., .F., .F.,
 ( 4, 4 ),
 ( 0.000000000000000000, 1.000000000000000000 ),
 .UNSPECIFIED. ) ;
#3778 = ORIENTED_EDGE ( 'NONE', *, *, #588, .F. ) ;
#3779 = EDGE_CURVE ( 'NONE', #3865, #1117, #5591, .T. ) ;
#3780 = CARTESIAN_POINT ( 'NONE',  ( -0.6302828521505700055, 6.150000000000000355, 12.09999999999999964 ) ) ;
#3781 = AXIS2_PLACEMENT_3D ( 'NONE', #5005, #1595, #7038 ) ;
#3782 = B_SPLINE_CURVE_WITH_KNOTS ( 'NONE', 3,
 ( #1613, #7687, #1571, #7056, #2193, #210, #3048, #5750, #795, #1701 ),
 .UNSPECIFIED., .F., .F.,
 ( 4, 1, 1, 2, 2, 4 ),
 ( 0.000000000000000000, 0.2499999999999756861, 0.3749999999999632516, 0.4374999999999737432, 0.4999999999999842348, 1.000000000000000000 ),
 .UNSPECIFIED. ) ;
#3783 = FACE_OUTER_BOUND ( 'NONE', #5201, .T. ) ;
#3784 = CARTESIAN_POINT ( 'NONE',  ( 1.973283754570961834, 3.124216632767869317, 18.53297842570784226 ) ) ;
#3785 = ORIENTED_EDGE ( 'NONE', *, *, #2624, .T. ) ;
#3786 = PLANE ( 'NONE',  #8470 ) ;
#3787 = EDGE_CURVE ( 'NONE', #683, #2394, #8714, .T. ) ;
#3788 = CARTESIAN_POINT ( 'NONE',  ( -1.909351313647939863, 2.752070754658749951, 7.049999999999999822 ) ) ;
#3789 = DIRECTION ( 'NONE',  ( 0.000000000000000000, 1.000000000000000000, 0.000000000000000000 ) ) ;
#3790 = FACE_OUTER_BOUND ( 'NONE', #2787, .T. ) ;
#3791 = VECTOR ( 'NONE', #6516, 1000.000000000000114 ) ;
#3792 = ORIENTED_EDGE ( 'NONE', *, *, #3712, .T. ) ;
#3793 = DIRECTION ( 'NONE',  ( -3.469446951953610245E-16, 0.000000000000000000, -1.000000000000000000 ) ) ;
#3794 = CARTESIAN_POINT ( 'NONE',  ( -1.935512576883387403, 2.719956629130206416, 7.020710678118654791 ) ) ;
#3795 = ORIENTED_EDGE ( 'NONE', *, *, #322, .T. ) ;
#3796 = CARTESIAN_POINT ( 'NONE',  ( 2.442386859369360064, 3.050000000000000266, 12.14999999999999858 ) ) ;
#3797 = DIRECTION ( 'NONE',  ( -1.000000000000000000, 0.000000000000000000, 0.000000000000000000 ) ) ;
#3798 = CARTESIAN_POINT ( 'NONE',  ( -1.000000000000000000, 3.050000000000000266, 18.80000000000000071 ) ) ;
#3799 = AXIS2_PLACEMENT_3D ( 'NONE', #3129, #874, #7046 ) ;
#3800 = CARTESIAN_POINT ( 'NONE',  ( -1.929675656823970131, 2.951035377329380260, 6.949999999999999289 ) ) ;
#3801 = DIRECTION ( 'NONE',  ( 0.000000000000000000, 0.000000000000000000, 1.000000000000000000 ) ) ;
#3802 = ORIENTED_EDGE ( 'NONE', *, *, #6352, .T. ) ;
#3803 = ORIENTED_EDGE ( 'NONE', *, *, #7520, .F. ) ;
#3804 = VERTEX_POINT ( 'NONE', #7350 ) ;
#3805 = VERTEX_POINT ( 'NONE', #5899 ) ;
#3806 = CARTESIAN_POINT ( 'NONE',  ( 2.406762870324489878, 2.701259896718680054, 7.799999999999999822 ) ) ;
#3807 = CARTESIAN_POINT ( 'NONE',  ( 2.520710678118654791, 3.179289321881344943, 19.00000000000000000 ) ) ;
#3808 = AXIS2_PLACEMENT_3D ( 'NONE', #397, #8600, #3240 ) ;
#3809 = CARTESIAN_POINT ( 'NONE',  ( 2.445897849675559677, 3.084370747208040164, 12.05609232333640080 ) ) ;
#3810 = EDGE_CURVE ( 'NONE', #6512, #388, #968, .T. ) ;
#3811 = ORIENTED_EDGE ( 'NONE', *, *, #2024, .T. ) ;
#3812 = CARTESIAN_POINT ( 'NONE',  ( 1.152476217557650173, 6.150000000000000355, 11.21978853487053307 ) ) ;
#3813 = PRESENTATION_STYLE_ASSIGNMENT (( #5710 ) ) ;
#3814 = AXIS2_PLACEMENT_3D ( 'NONE', #7613, #2126, #7037 ) ;
#3815 = VERTEX_POINT ( 'NONE', #591 ) ;
#3816 = PLANE ( 'NONE',  #700 ) ;
#3818 = EDGE_CURVE ( 'NONE', #341, #5347, #4011, .T. ) ;
#3817 = ORIENTED_EDGE ( 'NONE', *, *, #3974, .F. ) ;
#3819 = CARTESIAN_POINT ( 'NONE',  ( 2.057250000000000245, -5.844750000000000334, -5.200000000000000178 ) ) ;
#3820 = CARTESIAN_POINT ( 'NONE',  ( 1.324275247670340105, 6.150000000000000355, 7.568248772192540663 ) ) ;
#3821 = DIRECTION ( 'NONE',  ( -0.4739773776949202655, -0.8805370210465013336, 0.000000000000000000 ) ) ;
#3822 = AXIS2_PLACEMENT_3D ( 'NONE', #4084, #4768, #4040 ) ;
#3823 = CARTESIAN_POINT ( 'NONE',  ( 2.446615845914326126, 3.091261336539574245, 7.041397571176938541 ) ) ;
#3824 = ADVANCED_FACE ( 'NONE', ( #5449 ), #5491, .F. ) ;
#3825 = CARTESIAN_POINT ( 'NONE',  ( -0.4302828521505689952, 5.349999999999999645, 15.90000000000000036 ) ) ;
#3826 = ORIENTED_EDGE ( 'NONE', *, *, #5370, .F. ) ;
#3827 = EDGE_CURVE ( 'NONE', #5388, #2341, #1899, .T. ) ;
#3828 = ADVANCED_FACE ( 'NONE', ( #6160 ), #7437, .T. ) ;
#3829 = EDGE_CURVE ( 'NONE', #3952, #7352, #8525, .T. ) ;
#3830 = CARTESIAN_POINT ( 'NONE',  ( 0.8583108971288709865, 6.149899999999999700, 9.552851719107401607 ) ) ;
#3831 = EDGE_CURVE ( 'NONE', #3239, #7032, #7844, .T. ) ;
#3832 = AXIS2_PLACEMENT_3D ( 'NONE', #8554, #7777, #1620 ) ;
#3833 = CARTESIAN_POINT ( 'NONE',  ( 2.550000000000000266, 6.149899999999999700, 0.000000000000000000 ) ) ;
#3834 = CARTESIAN_POINT ( 'NONE',  ( 1.898829551207560140, 6.149899609549899893, 6.955606947828460562 ) ) ;
#3835 = DIRECTION ( 'NONE',  ( 0.000000000000000000, 0.7998893862965784640, 0.6001474566221894902 ) ) ;
#3836 = ORIENTED_EDGE ( 'NONE', *, *, #8082, .T. ) ;
#3837 = CARTESIAN_POINT ( 'NONE',  ( 2.447411556676559741, 3.099189142059919799, 12.05000000000000071 ) ) ;
#3838 = CARTESIAN_POINT ( 'NONE',  ( 1.748100213467179920, 6.150000000000000355, 8.658200166067791415 ) ) ;
#3839 = ORIENTED_EDGE ( 'NONE', *, *, #6845, .F. ) ;
#3840 = DIRECTION ( 'NONE',  ( 0.000000000000000000, 0.000000000000000000, -1.000000000000000000 ) ) ;
#3841 = DIRECTION ( 'NONE',  ( 0.000000000000000000, 0.000000000000000000, 1.000000000000000000 ) ) ;
#3842 = AXIS2_PLACEMENT_3D ( 'NONE', #5933, #7875, #4703 ) ;
#3843 =( LENGTH_UNIT ( ) NAMED_UNIT ( * ) SI_UNIT ( .MILLI., .METRE. ) );
#3844 = LINE ( 'NONE', #2541, #8802 ) ;
#3845 = DIRECTION ( 'NONE',  ( 0.000000000000000000, -1.000000000000000000, 0.000000000000000000 ) ) ;
#3846 = CARTESIAN_POINT ( 'NONE',  ( 1.654177485203348175, 6.150000000000000355, 10.19209168987046610 ) ) ;
#3847 = VERTEX_POINT ( 'NONE', #1358 ) ;
#3848 = AXIS2_PLACEMENT_3D ( 'NONE', #1737, #8495, #5785 ) ;
#3849 = CIRCLE ( 'NONE', #2269, 0.09999999999999982514 ) ;
#3850 = ORIENTED_EDGE ( 'NONE', *, *, #6639, .F. ) ;
#3851 = CARTESIAN_POINT ( 'NONE',  ( 1.152476217557656168, 6.150000000000000355, 9.035833883202259997 ) ) ;
#3852 = EDGE_LOOP ( 'NONE', ( #8369, #5976, #8914, #74 ) ) ;
#3853 = EDGE_LOOP ( 'NONE', ( #3227, #2169, #7656, #1714 ) ) ;
#3854 = FACE_OUTER_BOUND ( 'NONE', #142, .T. ) ;
#3855 = VECTOR ( 'NONE', #5314, 1000.000000000000000 ) ;
#3856 = VECTOR ( 'NONE', #5000, 1000.000000000000000 ) ;
#3857 = CARTESIAN_POINT ( 'NONE',  ( 1.316613806136190723, 6.150000000000000355, 10.16042168879931573 ) ) ;
#3858 = FACE_OUTER_BOUND ( 'NONE', #531, .T. ) ;
#3859 = ORIENTED_EDGE ( 'NONE', *, *, #7182, .F. ) ;
#3860 = DIRECTION ( 'NONE',  ( -0.7071067811865466846, 0.000000000000000000, 0.7071067811865482389 ) ) ;
#3861 = EDGE_CURVE ( 'NONE', #8546, #4724, #3911, .T. ) ;
#3862 = CARTESIAN_POINT ( 'NONE',  ( 2.406762870324489878, 2.701259896718680054, 11.29999999999999893 ) ) ;
#3863 = VECTOR ( 'NONE', #1751, 1000.000000000000114 ) ;
#3864 = AXIS2_PLACEMENT_3D ( 'NONE', #7526, #2032, #3468 ) ;
#3865 = VERTEX_POINT ( 'NONE', #5322 ) ;
#3866 = CARTESIAN_POINT ( 'NONE',  ( 1.390899236999251443, 6.150000000000000355, 9.686946257935963089 ) ) ;
#3867 = ORIENTED_EDGE ( 'NONE', *, *, #635, .F. ) ;
#3868 = ADVANCED_FACE ( 'NONE', ( #1271 ), #4778, .F. ) ;
#3869 = PLANE ( 'NONE',  #174 ) ;
#3870 = CARTESIAN_POINT ( 'NONE',  ( 1.257014306635660050, 6.150000000000000355, 9.256255280327962964 ) ) ;
#3871 = DIRECTION ( 'NONE',  ( 0.000000000000000000, 0.000000000000000000, -1.000000000000000000 ) ) ;
#3872 = VECTOR ( 'NONE', #7677, 1000.000000000000000 ) ;
#3873 = CARTESIAN_POINT ( 'NONE',  ( -0.4302828521505719928, 5.349999999999999645, 6.799999999999999822 ) ) ;
#3874 = CARTESIAN_POINT ( 'NONE',  ( -0.3250000000000000111, 7.900000000000000355, 4.700000000000000178 ) ) ;
#3875 = ORIENTED_EDGE ( 'NONE', *, *, #8587, .F. ) ;
#3876 = EDGE_CURVE ( 'NONE', #249, #4420, #5782, .T. ) ;
#3877 = DIRECTION ( 'NONE',  ( 0.7071067811865467956, 0.000000000000000000, 0.7071067811865481278 ) ) ;
#3878 = AXIS2_PLACEMENT_3D ( 'NONE', #4069, #7413, #6773 ) ;
#3879 = ADVANCED_FACE ( 'NONE', ( #8761 ), #4650, .T. ) ;
#3880 = CARTESIAN_POINT ( 'NONE',  ( -1.695410859163400064, -4.262501896753089881, 7.799999999999999822 ) ) ;
#3881 = DIRECTION ( 'NONE',  ( 0.000000000000000000, 0.000000000000000000, 1.000000000000000000 ) ) ;
#3882 = CARTESIAN_POINT ( 'NONE',  ( -0.3250000000000000111, 7.900000000000000355, 0.000000000000000000 ) ) ;
#3883 = ORIENTED_EDGE ( 'NONE', *, *, #2116, .F. ) ;
#3884 = CARTESIAN_POINT ( 'NONE',  ( 2.550000000000000266, 6.149899999999999700, 0.000000000000000000 ) ) ;
#3885 = CYLINDRICAL_SURFACE ( 'NONE', #2418, 0.2000000000000000666 ) ;
#3886 = VERTEX_POINT ( 'NONE', #6117 ) ;
#3887 = LINE ( 'NONE', #467, #8075 ) ;
#3888 = LINE ( 'NONE', #7995, #5749 ) ;
#3889 = LINE ( 'NONE', #2448, #7507 ) ;
#3890 = DIRECTION ( 'NONE',  ( 0.000000000000000000, 1.000000000000000000, 0.000000000000000000 ) ) ;
#3891 = FACE_OUTER_BOUND ( 'NONE', #3635, .T. ) ;
#3892 = CARTESIAN_POINT ( 'NONE',  ( -0.4302828521505719928, 6.150000000000000355, 7.000000000000000000 ) ) ;
#3893 = ORIENTED_EDGE ( 'NONE', *, *, #366, .F. ) ;
#3894 = B_SPLINE_CURVE_WITH_KNOTS ( 'NONE', 3,
 ( #5340, #6514, #8100, #7194 ),
 .UNSPECIFIED., .F., .F.,
 ( 4, 4 ),
 ( 0.000000000000000000, 1.000000000000000000 ),
 .UNSPECIFIED. ) ;
#3895 = ORIENTED_EDGE ( 'NONE', *, *, #5090, .T. ) ;
#3896 = ORIENTED_EDGE ( 'NONE', *, *, #6110, .T. ) ;
#3897 = ORIENTED_EDGE ( 'NONE', *, *, #8633, .F. ) ;
#3898 = EDGE_CURVE ( 'NONE', #4109, #7747, #1513, .T. ) ;
#3899 = CARTESIAN_POINT ( 'NONE',  ( 1.898829551207560140, 6.149899609549899893, 6.955606947828460562 ) ) ;
#3900 = CARTESIAN_POINT ( 'NONE',  ( 1.000000000000000000, 3.050000000000000266, 0.2999999999999999889 ) ) ;
#3901 = CIRCLE ( 'NONE', #7931, 0.09999999999999936717 ) ;
#3902 = DIRECTION ( 'NONE',  ( 0.000000000000000000, -1.000000000000000000, 0.000000000000000000 ) ) ;
#3903 = VERTEX_POINT ( 'NONE', #3419 ) ;
#3904 = PLANE ( 'NONE',  #7547 ) ;
#3905 = EDGE_CURVE ( 'NONE', #344, #6512, #4182, .T. ) ;
#3906 = CARTESIAN_POINT ( 'NONE',  ( 2.449999999999999734, 6.049999999999999822, 0.000000000000000000 ) ) ;
#3907 = ORIENTED_EDGE ( 'NONE', *, *, #8856, .F. ) ;
#3908 = ORIENTED_EDGE ( 'NONE', *, *, #1300, .F. ) ;
#3909 = EDGE_CURVE ( 'NONE', #758, #7385, #4951, .T. ) ;
#3910 = FACE_OUTER_BOUND ( 'NONE', #4910, .T. ) ;
#3911 = CIRCLE ( 'NONE', #1180, 0.2000000000000005107 ) ;
#3912 = AXIS2_PLACEMENT_3D ( 'NONE', #2551, #2502, #8690 ) ;
#3913 = LINE ( 'NONE', #8792, #4365 ) ;
#3914 = DIRECTION ( 'NONE',  ( 0.000000000000000000, 1.000000000000000000, 0.000000000000000000 ) ) ;
#3915 = ORIENTED_EDGE ( 'NONE', *, *, #3385, .T. ) ;
#3916 = CARTESIAN_POINT ( 'NONE',  ( -0.5717042083878783876, 5.349999999999999645, 16.04142135623731136 ) ) ;
#3917 = EDGE_CURVE ( 'NONE', #7876, #8501, #6391, .T. ) ;
#3918 = DIRECTION ( 'NONE',  ( -0.000000000000000000, 1.000000000000000000, 0.000000000000000000 ) ) ;
#3919 = ORIENTED_EDGE ( 'NONE', *, *, #8885, .F. ) ;
#3920 = CARTESIAN_POINT ( 'NONE',  ( -1.899189142059919844, 2.652588443323439904, 6.949999999999999289 ) ) ;
#3921 = FILL_AREA_STYLE_COLOUR ( '', #1168 ) ;
#3922 = CIRCLE ( 'NONE', #4065, 0.2000000000000000389 ) ;
#3923 = EDGE_CURVE ( 'NONE', #1120, #249, #6921, .T. ) ;
#3924 = LINE ( 'NONE', #4603, #7123 ) ;
#3925 = DIRECTION ( 'NONE',  ( 0.000000000000000000, 0.000000000000000000, 1.000000000000000000 ) ) ;
#3926 = ORIENTED_EDGE ( 'NONE', *, *, #588, .T. ) ;
#3927 = ORIENTED_EDGE ( 'NONE', *, *, #3384, .T. ) ;
#3928 = DIRECTION ( 'NONE',  ( 0.000000000000000000, 0.000000000000000000, 1.000000000000000000 ) ) ;
#3929 = DIRECTION ( 'NONE',  ( 0.000000000000000000, 0.000000000000000000, -1.000000000000000000 ) ) ;
#3930 = DIRECTION ( 'NONE',  ( -0.7071067811865453523, -1.082467449009528021E-15, 0.7071067811865500152 ) ) ;
#3931 = DIRECTION ( 'NONE',  ( 0.000000000000000000, 1.000000000000000000, 0.000000000000000000 ) ) ;
#3932 = DIRECTION ( 'NONE',  ( 0.7071067811865445751, -1.276756478318930021E-15, -0.7071067811865506814 ) ) ;
#3933 = DIRECTION ( 'NONE',  ( 0.000000000000000000, 1.000000000000000000, 0.000000000000000000 ) ) ;
#3934 = CARTESIAN_POINT ( 'NONE',  ( 0.9369170571332501307, 6.150000000000000355, 11.14928610270166587 ) ) ;
#3935 = CARTESIAN_POINT ( 'NONE',  ( 1.756659116918952268, 6.150000000000003020, 10.11991822233609817 ) ) ;
#3936 = VERTEX_POINT ( 'NONE', #8480 ) ;
#3937 = EDGE_CURVE ( 'NONE', #7933, #8260, #5536, .T. ) ;
#3938 = VERTEX_POINT ( 'NONE', #7746 ) ;
#3939 = EDGE_CURVE ( 'NONE', #160, #267, #2302, .T. ) ;
#3940 = CARTESIAN_POINT ( 'NONE',  ( -0.1093513136794850016, -6.150000000000000355, 0.5999999999999999778 ) ) ;
#3941 = EDGE_CURVE ( 'NONE', #3152, #329, #178, .T. ) ;
#3942 = VERTEX_POINT ( 'NONE', #4319 ) ;
#3943 = ORIENTED_EDGE ( 'NONE', *, *, #2234, .F. ) ;
#3944 = EDGE_CURVE ( 'NONE', #240, #8252, #8290, .T. ) ;
#3945 = DIRECTION ( 'NONE',  ( -0.9948231133531089121, 0.1016217158801569903, 0.000000000000000000 ) ) ;
#3946 = CIRCLE ( 'NONE', #6953, 0.1000000000000000056 ) ;
#3947 = CARTESIAN_POINT ( 'NONE',  ( 2.550000000000000266, 6.150000000000000355, 0.000000000000000000 ) ) ;
#3948 = ORIENTED_EDGE ( 'NONE', *, *, #3663, .F. ) ;
#3949 = CARTESIAN_POINT ( 'NONE',  ( 1.902881415125299958, 6.150000000000000355, 11.51152273694870054 ) ) ;
#3950 = CARTESIAN_POINT ( 'NONE',  ( 1.257014306635649836, 6.149950000000000472, 10.60471559215579873 ) ) ;
#3951 = ORIENTED_EDGE ( 'NONE', *, *, #441, .F. ) ;
#3952 = VERTEX_POINT ( 'NONE', #3602 ) ;
#3953 = CARTESIAN_POINT ( 'NONE',  ( -0.08125000000000000278, -6.893693973998397340, 0.01522409349774282022 ) ) ;
#3954 = CARTESIAN_POINT ( 'NONE',  ( 1.911678892092070647, 6.150000000000000355, 7.004713252123228706 ) ) ;
#3955 = DIRECTION ( 'NONE',  ( -0.7071067811865500152, -1.016439536705159914E-16, 0.7071067811865449082 ) ) ;
#3956 = ORIENTED_EDGE ( 'NONE', *, *, #1010, .T. ) ;
#3957 = VECTOR ( 'NONE', #8005, 1000.000000000000000 ) ;
#3958 = CARTESIAN_POINT ( 'NONE',  ( -0.3151414260752850027, 5.349999999999999645, 12.30000000000000071 ) ) ;
#3959 = DIRECTION ( 'NONE',  ( 0.000000000000000000, -1.000000000000000000, 0.000000000000000000 ) ) ;
#3960 = ORIENTED_EDGE ( 'NONE', *, *, #2963, .F. ) ;
#3961 = LINE ( 'NONE', #6533, #1848 ) ;
#3962 = VECTOR ( 'NONE', #3073, 1000.000000000000000 ) ;
#3963 = VECTOR ( 'NONE', #3380, 1000.000000000000000 ) ;
#3964 = PRODUCT ( 'Littelfuse Inc 0287002.PXCN 1^Littelfuse_Inc_-_0287040.PXCN(2)_Littelfuse_Inc_-_0287040.PXCN', 'Littelfuse Inc 0287002.PXCN 1^Littelfuse_Inc_-_0287040.PXCN(2)_Littelfuse_Inc_-_0287040.PXCN', '', ( #221 ) ) ;
#3965 = DIRECTION ( 'NONE',  ( 0.000000000000000000, 0.000000000000000000, -1.000000000000000000 ) ) ;
#3966 = DIRECTION ( 'NONE',  ( 0.000000000000000000, -0.7071067811865474617, -0.7071067811865474617 ) ) ;
#3967 = ORIENTED_EDGE ( 'NONE', *, *, #8571, .T. ) ;
#3968 = CIRCLE ( 'NONE', #5691, 0.2000000000000000389 ) ;
#3969 = ORIENTED_EDGE ( 'NONE', *, *, #2399, .T. ) ;
#3970 = CARTESIAN_POINT ( 'NONE',  ( -0.3250000000000000111, -7.576999999999999957, 0.6769999999999999352 ) ) ;
#3971 = CARTESIAN_POINT ( 'NONE',  ( 1.029289321881345476, 3.120710678118654879, 0.5707106781186548350 ) ) ;
#3972 = DIRECTION ( 'NONE',  ( 1.000000000000000000, 0.000000000000000000, 0.000000000000000000 ) ) ;
#3973 = CYLINDRICAL_SURFACE ( 'NONE', #2389, 0.1000000000000000749 ) ;
#3974 = EDGE_CURVE ( 'NONE', #1568, #8501, #855, .T. ) ;
#3975 = DIRECTION ( 'NONE',  ( 0.000000000000000000, -0.7071067811865474617, 0.7071067811865474617 ) ) ;
#3976 = FACE_OUTER_BOUND ( 'NONE', #7821, .T. ) ;
#3977 = CARTESIAN_POINT ( 'NONE',  ( 0.3250000000000000111, -4.649999999999999467, 4.700000000000000178 ) ) ;
#3978 = CARTESIAN_POINT ( 'NONE',  ( 0.3250000000000000111, 7.900000000000000355, 0.000000000000000000 ) ) ;
#3979 = EDGE_CURVE ( 'NONE', #1273, #5065, #5911, .T. ) ;
#3980 = ORIENTED_EDGE ( 'NONE', *, *, #2725, .T. ) ;
#3981 = VERTEX_POINT ( 'NONE', #3645 ) ;
#3982 = CARTESIAN_POINT ( 'NONE',  ( -0.2164069289715789823, 0.3122694591751939974, 18.50000000000000000 ) ) ;
#3983 = ADVANCED_FACE ( 'NONE', ( #4274 ), #4141, .F. ) ;
#3984 = B_SPLINE_CURVE_WITH_KNOTS ( 'NONE', 3,
 ( #7892, #2357, #4465, #4553, #5185, #5093, #417, #1725, #1049, #8575, #6537 ),
 .UNSPECIFIED., .F., .F.,
 ( 4, 1, 1, 1, 2, 2, 4 ),
 ( 0.000000000000000000, 0.2500000000000771605, 0.3750000000001066369, 0.4375000000001213474, 0.4687500000001282308, 0.5000000000001351141, 1.000000000000000000 ),
 .UNSPECIFIED. ) ;
#3985 = DIRECTION ( 'NONE',  ( 0.000000000000000000, 0.000000000000000000, -1.000000000000000000 ) ) ;
#3986 = CARTESIAN_POINT ( 'NONE',  ( 0.2039001575005749967, -0.3248106549622170047, 18.80000000000000071 ) ) ;
#3987 = DIRECTION ( 'NONE',  ( 0.7071067811865426878, 0.000000000000000000, 0.7071067811865523467 ) ) ;
#3988 = FACE_BOUND ( 'NONE', #6424, .T. ) ;
#3989 = CIRCLE ( 'NONE', #106, 0.1999999999999996503 ) ;
#3990 = EDGE_CURVE ( 'NONE', #8410, #1392, #7522, .T. ) ;
#3991 = ORIENTED_EDGE ( 'NONE', *, *, #3254, .F. ) ;
#3992 = EDGE_CURVE ( 'NONE', #7517, #5779, #2205, .T. ) ;
#3993 = CARTESIAN_POINT ( 'NONE',  ( 1.902881415125299958, 6.150000000000000355, 11.60876747097469952 ) ) ;
#3994 = ORIENTED_EDGE ( 'NONE', *, *, #6720, .F. ) ;
#3995 = EDGE_LOOP ( 'NONE', ( #5703, #3504, #8198, #6667 ) ) ;
#3996 = CIRCLE ( 'NONE', #3142, 0.1000000000000000333 ) ;
#3997 = PLANE ( 'NONE',  #3334 ) ;
#3998 = DIRECTION ( 'NONE',  ( 0.000000000000000000, 0.7071067811865344721, 0.7071067811865605623 ) ) ;
#3999 = DIRECTION ( 'NONE',  ( -0.6702157429215804818, 0.7421663276786907293, 0.000000000000000000 ) ) ;
#4000 = B_SPLINE_CURVE_WITH_KNOTS ( 'NONE', 3,
 ( #4933, #30, #7681, #6138 ),
 .UNSPECIFIED., .F., .F.,
 ( 4, 4 ),
 ( 0.000000000000000000, 1.000000000000000000 ),
 .UNSPECIFIED. ) ;
#4001 = VECTOR ( 'NONE', #8796, 1000.000000000000000 ) ;
#4002 = ORIENTED_EDGE ( 'NONE', *, *, #4602, .F. ) ;
#4003 = AXIS2_PLACEMENT_3D ( 'NONE', #5445, #2616, #673 ) ;
#4004 = CARTESIAN_POINT ( 'NONE',  ( -0.1093513136794850016, -2.731029988927639707, 18.50000000000000000 ) ) ;
#4005 = CARTESIAN_POINT ( 'NONE',  ( -1.275000000000000133, 3.120710678118653991, 18.52928932188134326 ) ) ;
#4006 = VERTEX_POINT ( 'NONE', #1446 ) ;
#4007 = CARTESIAN_POINT ( 'NONE',  ( 1.257014306635659828, 6.150000000000000355, 9.101474078669840040 ) ) ;
#4008 = CIRCLE ( 'NONE', #3147, 0.09999999999999982514 ) ;
#4009 =( BOUNDED_CURVE ( )  B_SPLINE_CURVE ( 3, ( #8491, #5054, #7714, #1600 ),
 .UNSPECIFIED., .F., .T. ) 
 B_SPLINE_CURVE_WITH_KNOTS ( ( 4, 4 ),
 ( 0.7853981633974530530, 1.570796326794897224 ),
 .UNSPECIFIED. ) 
 CURVE ( )  GEOMETRIC_REPRESENTATION_ITEM ( )  RATIONAL_B_SPLINE_CURVE ( ( 1.000000000000000000, 0.9492530216741915661, 0.9492530216741915661, 1.000000000000000000 ) ) 
 REPRESENTATION_ITEM ( '' )  );
#4010 = DIRECTION ( 'NONE',  ( 0.000000000000000000, -1.000000000000000000, 0.000000000000000000 ) ) ;
#4011 = LINE ( 'NONE', #5360, #1327 ) ;
#4012 = EDGE_LOOP ( 'NONE', ( #5460, #7600, #7150, #6399, #2602 ) ) ;
#4013 = ORIENTED_EDGE ( 'NONE', *, *, #8633, .T. ) ;
#4014 = CARTESIAN_POINT ( 'NONE',  ( -1.010285042102434305, 3.101706398339743043, 0.2897149578975656836 ) ) ;
#4015 = DIRECTION ( 'NONE',  ( 1.000000000000000000, 0.000000000000000000, 0.000000000000000000 ) ) ;
#4016 = CARTESIAN_POINT ( 'NONE',  ( 1.902881415125299958, 6.150000000000000355, 9.101474078669850698 ) ) ;
#4017 = VECTOR ( 'NONE', #685, 1000.000000000000000 ) ;
#4018 = CYLINDRICAL_SURFACE ( 'NONE', #256, 0.09999999999999921452 ) ;
#4019 = DIRECTION ( 'NONE',  ( 1.000000000000000000, 0.000000000000000000, 0.000000000000000000 ) ) ;
#4020 = ORIENTED_EDGE ( 'NONE', *, *, #5643, .T. ) ;
#4021 = ADVANCED_FACE ( 'NONE', ( #6343 ), #7074, .F. ) ;
#4022 = ORIENTED_EDGE ( 'NONE', *, *, #2391, .T. ) ;
#4023 = DIRECTION ( 'NONE',  ( 1.000000000000000000, 0.000000000000000000, 0.000000000000000000 ) ) ;
#4024 = DIRECTION ( 'NONE',  ( 0.000000000000000000, -1.000000000000000000, 0.000000000000000000 ) ) ;
#4025 = CYLINDRICAL_SURFACE ( 'NONE', #6614, 0.1000000000000007411 ) ;
#4026 = CARTESIAN_POINT ( 'NONE',  ( 1.000000000000000000, 3.149999999999999911, 0.5999999999999999778 ) ) ;
#4027 = CARTESIAN_POINT ( 'NONE',  ( 1.734723475976810176E-17, -3.000000000000000000, 18.39999999999999858 ) ) ;
#4028 = FACE_BOUND ( 'NONE', #6712, .T. ) ;
#4029 = AXIS2_PLACEMENT_3D ( 'NONE', #1325, #772, #4783 ) ;
#4030 = ORIENTED_EDGE ( 'NONE', *, *, #6706, .F. ) ;
#4031 = CARTESIAN_POINT ( 'NONE',  ( 0.1093513136794850016, -6.150000000000000355, 0.5999999999999999778 ) ) ;
#4032 = ORIENTED_EDGE ( 'NONE', *, *, #8184, .T. ) ;
#4033 = ORIENTED_EDGE ( 'NONE', *, *, #8852, .T. ) ;
#4034 = CARTESIAN_POINT ( 'NONE',  ( 1.257014306635649836, 6.149950000000000472, 10.37213860327680059 ) ) ;
#4035 = AXIS2_PLACEMENT_3D ( 'NONE', #2388, #7977, #5937 ) ;
#4036 = EDGE_CURVE ( 'NONE', #4855, #5675, #1616, .T. ) ;
#4037 = CARTESIAN_POINT ( 'NONE',  ( 1.940823017527810057, 3.060162171588010072, 0.5994823113353109356 ) ) ;
#4038 = CARTESIAN_POINT ( 'NONE',  ( -2.520710678118654791, 3.179289321881345387, 0.1000000000000000056 ) ) ;
#4039 = ORIENTED_EDGE ( 'NONE', *, *, #3320, .F. ) ;
#4040 = DIRECTION ( 'NONE',  ( 1.000000000000000000, 0.000000000000000000, 0.000000000000000000 ) ) ;
#4041 = CIRCLE ( 'NONE', #6340, 0.09999999999999939493 ) ;
#4042 = LINE ( 'NONE', #3297, #4138 ) ;
#4043 = EDGE_CURVE ( 'NONE', #2143, #2625, #6976, .T. ) ;
#4044 = VERTEX_POINT ( 'NONE', #2254 ) ;
#4045 = EDGE_CURVE ( 'NONE', #8556, #3337, #1846, .T. ) ;
#4046 = ADVANCED_FACE ( 'NONE', ( #947 ), #8661, .F. ) ;
#4047 = VECTOR ( 'NONE', #6260, 1000.000000000000000 ) ;
#4048 = CARTESIAN_POINT ( 'NONE',  ( -1.275000000000000133, 3.149999999999999911, 0.5000000000000000000 ) ) ;
#4049 = VERTEX_POINT ( 'NONE', #1630 ) ;
#4050 = EDGE_CURVE ( 'NONE', #2550, #7703, #7837, .T. ) ;
#4051 = ADVANCED_FACE ( 'NONE', ( #6574 ), #4459, .T. ) ;
#4052 = DIRECTION ( 'NONE',  ( -1.000000000000000000, 0.000000000000000000, 0.000000000000000000 ) ) ;
#4053 = EDGE_CURVE ( 'NONE', #7658, #7345, #2275, .T. ) ;
#4054 = CIRCLE ( 'NONE', #2757, 0.1999999999999996503 ) ;
#4055 = CARTESIAN_POINT ( 'NONE',  ( -2.008833624983249688, 2.741908583070740146, 7.049999999999999822 ) ) ;
#4056 = CARTESIAN_POINT ( 'NONE',  ( 1.355858366533110759, 6.150000000000000355, 6.838894675142968005 ) ) ;
#4057 = ORIENTED_EDGE ( 'NONE', *, *, #5404, .T. ) ;
#4058 = VERTEX_POINT ( 'NONE', #6439 ) ;
#4059 = CARTESIAN_POINT ( 'NONE',  ( 0.9369170571332540165, 6.150000000000000355, 10.73113374638960238 ) ) ;
#4060 = LINE ( 'NONE', #3515, #2596 ) ;
#4061 = CYLINDRICAL_SURFACE ( 'NONE', #4686, 0.1000000000000000333 ) ;
#4062 =( BOUNDED_CURVE ( )  B_SPLINE_CURVE ( 3, ( #1183, #8803, #2621, #5359 ),
 .UNSPECIFIED., .F., .T. ) 
 B_SPLINE_CURVE_WITH_KNOTS ( ( 4, 4 ),
 ( 1.570796326794896558, 2.356194490192346169 ),
 .UNSPECIFIED. ) 
 CURVE ( )  GEOMETRIC_REPRESENTATION_ITEM ( )  RATIONAL_B_SPLINE_CURVE ( ( 1.000000000000000000, 0.9492530216741910110, 0.9492530216741910110, 1.000000000000000000 ) ) 
 REPRESENTATION_ITEM ( '' )  );
#4063 = CARTESIAN_POINT ( 'NONE',  ( 1.902881415125299958, 6.150000000000000355, 11.60876747097469952 ) ) ;
#4064 = CARTESIAN_POINT ( 'NONE',  ( 1.949999999999999956, 3.149999999999999911, 12.05000000000000071 ) ) ;
#4065 = AXIS2_PLACEMENT_3D ( 'NONE', #4072, #3902, #6814 ) ;
#4066 = VERTEX_POINT ( 'NONE', #5767 ) ;
#4067 = CARTESIAN_POINT ( 'NONE',  ( -2.040305328863119882, 3.120710678118654879, 7.020710678118654791 ) ) ;
#4068 = DIRECTION ( 'NONE',  ( 0.7071067811865583419, 0.000000000000000000, -0.7071067811865366926 ) ) ;
#4069 = CARTESIAN_POINT ( 'NONE',  ( -0.3250000000000000111, -7.900000000000000355, 0.000000000000000000 ) ) ;
#4070 = LINE ( 'NONE', #8223, #3473 ) ;
#4071 = CARTESIAN_POINT ( 'NONE',  ( 1.254871396775108172, 6.150000000000000355, 7.246008612829579754 ) ) ;
#4072 = CARTESIAN_POINT ( 'NONE',  ( 0.4302828521505719928, 5.349999999999999645, 6.799999999999999822 ) ) ;
#4073 = ORIENTED_EDGE ( 'NONE', *, *, #3704, .F. ) ;
#4074 = CARTESIAN_POINT ( 'NONE',  ( -2.449999999999999734, 6.120710678118654435, 0.02928932188134531975 ) ) ;
#4075 = CIRCLE ( 'NONE', #6083, 0.2000000000000000944 ) ;
#4076 = EDGE_LOOP ( 'NONE', ( #8126, #1988, #5143, #3897 ) ) ;
#4077 = ORIENTED_EDGE ( 'NONE', *, *, #5954, .T. ) ;
#4078 = CARTESIAN_POINT ( 'NONE',  ( 0.6302828521505690063, 6.150000000000000355, 16.10000000000000142 ) ) ;
#4079 = EDGE_CURVE ( 'NONE', #5095, #7685, #2222, .T. ) ;
#4080 = FACE_OUTER_BOUND ( 'NONE', #2818, .T. ) ;
#4081 = FACE_OUTER_BOUND ( 'NONE', #5334, .T. ) ;
#4082 = CIRCLE ( 'NONE', #7257, 0.1999999999999998723 ) ;
#4083 = VERTEX_POINT ( 'NONE', #4505 ) ;
#4084 = CARTESIAN_POINT ( 'NONE',  ( 2.550000000000000266, 6.149899999999999700, 0.000000000000000000 ) ) ;
#4085 = EDGE_CURVE ( 'NONE', #6908, #8546, #7886, .T. ) ;
#4086 = CARTESIAN_POINT ( 'NONE',  ( -0.4302828521505699944, 5.349999999999999645, 12.30000000000000071 ) ) ;
#4087 = EDGE_LOOP ( 'NONE', ( #6863, #2053, #6833, #5901 ) ) ;
#4088 = DIRECTION ( 'NONE',  ( 1.000000000000000000, 0.000000000000000000, 0.000000000000000000 ) ) ;
#4089 = EDGE_LOOP ( 'NONE', ( #7865, #8280, #7838, #6911 ) ) ;
#4090 = B_SPLINE_CURVE_WITH_KNOTS ( 'NONE', 3,
 ( #1712, #1666, #3642, #5803 ),
 .UNSPECIFIED., .F., .F.,
 ( 4, 4 ),
 ( 0.000000000000000000, 1.000000000000000000 ),
 .UNSPECIFIED. ) ;
#4091 = VECTOR ( 'NONE', #5730, 1000.000000000000000 ) ;
#4092 = EDGE_CURVE ( 'NONE', #3942, #8208, #7254, .T. ) ;
#4093 = DIRECTION ( 'NONE',  ( -1.000000000000000000, 0.000000000000000000, 0.000000000000000000 ) ) ;
#4094 = EDGE_CURVE ( 'NONE', #5838, #8274, #3707, .T. ) ;
#4095 = EDGE_CURVE ( 'NONE', #4449, #3217, #1275, .T. ) ;
#4096 = DIRECTION ( 'NONE',  ( -0.5773502691896253980, -0.5773502691896280625, -0.5773502691896237327 ) ) ;
#4097 = EDGE_CURVE ( 'NONE', #5469, #8252, #4427, .T. ) ;
#4098 = EDGE_LOOP ( 'NONE', ( #988, #2481, #4221, #5697, #6819, #6201, #97, #8561 ) ) ;
#4099 = ADVANCED_FACE ( 'NONE', ( #367 ), #7979, .T. ) ;
#4100 = ORIENTED_EDGE ( 'NONE', *, *, #8460, .F. ) ;
#4101 = CARTESIAN_POINT ( 'NONE',  ( -2.040305328863119882, 3.149999999999999911, 18.59999999999999787 ) ) ;
#4102 = ORIENTED_EDGE ( 'NONE', *, *, #8220, .T. ) ;
#4103 = AXIS2_PLACEMENT_3D ( 'NONE', #7215, #279, #2307 ) ;
#4104 = CARTESIAN_POINT ( 'NONE',  ( -2.250000000000000000, 3.050000000000000266, 12.14999999999999858 ) ) ;
#4105 = CARTESIAN_POINT ( 'NONE',  ( 1.473355907864899894, -6.150000000000000355, 11.29999999999999893 ) ) ;
#4106 = AXIS2_PLACEMENT_3D ( 'NONE', #4851, #6791, #623 ) ;
#4107 = LINE ( 'NONE', #6850, #5974 ) ;
#4108 = DIRECTION ( 'NONE',  ( 1.000000000000000000, 0.000000000000000000, 0.000000000000000000 ) ) ;
#4109 = VERTEX_POINT ( 'NONE', #1131 ) ;
#4110 = CARTESIAN_POINT ( 'NONE',  ( 1.293481081895420104, 6.150000000000000355, 9.849448157886840249 ) ) ;
#4111 = ORIENTED_EDGE ( 'NONE', *, *, #6750, .T. ) ;
#4112 = CARTESIAN_POINT ( 'NONE',  ( 2.449999999999999734, 3.250000000000000000, 6.949999999999999289 ) ) ;
#4113 = CARTESIAN_POINT ( 'NONE',  ( 0.4302828521505729920, 6.150000000000000355, 3.200000000000000178 ) ) ;
#4114 = LINE ( 'NONE', #698, #7368 ) ;
#4115 = CARTESIAN_POINT ( 'NONE',  ( 1.100000000000000089, 3.149999999999999911, 0.5000000000000000000 ) ) ;
#4116 = LINE ( 'NONE', #1738, #5220 ) ;
#4117 = DIRECTION ( 'NONE',  ( 1.000000000000000000, 0.000000000000000000, 0.000000000000000000 ) ) ;
#4118 = ORIENTED_EDGE ( 'NONE', *, *, #6581, .T. ) ;
#4119 = EDGE_LOOP ( 'NONE', ( #1504, #4920, #4931, #4756 ) ) ;
#4120 = CARTESIAN_POINT ( 'NONE',  ( 1.346155312826200046, 6.150000000000000355, 7.950744726028309728 ) ) ;
#4121 = VERTEX_POINT ( 'NONE', #3110 ) ;
#4122 = ORIENTED_EDGE ( 'NONE', *, *, #4874, .T. ) ;
#4123 = FACE_OUTER_BOUND ( 'NONE', #1473, .T. ) ;
#4124 = CIRCLE ( 'NONE', #247, 0.1000000000000002554 ) ;
#4125 = DIRECTION ( 'NONE',  ( -0.5773502691896253980, -0.5773502691896280625, -0.5773502691896237327 ) ) ;
#4126 = CARTESIAN_POINT ( 'NONE',  ( 0.4302828521505719928, 5.349999999999999645, 6.799999999999999822 ) ) ;
#4127 = B_SPLINE_CURVE_WITH_KNOTS ( 'NONE', 3,
 ( #2131, #4196, #2171, #6853 ),
 .UNSPECIFIED., .F., .F.,
 ( 4, 4 ),
 ( 0.000000000000000000, 1.000000000000000000 ),
 .UNSPECIFIED. ) ;
#4128 = EDGE_CURVE ( 'NONE', #4049, #4187, #2992, .T. ) ;
#4129 = ORIENTED_EDGE ( 'NONE', *, *, #3827, .T. ) ;
#4130 = DIRECTION ( 'NONE',  ( 0.000000000000000000, 0.000000000000000000, -1.000000000000000000 ) ) ;
#4131 = LINE ( 'NONE', #718, #7591 ) ;
#4132 = EDGE_CURVE ( 'NONE', #8114, #6716, #5002, .T. ) ;
#4133 = AXIS2_PLACEMENT_3D ( 'NONE', #4469, #8627, #5280 ) ;
#4134 = ORIENTED_EDGE ( 'NONE', *, *, #85, .F. ) ;
#4135 = CARTESIAN_POINT ( 'NONE',  ( 0.4302828521505719928, 5.208578643762690419, 6.941421356237309048 ) ) ;
#4136 = VERTEX_POINT ( 'NONE', #8615 ) ;
#4137 = CARTESIAN_POINT ( 'NONE',  ( 1.764847917660556931, 6.150000000000000355, 9.697098074579370675 ) ) ;
#4138 = VECTOR ( 'NONE', #5355, 1000.000000000000000 ) ;
#4139 = VECTOR ( 'NONE', #8295, 1000.000000000000000 ) ;
#4140 = DIRECTION ( 'NONE',  ( 0.000000000000000000, 0.000000000000000000, 1.000000000000000000 ) ) ;
#4141 = PLANE ( 'NONE',  #458 ) ;
#4142 = ORIENTED_EDGE ( 'NONE', *, *, #8026, .T. ) ;
#4143 = VERTEX_POINT ( 'NONE', #3874 ) ;
#4144 = CARTESIAN_POINT ( 'NONE',  ( -2.449999999999999734, 3.250000000000000000, 0.000000000000000000 ) ) ;
#4145 = VECTOR ( 'NONE', #7399, 1000.000000000000114 ) ;
#4146 = ORIENTED_EDGE ( 'NONE', *, *, #5642, .F. ) ;
#4147 = FACE_OUTER_BOUND ( 'NONE', #8861, .T. ) ;
#4148 = EDGE_CURVE ( 'NONE', #1441, #656, #2700, .T. ) ;
#4149 = CARTESIAN_POINT ( 'NONE',  ( -1.100000000000000089, 3.149999999999999911, 18.59999999999999787 ) ) ;
#4150 = DIRECTION ( 'NONE',  ( 0.000000000000000000, 0.000000000000000000, 1.000000000000000000 ) ) ;
#4151 = EDGE_LOOP ( 'NONE', ( #3943, #4840, #8734, #8789 ) ) ;
#4152 = EDGE_LOOP ( 'NONE', ( #8794, #342, #396, #2141, #1486, #5072, #6551, #3421, #7229 ) ) ;
#4153 = B_SPLINE_CURVE_WITH_KNOTS ( 'NONE', 3,
 ( #5147, #3752, #336, #4474 ),
 .UNSPECIFIED., .F., .F.,
 ( 4, 4 ),
 ( 0.000000000000000000, 1.000000000000000000 ),
 .UNSPECIFIED. ) ;
#4154 = CARTESIAN_POINT ( 'NONE',  ( 2.550000000000000266, 6.149899999999999700, 0.000000000000000000 ) ) ;
#4155 = CARTESIAN_POINT ( 'NONE',  ( 0.8963984179557320520, 6.150000000000000355, 11.51962646478420105 ) ) ;
#4156 = ADVANCED_FACE ( 'NONE', ( #8706, #2525 ), #7789, .T. ) ;
#4157 = CYLINDRICAL_SURFACE ( 'NONE', #2044, 0.2000000000000000944 ) ;
#4158 = AXIS2_PLACEMENT_3D ( 'NONE', #6362, #1776, #5100 ) ;
#4159 = LINE ( 'NONE', #6132, #6810 ) ;
#4160 = CARTESIAN_POINT ( 'NONE',  ( -1.000000000000000000, 1.500000000000000000, 18.50000000000000000 ) ) ;
#4161 = VERTEX_POINT ( 'NONE', #7388 ) ;
#4162 = ORIENTED_EDGE ( 'NONE', *, *, #7333, .T. ) ;
#4163 = DIRECTION ( 'NONE',  ( -0.7071067811865464625, 0.7071067811865486830, 0.000000000000000000 ) ) ;
#4164 = ADVANCED_FACE ( 'NONE', ( #1892 ), #1265, .T. ) ;
#4165 = ORIENTED_EDGE ( 'NONE', *, *, #1691, .T. ) ;
#4166 = VERTEX_POINT ( 'NONE', #8023 ) ;
#4167 = LINE ( 'NONE', #663, #4775 ) ;
#4168 = DIRECTION ( 'NONE',  ( 0.5558414053436461222, 0.6155134058435935973, 0.5587339074482774448 ) ) ;
#4169 = CARTESIAN_POINT ( 'NONE',  ( 1.240806850964650154, 6.150000000000000355, 7.720995767781364094 ) ) ;
#4170 = ORIENTED_EDGE ( 'NONE', *, *, #7016, .T. ) ;
#4171 = CARTESIAN_POINT ( 'NONE',  ( 1.614388704181360046, 6.149949307121489461, 11.06500733321239949 ) ) ;
#4172 = DIRECTION ( 'NONE',  ( 0.000000000000000000, -0.7071067811865482389, -0.7071067811865466846 ) ) ;
#4173 = VECTOR ( 'NONE', #4560, 1000.000000000000000 ) ;
#4174 = ORIENTED_EDGE ( 'NONE', *, *, #719, .F. ) ;
#4175 = CIRCLE ( 'NONE', #5047, 0.09999999999999982514 ) ;
#4176 = DIRECTION ( 'NONE',  ( 0.000000000000000000, 0.000000000000000000, -1.000000000000000000 ) ) ;
#4177 = ORIENTED_EDGE ( 'NONE', *, *, #8121, .T. ) ;
#4178 = CARTESIAN_POINT ( 'NONE',  ( 0.8583108971288719857, 6.149950000282250251, 9.426433564873539339 ) ) ;
#4179 = EDGE_CURVE ( 'NONE', #1241, #3252, #8154, .T. ) ;
#4180 = AXIS2_PLACEMENT_3D ( 'NONE', #3634, #1525, #8417 ) ;
#4181 = DIRECTION ( 'NONE',  ( -0.000000000000000000, 1.000000000000000000, 0.000000000000000000 ) ) ;
#4182 = B_SPLINE_CURVE_WITH_KNOTS ( 'NONE', 3,
 ( #2, #8250, #2073, #3256, #4818, #7566, #6673, #504, #2977, #5721, #93, #5043 ),
 .UNSPECIFIED., .F., .F.,
 ( 4, 1, 1, 1, 1, 2, 2, 4 ),
 ( 0.000000000000000000, 0.2500000000000577871, 0.3750000000000869305, 0.4375000000000985323, 0.4687500000001039724, 0.4843750000001048051, 0.5000000000001055822, 1.000000000000000000 ),
 .UNSPECIFIED. ) ;
#4183 = CARTESIAN_POINT ( 'NONE',  ( 0.1093513136794850016, 0.1499999999999999944, 0.5999999999999999778 ) ) ;
#4184 = ORIENTED_EDGE ( 'NONE', *, *, #5918, .T. ) ;
#4185 = ORIENTED_EDGE ( 'NONE', *, *, #8791, .F. ) ;
#4186 = CARTESIAN_POINT ( 'NONE',  ( 0.8963984179557320520, 6.150000000000000355, 11.51962646478420105 ) ) ;
#4187 = VERTEX_POINT ( 'NONE', #6666 ) ;
#4188 = CARTESIAN_POINT ( 'NONE',  ( 1.326323407303056756, 6.150000000000000355, 6.967208722358846806 ) ) ;
#4189 = VECTOR ( 'NONE', #8832, 1000.000000000000000 ) ;
#4190 = ADVANCED_FACE ( 'NONE', ( #499 ), #5271, .F. ) ;
#4191 = DIRECTION ( 'NONE',  ( -1.000000000000000000, 0.000000000000000000, 0.000000000000000000 ) ) ;
#4192 = B_SPLINE_CURVE_WITH_KNOTS ( 'NONE', 3,
 ( #3174, #8128, #4694, #4516 ),
 .UNSPECIFIED., .F., .F.,
 ( 4, 4 ),
 ( 0.000000000000000000, 1.000000000000000000 ),
 .UNSPECIFIED. ) ;
#4193 = CARTESIAN_POINT ( 'NONE',  ( -1.969594650744463049, 3.120710678118653991, 18.52928932188134326 ) ) ;
#4194 = LINE ( 'NONE', #8143, #3519 ) ;
#4195 = ORIENTED_EDGE ( 'NONE', *, *, #3775, .T. ) ;
#4196 = CARTESIAN_POINT ( 'NONE',  ( 1.254583188285010253, 6.150000000000000355, 7.023701415154793182 ) ) ;
#4197 = AXIS2_PLACEMENT_3D ( 'NONE', #5955, #8725, #1777 ) ;
#4198 = ORIENTED_EDGE ( 'NONE', *, *, #2104, .F. ) ;
#4199 = CARTESIAN_POINT ( 'NONE',  ( 1.000000000000000000, 3.050000000000000266, 0.2999999999999999889 ) ) ;
#4200 = LINE ( 'NONE', #2807, #1003 ) ;
#4201 = DIRECTION ( 'NONE',  ( 0.000000000000000000, 0.000000000000000000, -1.000000000000000000 ) ) ;
#4202 = B_SPLINE_CURVE_WITH_KNOTS ( 'NONE', 3,
 ( #82, #6876, #2784, #760, #3501, #7598, #8420, #7556 ),
 .UNSPECIFIED., .F., .F.,
 ( 4, 2, 2, 4 ),
 ( 0.000000000000000000, 0.5000000000000079936, 0.7500000000000039968, 1.000000000000000000 ),
 .UNSPECIFIED. ) ;
#4203 = CARTESIAN_POINT ( 'NONE',  ( -0.3250000000000000111, -3.449999999999999734, -3.449999999999999734 ) ) ;
#4204 = CARTESIAN_POINT ( 'NONE',  ( 1.776124605323756267, 6.149999999999999467, 11.03754969211539638 ) ) ;
#4205 = EDGE_CURVE ( 'NONE', #2625, #6000, #2612, .T. ) ;
#4206 = EDGE_CURVE ( 'NONE', #5831, #6276, #6292, .T. ) ;
#4207 = DIRECTION ( 'NONE',  ( 0.000000000000000000, -0.7998893862965784640, 0.6001474566221894902 ) ) ;
#4208 = VERTEX_POINT ( 'NONE', #7431 ) ;
#4209 = EDGE_CURVE ( 'NONE', #3399, #2830, #5154, .T. ) ;
#4210 = VERTEX_POINT ( 'NONE', #2653 ) ;
#4211 = SPHERICAL_SURFACE ( 'NONE', #2433, 0.2000000000000000111 ) ;
#4212 = EDGE_CURVE ( 'NONE', #4386, #1870, #1978, .T. ) ;
#4213 = ORIENTED_EDGE ( 'NONE', *, *, #6518, .F. ) ;
#4214 = ORIENTED_EDGE ( 'NONE', *, *, #5796, .T. ) ;
#4215 = ORIENTED_EDGE ( 'NONE', *, *, #7966, .T. ) ;
#4216 = UNCERTAINTY_MEASURE_WITH_UNIT (LENGTH_MEASURE( 1.000000000000000082E-05 ), #8158, 'distance_accuracy_value', 'NONE');
#4217 = CARTESIAN_POINT ( 'NONE',  ( 1.131406525185360001, 6.149899998944220236, 7.128216350724679629 ) ) ;
#4218 = B_SPLINE_CURVE_WITH_KNOTS ( 'NONE', 3,
 ( #324, #3072, #7751, #2210 ),
 .UNSPECIFIED., .F., .F.,
 ( 4, 4 ),
 ( 0.000000000000000000, 1.000000000000000000 ),
 .UNSPECIFIED. ) ;
#4219 = CARTESIAN_POINT ( 'NONE',  ( 1.909351313647939863, 2.752070754658749951, 11.29999999999999893 ) ) ;
#4220 = CARTESIAN_POINT ( 'NONE',  ( -0.5717042083878783876, 5.208578643762690419, 15.10000000000000142 ) ) ;
#4221 = ORIENTED_EDGE ( 'NONE', *, *, #1195, .T. ) ;
#4222 = AXIS2_PLACEMENT_3D ( 'NONE', #6195, #6960, #2915 ) ;
#4223 = CARTESIAN_POINT ( 'NONE',  ( 0.8518279148604700479, 6.150000000000000355, 8.975866297219530665 ) ) ;
#4224 = DIRECTION ( 'NONE',  ( 0.000000000000000000, 0.7071067811865344721, 0.7071067811865605623 ) ) ;
#4225 = ORIENTED_EDGE ( 'NONE', *, *, #5916, .T. ) ;
#4226 = DIRECTION ( 'NONE',  ( 1.000000000000000000, 0.000000000000000000, 0.000000000000000000 ) ) ;
#4227 = ORIENTED_EDGE ( 'NONE', *, *, #8636, .T. ) ;
#4228 = ITEM_DEFINED_TRANSFORMATION ( 'NONE', 'NONE', #4327,  #7203 ) ;
#4229 = CIRCLE ( 'NONE', #1360, 0.09999999999999982514 ) ;
#4230 = DIRECTION ( 'NONE',  ( 0.000000000000000000, 0.000000000000000000, -1.000000000000000000 ) ) ;
#4231 = DIRECTION ( 'NONE',  ( -2.081668171172169746E-16, 0.000000000000000000, -1.000000000000000000 ) ) ;
#4232 = VERTEX_POINT ( 'NONE', #7063 ) ;
#4233 = ORIENTED_EDGE ( 'NONE', *, *, #1908, .T. ) ;
#4234 = PLANE ( 'NONE',  #1992 ) ;
#4235 = ORIENTED_EDGE ( 'NONE', *, *, #8461, .F. ) ;
#4236 = DIRECTION ( 'NONE',  ( 0.000000000000000000, 1.000000000000000000, 0.000000000000000000 ) ) ;
#4237 = CARTESIAN_POINT ( 'NONE',  ( 1.152476217557649951, 6.150000000000000355, 10.37213860327680059 ) ) ;
#4238 = PLANE ( 'NONE',  #5357 ) ;
#4239 = CARTESIAN_POINT ( 'NONE',  ( 1.652746349269416770, 6.150000000000000355, 11.38510458271479919 ) ) ;
#4240 = VECTOR ( 'NONE', #1286, 1000.000000000000000 ) ;
#4241 = VERTEX_POINT ( 'NONE', #8880 ) ;
#4242 = CARTESIAN_POINT ( 'NONE',  ( 1.444210419635800102, 6.149950000282250251, 6.950744711127149422 ) ) ;
#4244 = ORIENTED_EDGE ( 'NONE', *, *, #5693, .T. ) ;
#4243 = EDGE_CURVE ( 'NONE', #4311, #8114, #4042, .T. ) ;
#4245 = CARTESIAN_POINT ( 'NONE',  ( 1.909351313647939863, 2.752070754658749951, 7.049999999999999822 ) ) ;
#4246 = CYLINDRICAL_SURFACE ( 'NONE', #7192, 0.09999999999999951983 ) ;
#4247 = DIRECTION ( 'NONE',  ( 0.000000000000000000, 0.7071067811865474617, 0.7071067811865474617 ) ) ;
#4248 = CARTESIAN_POINT ( 'NONE',  ( -0.3151414260752870011, 5.208578643762690419, 3.058578643762690508 ) ) ;
#4249 = AXIS2_PLACEMENT_3D ( 'NONE', #3299, #4010, #4732 ) ;
#4250 = CARTESIAN_POINT ( 'NONE',  ( -1.940823017527810057, 3.060162171588010072, 0.000000000000000000 ) ) ;
#4251 = CARTESIAN_POINT ( 'NONE',  ( 1.809688545017020145, 6.149950000282250251, 7.099042930516869632 ) ) ;
#4252 = EDGE_LOOP ( 'NONE', ( #4619, #6676, #5470, #5291 ) ) ;
#4253 = ADVANCED_FACE ( 'NONE', ( #6025 ), #6868, .F. ) ;
#4254 = ORIENTED_EDGE ( 'NONE', *, *, #5634, .T. ) ;
#4255 = CIRCLE ( 'NONE', #8434, 0.1000000000000002554 ) ;
#4256 = ORIENTED_EDGE ( 'NONE', *, *, #4092, .T. ) ;
#4257 = ORIENTED_EDGE ( 'NONE', *, *, #6030, .T. ) ;
#4258 = VERTEX_POINT ( 'NONE', #1850 ) ;
#4259 = CARTESIAN_POINT ( 'NONE',  ( 2.449999999999999734, 3.250000000000000000, 19.09999999999999787 ) ) ;
#4260 = CARTESIAN_POINT ( 'NONE',  ( 1.293481081895430096, 6.150000000000000355, 6.993694468655320406 ) ) ;
#4261 = LINE ( 'NONE', #4220, #4904 ) ;
#4262 = ORIENTED_EDGE ( 'NONE', *, *, #7302, .F. ) ;
#4263 = LINE ( 'NONE', #1576, #8877 ) ;
#4264 = FACE_OUTER_BOUND ( 'NONE', #1719, .T. ) ;
#4265 = VERTEX_POINT ( 'NONE', #5983 ) ;
#4266 = PLANE ( 'NONE',  #2709 ) ;
#4267 = ORIENTED_EDGE ( 'NONE', *, *, #4521, .T. ) ;
#4268 = PLANE ( 'NONE',  #5952 ) ;
#4269 = VERTEX_POINT ( 'NONE', #4594 ) ;
#4270 = DIRECTION ( 'NONE',  ( 0.000000000000000000, 0.000000000000000000, 1.000000000000000000 ) ) ;
#4271 = VECTOR ( 'NONE', #3667, 1000.000000000000000 ) ;
#4272 = CIRCLE ( 'NONE', #2554, 0.09999999999999985290 ) ;
#4273 = CARTESIAN_POINT ( 'NONE',  ( -0.08125000000000000278, -6.893693973998397340, -0.01522409349774282022 ) ) ;
#4274 = FACE_OUTER_BOUND ( 'NONE', #1285, .T. ) ;
#4275 = ORIENTED_EDGE ( 'NONE', *, *, #7721, .T. ) ;
#4276 = DIRECTION ( 'NONE',  ( -0.7071067811865489050, 0.000000000000000000, -0.7071067811865461294 ) ) ;
#4277 = ORIENTED_EDGE ( 'NONE', *, *, #8899, .F. ) ;
#4278 = CARTESIAN_POINT ( 'NONE',  ( -1.275000000000000133, 3.179289321881344943, 0.02928932188134530587 ) ) ;
#4279 = VECTOR ( 'NONE', #983, 1000.000000000000000 ) ;
#4280 = AXIS2_PLACEMENT_3D ( 'NONE', #3219, #3171, #5862 ) ;
#4281 = CARTESIAN_POINT ( 'NONE',  ( 5.551115123125779744E-16, 0.6879400221447089514, 0.5999999999999999778 ) ) ;
#4282 = LINE ( 'NONE', #4329, #7381 ) ;
#4283 = DIRECTION ( 'NONE',  ( 0.7071067811865491270, 0.000000000000000000, -0.7071067811865457964 ) ) ;
#4284 = MECHANICAL_DESIGN_GEOMETRIC_PRESENTATION_REPRESENTATION (  '', ( #5588 ), #6147 ) ;
#4285 = AXIS2_PLACEMENT_3D ( 'NONE', #8839, #6382, #4176 ) ;
#4286 = ORIENTED_EDGE ( 'NONE', *, *, #3551, .F. ) ;
#4287 = LINE ( 'NONE', #7041, #544 ) ;
#4288 = ORIENTED_EDGE ( 'NONE', *, *, #6412, .F. ) ;
#4289 = DIRECTION ( 'NONE',  ( 0.7071067811865594521, 0.000000000000000000, -0.7071067811865355823 ) ) ;
#4290 = CARTESIAN_POINT ( 'NONE',  ( -0.3250000000000000111, -7.900000000000000355, 5.200000000000000178 ) ) ;
#4291 = FACE_OUTER_BOUND ( 'NONE', #1549, .T. ) ;
#4292 = CIRCLE ( 'NONE', #5447, 0.09999999999999982514 ) ;
#4293 = CARTESIAN_POINT ( 'NONE',  ( 1.654177485203540687, 6.149999999999999467, 7.336338000638901846 ) ) ;
#4294 = EDGE_CURVE ( 'NONE', #4572, #5513, #5435, .T. ) ;
#4295 = FACE_OUTER_BOUND ( 'NONE', #536, .T. ) ;
#4296 = CARTESIAN_POINT ( 'NONE',  ( 1.257014306635649836, 6.149899999999999700, 11.27651462971900109 ) ) ;
#4297 = VERTEX_POINT ( 'NONE', #6068 ) ;
#4298 = EDGE_LOOP ( 'NONE', ( #2202, #1008, #4771, #924 ) ) ;
#4299 = ORIENTED_EDGE ( 'NONE', *, *, #5020, .T. ) ;
#4300 = VERTEX_POINT ( 'NONE', #625 ) ;
#4301 = ORIENTED_EDGE ( 'NONE', *, *, #6999, .T. ) ;
#4302 = AXIS2_PLACEMENT_3D ( 'NONE', #6049, #2676, #7494 ) ;
#4303 = DIRECTION ( 'NONE',  ( -1.000000000000000000, 0.000000000000000000, 0.000000000000000000 ) ) ;
#4304 = CARTESIAN_POINT ( 'NONE',  ( -0.6000000000320139248, -6.150000000000000355, 18.10000000003200071 ) ) ;
#4305 = EDGE_LOOP ( 'NONE', ( #2803, #5704, #6770, #7942 ) ) ;
#4306 = CARTESIAN_POINT ( 'NONE',  ( 1.363983514064309954, 6.150000000000000355, 8.079593998612820016 ) ) ;
#4307 = CARTESIAN_POINT ( 'NONE',  ( -2.520710678118654791, 3.179289321881345387, 19.00000000000000000 ) ) ;
#4308 = ORIENTED_EDGE ( 'NONE', *, *, #908, .T. ) ;
#4309 = EDGE_CURVE ( 'NONE', #3557, #6660, #5443, .T. ) ;
#4310 = DIRECTION ( 'NONE',  ( 0.000000000000000000, -1.000000000000000000, 0.000000000000000000 ) ) ;
#4311 = VERTEX_POINT ( 'NONE', #8200 ) ;
#4312 = PLANE ( 'NONE',  #7826 ) ;
#4313 = APPLICATION_PROTOCOL_DEFINITION ( 'draft international standard', 'automotive_design', 1998, #2974 ) ;
#4314 = VERTEX_POINT ( 'NONE', #4770 ) ;
#4315 = CARTESIAN_POINT ( 'NONE',  ( 2.449999999999999734, 3.250000000000000000, 0.000000000000000000 ) ) ;
#4316 = DIRECTION ( 'NONE',  ( 0.000000000000000000, 0.7071067811865481278, 0.7071067811865467956 ) ) ;
#4317 = EDGE_CURVE ( 'NONE', #7658, #569, #7344, .T. ) ;
#4318 = AXIS2_PLACEMENT_3D ( 'NONE', #2711, #8849, #6932 ) ;
#4319 = CARTESIAN_POINT ( 'NONE',  ( -1.029289321881343477, 3.120710678118653991, 18.52928932188134326 ) ) ;
#4320 = ADVANCED_FACE ( 'NONE', ( #8116 ), #3408, .F. ) ;
#4321 = ORIENTED_EDGE ( 'NONE', *, *, #2267, .T. ) ;
#4322 = EDGE_CURVE ( 'NONE', #7991, #1403, #1174, .T. ) ;
#4323 = EDGE_CURVE ( 'NONE', #2387, #1241, #6380, .T. ) ;
#4324 = EDGE_CURVE ( 'NONE', #8643, #1251, #4131, .T. ) ;
#4325 = CYLINDRICAL_SURFACE ( 'NONE', #3708, 0.09999999999999996392 ) ;
#4326 = LINE ( 'NONE', #5133, #2019 ) ;
#4327 = AXIS2_PLACEMENT_3D ( 'NONE', #2023, #1395, #4052 ) ;
#4328 = DIRECTION ( 'NONE',  ( -1.000000000000000000, 0.000000000000000000, 0.000000000000000000 ) ) ;
#4329 = CARTESIAN_POINT ( 'NONE',  ( 0.009351313679485179914, -1.425000000000000044, 0.6999999999999999556 ) ) ;
#4330 = LINE ( 'NONE', #1092, #6693 ) ;
#4331 = ORIENTED_EDGE ( 'NONE', *, *, #6460, .F. ) ;
#4332 = FACE_OUTER_BOUND ( 'NONE', #2000, .T. ) ;
#4333 = VERTEX_POINT ( 'NONE', #3544 ) ;
#4334 = CARTESIAN_POINT ( 'NONE',  ( -0.5717042083878813852, 6.150000000000000355, 6.941421356237309048 ) ) ;
#4335 = CARTESIAN_POINT ( 'NONE',  ( -0.6302828521505690063, 5.349999999999999645, 15.10000000000000142 ) ) ;
#4336 = AXIS2_PLACEMENT_3D ( 'NONE', #8123, #6838, #2704 ) ;
#4337 = VECTOR ( 'NONE', #2047, 1000.000000000000000 ) ;
#4338 = DIRECTION ( 'NONE',  ( -0.5773502691896243988, -0.5773502691896243988, 0.5773502691896287287 ) ) ;
#4339 = SPHERICAL_SURFACE ( 'NONE', #4947, 0.2000000000000000111 ) ;
#4340 = DIRECTION ( 'NONE',  ( -1.000000000000000000, 0.000000000000000000, 0.000000000000000000 ) ) ;
#4341 = FACE_OUTER_BOUND ( 'NONE', #1384, .T. ) ;
#4342 = COLOUR_RGB ( '',0.7490196078431372584, 0.7490196078431372584, 0.7490196078431372584 ) ;
#4343 = ORIENTED_EDGE ( 'NONE', *, *, #480, .F. ) ;
#4344 = VERTEX_POINT ( 'NONE', #2740 ) ;
#4345 = ORIENTED_EDGE ( 'NONE', *, *, #6115, .F. ) ;
#4346 = EDGE_LOOP ( 'NONE', ( #5385, #3043, #5609, #1597, #7051, #1619 ) ) ;
#4347 = ORIENTED_EDGE ( 'NONE', *, *, #170, .T. ) ;
#4348 = DIRECTION ( 'NONE',  ( -0.1016217158801569903, 0.9948231133531089121, 0.000000000000000000 ) ) ;
#4349 = CARTESIAN_POINT ( 'NONE',  ( 1.340479446723970014, -2.816885416281170063, 0.5999999999999999778 ) ) ;
#4350 = DIRECTION ( 'NONE',  ( 0.7034461695330935793, 0.07185740441467106110, -0.7071067811865505703 ) ) ;
#4351 = ORIENTED_EDGE ( 'NONE', *, *, #8268, .F. ) ;
#4352 = DIRECTION ( 'NONE',  ( -1.000000000000000000, 0.000000000000000000, 0.000000000000000000 ) ) ;
#4353 = ORIENTED_EDGE ( 'NONE', *, *, #7169, .T. ) ;
#4354 = CARTESIAN_POINT ( 'NONE',  ( 1.804015935532160331, 6.150000000000000355, 8.607199075464844640 ) ) ;
#4355 = EDGE_LOOP ( 'NONE', ( #7647, #2236, #1881, #3895 ) ) ;
#4356 = EDGE_CURVE ( 'NONE', #6762, #758, #5481, .T. ) ;
#4357 = CARTESIAN_POINT ( 'NONE',  ( 1.163906823257915724, 6.150000000000001243, 7.622665869205485834 ) ) ;
#4358 = CARTESIAN_POINT ( 'NONE',  ( 1.234053744435066990, 6.150000000000000355, 7.568248772192530005 ) ) ;
#4359 = VERTEX_POINT ( 'NONE', #4307 ) ;
#4360 = ADVANCED_FACE ( 'NONE', ( #4264 ), #1531, .T. ) ;
#4361 = DIRECTION ( 'NONE',  ( -1.000000000000000000, 0.000000000000000000, 0.000000000000000000 ) ) ;
#4362 = DIRECTION ( 'NONE',  ( 0.000000000000000000, 0.000000000000000000, -1.000000000000000000 ) ) ;
#4363 = VERTEX_POINT ( 'NONE', #5665 ) ;
#4364 = DIRECTION ( 'NONE',  ( 0.000000000000000000, 0.000000000000000000, 1.000000000000000000 ) ) ;
#4365 = VECTOR ( 'NONE', #3360, 1000.000000000000000 ) ;
#4366 = DIRECTION ( 'NONE',  ( 0.000000000000000000, 0.000000000000000000, -1.000000000000000000 ) ) ;
#4367 = EDGE_CURVE ( 'NONE', #5191, #1755, #8242, .T. ) ;
#4368 = ADVANCED_FACE ( 'NONE', ( #6330 ), #2920, .T. ) ;
#4369 = ADVANCED_FACE ( 'NONE', ( #844 ), #6919, .F. ) ;
#4370 = DIRECTION ( 'NONE',  ( 0.000000000000000000, -0.7071067811865470176, 0.7071067811865480168 ) ) ;
#4371 = CARTESIAN_POINT ( 'NONE',  ( 1.152476217557649951, 6.149899999999999700, 11.19142548744630083 ) ) ;
#4372 = DIRECTION ( 'NONE',  ( 9.251858538542969855E-16, -1.000000000000000000, 0.000000000000000000 ) ) ;
#4373 = VERTEX_POINT ( 'NONE', #7062 ) ;
#4374 = DIRECTION ( 'NONE',  ( 0.000000000000000000, -0.3826834323650923908, 0.9238795325112856283 ) ) ;
#4375 = CARTESIAN_POINT ( 'NONE',  ( 1.135728513364286929, 6.150000000000000355, 9.227892232903698755 ) ) ;
#4376 = ORIENTED_EDGE ( 'NONE', *, *, #2975, .T. ) ;
#4377 = DIRECTION ( 'NONE',  ( -1.000000000000000000, 0.000000000000000000, 0.000000000000000000 ) ) ;
#4378 = LINE ( 'NONE', #5783, #2482 ) ;
#4379 = FACE_OUTER_BOUND ( 'NONE', #4637, .T. ) ;
#4380 = AXIS2_PLACEMENT_3D ( 'NONE', #529, #3194, #3860 ) ;
#4381 = FACE_OUTER_BOUND ( 'NONE', #4575, .T. ) ;
#4382 = DIRECTION ( 'NONE',  ( 0.000000000000000000, 0.000000000000000000, 1.000000000000000000 ) ) ;
#4383 = ORIENTED_EDGE ( 'NONE', *, *, #7712, .F. ) ;
#4384 = ORIENTED_EDGE ( 'NONE', *, *, #7414, .F. ) ;
#4385 = B_SPLINE_CURVE_WITH_KNOTS ( 'NONE', 3,
 ( #8505, #437, #3857, #3763, #7869, #5706, #930, #2419, #7917 ),
 .UNSPECIFIED., .F., .F.,
 ( 4, 1, 2, 2, 4 ),
 ( 0.000000000000000000, 0.2500000000000212053, 0.3750000000000192624, 0.5000000000000173195, 1.000000000000000000 ),
 .UNSPECIFIED. ) ;
#4386 = VERTEX_POINT ( 'NONE', #3455 ) ;
#4387 = ORIENTED_EDGE ( 'NONE', *, *, #6988, .T. ) ;
#4388 = ORIENTED_EDGE ( 'NONE', *, *, #7965, .T. ) ;
#4389 = UNCERTAINTY_MEASURE_WITH_UNIT (LENGTH_MEASURE( 1.000000000000000082E-05 ), #5942, 'distance_accuracy_value', 'NONE');
#4390 = CIRCLE ( 'NONE', #944, 0.1000000000000000056 ) ;
#4391 = CIRCLE ( 'NONE', #2958, 0.1000000000000001582 ) ;
#4392 = CARTESIAN_POINT ( 'NONE',  ( -1.275000000000000133, 3.050000000000000266, 0.5999999999999999778 ) ) ;
#4393 = CARTESIAN_POINT ( 'NONE',  ( 0.6302828521505690063, 6.150000000000000355, 15.90000000000000036 ) ) ;
#4394 = CYLINDRICAL_SURFACE ( 'NONE', #6933, 0.09999999999999951983 ) ;
#4395 = ORIENTED_EDGE ( 'NONE', *, *, #1454, .F. ) ;
#4396 = DIRECTION ( 'NONE',  ( -0.5773502691896235106, -0.5773502691896278405, -0.5773502691896260641 ) ) ;
#4397 = LINE ( 'NONE', #6477, #1281 ) ;
#4398 = ORIENTED_EDGE ( 'NONE', *, *, #687, .T. ) ;
#4399 = FACE_OUTER_BOUND ( 'NONE', #4608, .T. ) ;
#4400 = ORIENTED_EDGE ( 'NONE', *, *, #2928, .T. ) ;
#4401 = LINE ( 'NONE', #5715, #2908 ) ;
#4402 = LINE ( 'NONE', #5890, #1926 ) ;
#4403 = ORIENTED_EDGE ( 'NONE', *, *, #5131, .T. ) ;
#4404 = DIRECTION ( 'NONE',  ( 0.000000000000000000, 0.000000000000000000, -1.000000000000000000 ) ) ;
#4405 = EDGE_CURVE ( 'NONE', #5032, #3514, #4202, .T. ) ;
#4406 = CARTESIAN_POINT ( 'NONE',  ( 2.445897849675559677, 3.084370747208040164, 7.043907676663629935 ) ) ;
#4407 = DIRECTION ( 'NONE',  ( 0.000000000000000000, 0.000000000000000000, -1.000000000000000000 ) ) ;
#4408 = ORIENTED_EDGE ( 'NONE', *, *, #251, .T. ) ;
#4409 = CARTESIAN_POINT ( 'NONE',  ( -2.008833624983249688, 2.741908583070740146, 11.29999999999999893 ) ) ;
#4410 = CARTESIAN_POINT ( 'NONE',  ( 1.806666529845019742, 6.150000000000001243, 9.901992724978750715 ) ) ;
#4411 = CIRCLE ( 'NONE', #4708, 0.09999999999999921452 ) ;
#4412 = FACE_OUTER_BOUND ( 'NONE', #4252, .T. ) ;
#4413 = CARTESIAN_POINT ( 'NONE',  ( 0.3250000000000000111, -7.900000000000000355, 0.000000000000000000 ) ) ;
#4414 = LINE ( 'NONE', #2441, #5678 ) ;
#4415 = ORIENTED_EDGE ( 'NONE', *, *, #4128, .T. ) ;
#4416 = DIRECTION ( 'NONE',  ( 0.000000000000000000, 0.000000000000000000, -1.000000000000000000 ) ) ;
#4417 = B_SPLINE_CURVE_WITH_KNOTS ( 'NONE', 3,
 ( #2407, #5146, #6361, #7899 ),
 .UNSPECIFIED., .F., .F.,
 ( 4, 4 ),
 ( 0.000000000000000000, 1.000000000000000000 ),
 .UNSPECIFIED. ) ;
#4418 = CARTESIAN_POINT ( 'NONE',  ( 1.862135959749624536, 6.150000000000001243, 11.13029629443096269 ) ) ;
#4419 = CIRCLE ( 'NONE', #1842, 0.1999999999999987899 ) ;
#4420 = VERTEX_POINT ( 'NONE', #2247 ) ;
#4421 = AXIS2_PLACEMENT_3D ( 'NONE', #8535, #2361, #331 ) ;
#4422 = CARTESIAN_POINT ( 'NONE',  ( -2.449999999999999734, 6.049999999999999822, 0.1000000000000000056 ) ) ;
#4423 = DIRECTION ( 'NONE',  ( 0.000000000000000000, 0.000000000000000000, 1.000000000000000000 ) ) ;
#4424 = EDGE_CURVE ( 'NONE', #4787, #6328, #2825, .T. ) ;
#4425 = SPHERICAL_SURFACE ( 'NONE', #325, 0.1000000000000000056 ) ;
#4426 = PLANE ( 'NONE',  #3084 ) ;
#4427 = CIRCLE ( 'NONE', #4723, 0.2000000000000000389 ) ;
#4428 = AXIS2_PLACEMENT_3D ( 'NONE', #5087, #6979, #1592 ) ;
#4429 = DIRECTION ( 'NONE',  ( 0.000000000000000000, -1.000000000000000000, 0.000000000000000000 ) ) ;
#4430 = CARTESIAN_POINT ( 'NONE',  ( 1.566576709951900126, 6.150000000000000355, 7.915898696335649909 ) ) ;
#4431 = ORIENTED_EDGE ( 'NONE', *, *, #8903, .T. ) ;
#4432 = EDGE_CURVE ( 'NONE', #5130, #6603, #354, .T. ) ;
#4433 = ORIENTED_EDGE ( 'NONE', *, *, #2718, .F. ) ;
#4434 = ADVANCED_FACE ( 'NONE', ( #5619 ), #4852, .F. ) ;
#4435 = ADVANCED_FACE ( 'NONE', ( #5525 ), #2198, .T. ) ;
#4436 = ORIENTED_EDGE ( 'NONE', *, *, #5181, .F. ) ;
#4437 = ORIENTED_EDGE ( 'NONE', *, *, #2173, .F. ) ;
#4438 = EDGE_CURVE ( 'NONE', #6000, #7731, #5222, .T. ) ;
#4439 = VECTOR ( 'NONE', #5304, 1000.000000000000000 ) ;
#4440 = CARTESIAN_POINT ( 'NONE',  ( 2.463517715972200151, 3.131654496794623821, 7.008818295573274071 ) ) ;
#4441 = CARTESIAN_POINT ( 'NONE',  ( -1.940131718096664404, 3.053394713998916821, 18.50000000000000000 ) ) ;
#4442 = CYLINDRICAL_SURFACE ( 'NONE', #7961, 0.1000000000000000333 ) ;
#4443 = ORIENTED_EDGE ( 'NONE', *, *, #6961, .F. ) ;
#4444 = EDGE_CURVE ( 'NONE', #8412, #1111, #2852, .T. ) ;
#4445 = EDGE_CURVE ( 'NONE', #7684, #3100, #8510, .T. ) ;
#4446 = CARTESIAN_POINT ( 'NONE',  ( 1.134648016319550257, 6.150000000000001243, 7.884759642912126054 ) ) ;
#4447 = LINE ( 'NONE', #7198, #2708 ) ;
#4448 = CIRCLE ( 'NONE', #710, 0.1000000000000000056 ) ;
#4449 = VERTEX_POINT ( 'NONE', #7971 ) ;
#4450 = MANIFOLD_SOLID_BREP ( 'Imported1', #852 ) ;
#4451 = PLANE ( 'NONE',  #6128 ) ;
#4452 = ORIENTED_EDGE ( 'NONE', *, *, #4356, .F. ) ;
#4453 = LINE ( 'NONE', #5035, #3082 ) ;
#4454 = CARTESIAN_POINT ( 'NONE',  ( 1.940823017527810057, 3.060162171588010072, 0.5994823113353109356 ) ) ;
#4455 = EDGE_LOOP ( 'NONE', ( #5034, #5695, #5051, #1097 ) ) ;
#4456 = LINE ( 'NONE', #7292, #5476 ) ;
#4457 = CIRCLE ( 'NONE', #281, 0.09999999999999982514 ) ;
#4458 = CARTESIAN_POINT ( 'NONE',  ( 2.443587720086832338, 3.061755794392103880, 7.049999999999998934 ) ) ;
#4459 = PLANE ( 'NONE',  #3566 ) ;
#4460 = ORIENTED_EDGE ( 'NONE', *, *, #2152, .T. ) ;
#4461 = FACE_OUTER_BOUND ( 'NONE', #8545, .T. ) ;
#4462 = B_SPLINE_CURVE_WITH_KNOTS ( 'NONE', 3,
 ( #148, #5734, #1639, #2265 ),
 .UNSPECIFIED., .F., .F.,
 ( 4, 4 ),
 ( 0.000000000000000000, 1.000000000000000000 ),
 .UNSPECIFIED. ) ;
#4463 = EDGE_CURVE ( 'NONE', #5655, #8755, #557, .T. ) ;
#4464 = CARTESIAN_POINT ( 'NONE',  ( 1.672735544596990032, 6.149899999999999700, 11.19142548744630083 ) ) ;
#4465 = CARTESIAN_POINT ( 'NONE',  ( 1.798629941497828622, 6.149999999999997691, 8.491476471429116657 ) ) ;
#4466 = LINE ( 'NONE', #7217, #216 ) ;
#4467 = EDGE_LOOP ( 'NONE', ( #1673, #7060, #1828, #7768, #6727, #1359, #2555 ) ) ;
#4468 = LINE ( 'NONE', #3077, #8477 ) ;
#4469 = CARTESIAN_POINT ( 'NONE',  ( -2.449999999999999734, 6.049999999999999822, 0.1000000000000000056 ) ) ;
#4470 = VERTEX_POINT ( 'NONE', #5074 ) ;
#4471 = AXIS2_PLACEMENT_3D ( 'NONE', #2068, #8205, #7560 ) ;
#4472 = VECTOR ( 'NONE', #4404, 1000.000000000000000 ) ;
#4473 = DIRECTION ( 'NONE',  ( 0.000000000000000000, -1.000000000000000000, 0.000000000000000000 ) ) ;
#4474 = CARTESIAN_POINT ( 'NONE',  ( 1.639510260471430003, 6.149899999999999700, 8.808929503808160533 ) ) ;
#4475 = EDGE_CURVE ( 'NONE', #5589, #3847, #7983, .T. ) ;
#4476 = CYLINDRICAL_SURFACE ( 'NONE', #3624, 0.2000000000000002887 ) ;
#4477 = DIRECTION ( 'NONE',  ( 0.5773502691896256200, -0.5773502691896256200, -0.5773502691896260641 ) ) ;
#4478 = CARTESIAN_POINT ( 'NONE',  ( -1.000000000000000000, 1.500000000000000000, 0.5999999999999999778 ) ) ;
#4479 = AXIS2_PLACEMENT_3D ( 'NONE', #1888, #4636, #3999 ) ;
#4480 = DIRECTION ( 'NONE',  ( 0.000000000000000000, -1.000000000000000000, 0.000000000000000000 ) ) ;
#4481 = EDGE_CURVE ( 'NONE', #2291, #5606, #4397, .T. ) ;
#4482 = ORIENTED_EDGE ( 'NONE', *, *, #5228, .T. ) ;
#4483 = ORIENTED_EDGE ( 'NONE', *, *, #7758, .F. ) ;
#4484 = ORIENTED_EDGE ( 'NONE', *, *, #7612, .T. ) ;
#4485 = ORIENTED_EDGE ( 'NONE', *, *, #3992, .T. ) ;
#4486 = DIRECTION ( 'NONE',  ( 0.000000000000000000, -1.000000000000000000, 0.000000000000000000 ) ) ;
#4487 = EDGE_CURVE ( 'NONE', #6890, #7398, #3769, .T. ) ;
#4488 = ADVANCED_FACE ( 'NONE', ( #7922 ), #8555, .F. ) ;
#4489 = CARTESIAN_POINT ( 'NONE',  ( -0.3250000000000000111, -6.817157287525379417, 0.000000000000000000 ) ) ;
#4490 = VECTOR ( 'NONE', #1655, 1000.000000000000114 ) ;
#4491 = EDGE_CURVE ( 'NONE', #4718, #3399, #3423, .T. ) ;
#4492 = EDGE_CURVE ( 'NONE', #7322, #1663, #4447, .T. ) ;
#4493 = EDGE_CURVE ( 'NONE', #3671, #5629, #6570, .T. ) ;
#4494 = ORIENTED_EDGE ( 'NONE', *, *, #6642, .F. ) ;
#4495 = DIRECTION ( 'NONE',  ( 0.000000000000000000, 0.000000000000000000, 1.000000000000000000 ) ) ;
#4496 = CARTESIAN_POINT ( 'NONE',  ( -0.3250000000000000111, -3.449999999999999734, 3.449999999999999734 ) ) ;
#4497 = ORIENTED_EDGE ( 'NONE', *, *, #8284, .F. ) ;
#4498 = CARTESIAN_POINT ( 'NONE',  ( -0.4302828521505729920, 6.150000000000000355, 3.200000000000000178 ) ) ;
#4499 = ORIENTED_EDGE ( 'NONE', *, *, #8465, .F. ) ;
#4500 = DIRECTION ( 'NONE',  ( 0.000000000000000000, -1.000000000000000000, 0.000000000000000000 ) ) ;
#4501 = LINE ( 'NONE', #3683, #57 ) ;
#4502 = ORIENTED_EDGE ( 'NONE', *, *, #980, .F. ) ;
#4503 = CARTESIAN_POINT ( 'NONE',  ( -1.941243611405530034, 3.060119207697281407, 6.959185737310193076 ) ) ;
#4504 = CARTESIAN_POINT ( 'NONE',  ( -1.982096649352827589, 2.744639779506107935, 7.050000000000000711 ) ) ;
#4505 = CARTESIAN_POINT ( 'NONE',  ( -0.08006199179813981714, 0.1499999999999999944, 0.6707106781186548128 ) ) ;
#4506 = ORIENTED_EDGE ( 'NONE', *, *, #5647, .F. ) ;
#4507 = CARTESIAN_POINT ( 'NONE',  ( 1.782946243159849953, 6.150000000000000355, 10.37943195832879972 ) ) ;
#4508 = LINE ( 'NONE', #186, #8578 ) ;
#4509 = CYLINDRICAL_SURFACE ( 'NONE', #1897, 0.1000000000000007411 ) ;
#4510 = CARTESIAN_POINT ( 'NONE',  ( 2.040305328863119882, 3.149999999999999911, 0.000000000000000000 ) ) ;
#4511 = CIRCLE ( 'NONE', #1068, 0.1999999999999999833 ) ;
#4512 = ORIENTED_EDGE ( 'NONE', *, *, #3438, .F. ) ;
#4513 = CARTESIAN_POINT ( 'NONE',  ( 1.187322247250316876, 6.150000000000000355, 11.27651462971900109 ) ) ;
#4514 = CARTESIAN_POINT ( 'NONE',  ( 1.973283754570961834, 3.124216632767869317, 0.5670215742921581592 ) ) ;
#4515 = ORIENTED_EDGE ( 'NONE', *, *, #3372, .T. ) ;
#4516 = CARTESIAN_POINT ( 'NONE',  ( 1.896398432856900129, 6.149899700486680665, 10.83243034433339957 ) ) ;
#4517 = DIRECTION ( 'NONE',  ( -0.7071067811865344721, 0.000000000000000000, 0.7071067811865605623 ) ) ;
#4518 = PRESENTATION_STYLE_ASSIGNMENT (( #512 ) ) ;
#4519 = CYLINDRICAL_SURFACE ( 'NONE', #5192, 0.1000000000000001443 ) ;
#4520 = AXIS2_PLACEMENT_3D ( 'NONE', #4749, #5250, #3987 ) ;
#4521 = EDGE_CURVE ( 'NONE', #2902, #5191, #5213, .T. ) ;
#4522 = CARTESIAN_POINT ( 'NONE',  ( 0.6000000000174630088, 3.149999999999999911, 1.000000000000000000 ) ) ;
#4523 = CARTESIAN_POINT ( 'NONE',  ( 1.736875136927958696, 6.150000000000000355, 10.14069899445711975 ) ) ;
#4524 = ORIENTED_EDGE ( 'NONE', *, *, #583, .T. ) ;
#4525 = EDGE_CURVE ( 'NONE', #662, #4690, #5030, .T. ) ;
#4526 = ORIENTED_EDGE ( 'NONE', *, *, #860, .F. ) ;
#4527 = CARTESIAN_POINT ( 'NONE',  ( -1.073123889793530905, 3.149999999999999467, 0.5268761102064690727 ) ) ;
#4528 = ORIENTED_EDGE ( 'NONE', *, *, #2763, .T. ) ;
#4529 = ORIENTED_EDGE ( 'NONE', *, *, #2280, .T. ) ;
#4530 = FACE_OUTER_BOUND ( 'NONE', #6017, .T. ) ;
#4531 = LINE ( 'NONE', #2331, #1217 ) ;
#4532 = CIRCLE ( 'NONE', #1508, 0.09999999999999939493 ) ;
#4533 = DIRECTION ( 'NONE',  ( 1.000000000000000000, 0.000000000000000000, 0.000000000000000000 ) ) ;
#4534 = EDGE_CURVE ( 'NONE', #1621, #8274, #3241, .T. ) ;
#4535 = ORIENTED_EDGE ( 'NONE', *, *, #4658, .F. ) ;
#4536 = CARTESIAN_POINT ( 'NONE',  ( -2.520710678118653902, 3.250000000000000000, 0.02928932188134439688 ) ) ;
#4537 = CARTESIAN_POINT ( 'NONE',  ( 1.751553564768480342, 6.150000000000000355, 7.669545370136329865 ) ) ;
#4538 = VECTOR ( 'NONE', #8289, 1000.000000000000000 ) ;
#4539 = ORIENTED_EDGE ( 'NONE', *, *, #1498, .F. ) ;
#4540 = MANIFOLD_SOLID_BREP ( 'Imported1', #4589 ) ;
#4541 = CARTESIAN_POINT ( 'NONE',  ( 1.265931603794756333, 6.149999999999996803, 9.726417574098135788 ) ) ;
#4542 = ORIENTED_EDGE ( 'NONE', *, *, #4980, .F. ) ;
#4543 = DIRECTION ( 'NONE',  ( -4.163336342344339985E-16, 0.000000000000000000, 1.000000000000000000 ) ) ;
#4544 = CARTESIAN_POINT ( 'NONE',  ( -0.009351313679485140015, -4.575000000000000178, 18.50000000000000000 ) ) ;
#4545 = PLANE ( 'NONE',  #5766 ) ;
#4546 = AXIS2_PLACEMENT_3D ( 'NONE', #5313, #6621, #5938 ) ;
#4547 = DIRECTION ( 'NONE',  ( 0.7071067811865484609, -7.494005416219808620E-16, 0.7071067811865464625 ) ) ;
#4548 = DIRECTION ( 'NONE',  ( -0.7071067811865466846, 0.000000000000000000, 0.7071067811865482389 ) ) ;
#4549 = ORIENTED_EDGE ( 'NONE', *, *, #4323, .F. ) ;
#4550 = LINE ( 'NONE', #3162, #5580 ) ;
#4551 = VECTOR ( 'NONE', #7012, 1000.000000000000000 ) ;
#4552 = CARTESIAN_POINT ( 'NONE',  ( -2.040305328863119882, 3.050000000000000266, 12.14999999999999858 ) ) ;
#4553 = CARTESIAN_POINT ( 'NONE',  ( 1.782920792231030394, 6.150000000000000355, 8.452768595851622990 ) ) ;
#4554 = CARTESIAN_POINT ( 'NONE',  ( 1.786907430427612908, 6.150000000000001243, 10.84877784171173509 ) ) ;
#4555 = ADVANCED_FACE ( 'NONE', ( #530 ), #571, .F. ) ;
#4556 = ORIENTED_EDGE ( 'NONE', *, *, #8587, .T. ) ;
#4557 = CARTESIAN_POINT ( 'NONE',  ( 0.3250000000000000111, 7.900000000000000355, 0.000000000000000000 ) ) ;
#4558 = CARTESIAN_POINT ( 'NONE',  ( 1.580353047272260225, 6.149950000282250251, 8.682511349574300041 ) ) ;
#4559 = VERTEX_POINT ( 'NONE', #5387 ) ;
#4560 = DIRECTION ( 'NONE',  ( 0.000000000000000000, 0.000000000000000000, 1.000000000000000000 ) ) ;
#4561 = CARTESIAN_POINT ( 'NONE',  ( 1.131406525185350009, 6.149899998944220236, 9.983970039956201248 ) ) ;
#4562 = VECTOR ( 'NONE', #107, 1000.000000000000000 ) ;
#4563 =( NAMED_UNIT ( * ) PLANE_ANGLE_UNIT ( ) SI_UNIT ( $, .RADIAN. ) );
#4564 = DIRECTION ( 'NONE',  ( 0.000000000000000000, 0.7071067811865474617, 0.7071067811865474617 ) ) ;
#4565 = EDGE_CURVE ( 'NONE', #6369, #3457, #4715, .T. ) ;
#4566 = CARTESIAN_POINT ( 'NONE',  ( 0.4302828521505689952, 5.349999999999999645, 15.90000000000000036 ) ) ;
#4567 = DIRECTION ( 'NONE',  ( -1.000000000000000000, 0.000000000000000000, 0.000000000000000000 ) ) ;
#4568 = ADVANCED_FACE ( 'NONE', ( #3195 ), #4674, .T. ) ;
#4569 = ORIENTED_EDGE ( 'NONE', *, *, #4604, .T. ) ;
#4570 = VECTOR ( 'NONE', #3130, 1000.000000000000000 ) ;
#4571 = VECTOR ( 'NONE', #4822, 1000.000000000000000 ) ;
#4572 = VERTEX_POINT ( 'NONE', #4582 ) ;
#4573 = DIRECTION ( 'NONE',  ( 0.7071067811865467956, 0.000000000000000000, 0.7071067811865481278 ) ) ;
#4574 = ORIENTED_EDGE ( 'NONE', *, *, #4405, .F. ) ;
#4575 = EDGE_LOOP ( 'NONE', ( #5834, #432, #8432, #2577 ) ) ;
#4576 = CARTESIAN_POINT ( 'NONE',  ( 2.775557561562889872E-16, -1.140806805267340129, 19.09999999999999787 ) ) ;
#4577 = VECTOR ( 'NONE', #3637, 1000.000000000000000 ) ;
#4578 = DIRECTION ( 'NONE',  ( 1.000000000000000000, 0.000000000000000000, 0.000000000000000000 ) ) ;
#4579 = DIRECTION ( 'NONE',  ( 0.5773502691896243988, -0.5773502691896243988, 0.5773502691896287287 ) ) ;
#4580 = ORIENTED_EDGE ( 'NONE', *, *, #4916, .T. ) ;
#4581 = LINE ( 'NONE', #5839, #3249 ) ;
#4582 = CARTESIAN_POINT ( 'NONE',  ( -2.452605380715029870, 3.150033945804940227, 12.14999999999999858 ) ) ;
#4583 = VECTOR ( 'NONE', #5122, 1000.000000000000000 ) ;
#4584 = ORIENTED_EDGE ( 'NONE', *, *, #6893, .T. ) ;
#4585 = VERTEX_POINT ( 'NONE', #6782 ) ;
#4586 = DIRECTION ( 'NONE',  ( 0.000000000000000000, 0.000000000000000000, -1.000000000000000000 ) ) ;
#4587 = LINE ( 'NONE', #5438, #7104 ) ;
#4588 = DIRECTION ( 'NONE',  ( 0.000000000000000000, -1.000000000000000000, 0.000000000000000000 ) ) ;
#4589 = CLOSED_SHELL ( 'NONE', ( #8188, #1896, #1287, #2841, #584, #5319, #1444, #8702, #7626, #5728, #6019, #6351, #3173, #2314, #3358, #8572, #4978, #2892, #8573, #6341, #6778, #7515, #5814, #1526, #671, #1378, #8851, #1587, #5103, #6037, #2728, #7108, #7453, #3109, #1113, #2115, #4368, #5349, #6298, #2031, #83, #4435, #6221, #3179, #3664, #4360, #3594, #192, #3764, #6306, #7025, #6934, #2622, #2455, #7676, #89, #2871, #4763, #1341, #3824, #8187, #4046, #3584, #7565, #1397, #3868, #7998, #1852, #7624, #4984, #7294, #1882, #4600, #2353, #7682, #1467, #6139, #6146, #2176, #714, #7911, #2731, #619, #859, #7790, #5488, #3590, #5585, #286, #8679, #25, #2351, #7188, #4190, #5145, #1834, #1302, #7360, #854, #8119, #2507, #5120, #402, #8750, #593, #2055, #4766, #5502, #1255, #1410, #5576, #4687, #3628, #7707, #8236, #6421, #2036, #3381, #8801, #3547, #7954, #1138, #3545, #2384, #2041, #7967, #2099, #6846, #752, #6687, #2233, #3879, #4156, #88, #3532, #2061, #1523, #3497, #5853, #2701, #8043, #8185, #475, #5425, #3692, #1142, #7447, #3288, #6849, #6075, #8291, #339, #6031, #1662, #4593, #520, #6695, #3291, #1028, #3828, #8519, #1375, #8564, #2349, #6708, #6474, #6455, #1303, #8333, #7506, #1249, #4713, #7518, #5570, #5735, #2935, #6803, #6239, #4745, #8783, #5452, #5923, #4555, #5526, #8722, #46, #6287, #61, #5420, #6434, #8347, #6027, #6300, #7282, #2289, #734, #624, #3507, #1337, #5968, #315, #4568, #2546, #8346, #2456, #5462, #6633, #6640, #4253, #1242, #4434, #3178, #5528, #7666, #5368, #4021, #4320, #1023, #4369, #1586, #6002, #1105, #5227, #6510, #5786, #4099, #6302, #779, #4762, #8300, #4164, #184 ) ) ;
#4590 = ORIENTED_EDGE ( 'NONE', *, *, #4045, .F. ) ;
#4591 = CARTESIAN_POINT ( 'NONE',  ( -0.3250000000000000111, -6.817157287525379417, -0.2000000000000000111 ) ) ;
#4592 =( BOUNDED_CURVE ( )  B_SPLINE_CURVE ( 3, ( #3359, #3401, #2686, #8195 ),
 .UNSPECIFIED., .F., .F. ) 
 B_SPLINE_CURVE_WITH_KNOTS ( ( 4, 4 ),
 ( 4.712388980384694115, 4.814186421570690655 ),
 .UNSPECIFIED. ) 
 CURVE ( )  GEOMETRIC_REPRESENTATION_ITEM ( )  RATIONAL_B_SPLINE_CURVE ( ( 1.000000000000000000, 0.9991366264984998802, 0.9991366264984998802, 1.000000000000000000 ) ) 
 REPRESENTATION_ITEM ( '' )  );
#4593 = ADVANCED_FACE ( 'NONE', ( #7334 ), #3318, .T. ) ;
#4594 = CARTESIAN_POINT ( 'NONE',  ( 1.902881415125299958, 6.149950000000000472, 9.552851719107401607 ) ) ;
#4595 = VERTEX_POINT ( 'NONE', #2557 ) ;
#4596 = B_SPLINE_CURVE_WITH_KNOTS ( 'NONE', 3,
 ( #6637, #6545, #8584, #5908, #960, #3127 ),
 .UNSPECIFIED., .F., .F.,
 ( 4, 2, 4 ),
 ( 0.000000000000000000, 0.5000000000000000000, 1.000000000000000000 ),
 .UNSPECIFIED. ) ;
#4597 = LINE ( 'NONE', #1811, #7313 ) ;
#4598 = SURFACE_STYLE_FILL_AREA ( #7212 ) ;
#4599 = AXIS2_PLACEMENT_3D ( 'NONE', #7315, #1009, #5239 ) ;
#4600 = ADVANCED_FACE ( 'NONE', ( #613 ), #8061, .F. ) ;
#4601 = EDGE_CURVE ( 'NONE', #3047, #3770, #3342, .T. ) ;
#4602 = EDGE_CURVE ( 'NONE', #8351, #8260, #3094, .T. ) ;
#4603 = CARTESIAN_POINT ( 'NONE',  ( 0.1940711901777180115, 0.1499999999999999944, 18.80000000000000071 ) ) ;
#4604 = EDGE_CURVE ( 'NONE', #4297, #4136, #450, .T. ) ;
#4605 = CARTESIAN_POINT ( 'NONE',  ( 1.227650463412596871, 6.149999999999998579, 10.22336157572471471 ) ) ;
#4606 = EDGE_CURVE ( 'NONE', #1294, #4787, #8696, .T. ) ;
#4607 = VERTEX_POINT ( 'NONE', #1515 ) ;
#4608 = EDGE_LOOP ( 'NONE', ( #611, #1272, #4798, #2819, #6210 ) ) ;
#4609 = CARTESIAN_POINT ( 'NONE',  ( 1.736747593832820069, 6.150000000000000355, 9.725553630312306908 ) ) ;
#4610 = DIRECTION ( 'NONE',  ( 0.000000000000000000, 0.000000000000000000, -1.000000000000000000 ) ) ;
#4611 = CYLINDRICAL_SURFACE ( 'NONE', #2414, 0.1000000000000007411 ) ;
#4612 = CARTESIAN_POINT ( 'NONE',  ( 1.883694891013917294, 6.150000000000000355, 8.427357798057576233 ) ) ;
#4613 = CARTESIAN_POINT ( 'NONE',  ( 0.3151414260752840035, 5.349999999999999645, 15.90000000000000036 ) ) ;
#4614 = DIRECTION ( 'NONE',  ( -1.000000000000000000, 0.000000000000000000, 0.000000000000000000 ) ) ;
#4615 = DIRECTION ( 'NONE',  ( 0.000000000000000000, 0.7071067811865583419, -0.7071067811865366926 ) ) ;
#4616 = CARTESIAN_POINT ( 'NONE',  ( -0.6000000000320139248, 3.149999999999999911, 1.000000000000000000 ) ) ;
#4617 = ORIENTED_EDGE ( 'NONE', *, *, #1652, .F. ) ;
#4618 = VECTOR ( 'NONE', #8568, 1000.000000000000000 ) ;
#4619 = ORIENTED_EDGE ( 'NONE', *, *, #1347, .F. ) ;
#4620 = DIRECTION ( 'NONE',  ( 0.000000000000000000, -1.000000000000000000, 0.000000000000000000 ) ) ;
#4621 = EDGE_LOOP ( 'NONE', ( #573, #369, #1741, #7602 ) ) ;
#4622 = VERTEX_POINT ( 'NONE', #4074 ) ;
#4623 = DIRECTION ( 'NONE',  ( -0.1016217158801570042, -0.9948231133531090231, 0.000000000000000000 ) ) ;
#4624 = CARTESIAN_POINT ( 'NONE',  ( 1.294291454678980102, 6.149949536118089810, 7.285428670733460343 ) ) ;
#4625 = VECTOR ( 'NONE', #8793, 1000.000000000000000 ) ;
#4626 = CARTESIAN_POINT ( 'NONE',  ( 1.257014306635659828, 6.150000000000000355, 9.101474078669840040 ) ) ;
#4627 = VERTEX_POINT ( 'NONE', #8915 ) ;
#4628 = LINE ( 'NONE', #1210, #2802 ) ;
#4629 =( LENGTH_UNIT ( ) NAMED_UNIT ( * ) SI_UNIT ( .MILLI., .METRE. ) );
#4630 = VERTEX_POINT ( 'NONE', #751 ) ;
#4631 = EDGE_LOOP ( 'NONE', ( #6345, #8645, #6491, #3309 ) ) ;
#4632 = CARTESIAN_POINT ( 'NONE',  ( 0.6302828521505730031, 6.150000000000000355, 6.049999999999999822 ) ) ;
#4633 = VECTOR ( 'NONE', #901, 1000.000000000000000 ) ;
#4634 = AXIS2_PLACEMENT_3D ( 'NONE', #4026, #608, #5381 ) ;
#4635 = CARTESIAN_POINT ( 'NONE',  ( -0.4302828521505699944, 5.150000000000000355, 12.30000000000000071 ) ) ;
#4636 = DIRECTION ( 'NONE',  ( 0.000000000000000000, 0.000000000000000000, 1.000000000000000000 ) ) ;
#4637 = EDGE_LOOP ( 'NONE', ( #6605, #5472, #5875, #8443 ) ) ;
#4638 = CARTESIAN_POINT ( 'NONE',  ( 2.550000000000000266, 6.049999999999999822, 19.00000000000000000 ) ) ;
#4639 = DIRECTION ( 'NONE',  ( 0.7071067811865426878, 0.000000000000000000, 0.7071067811865523467 ) ) ;
#4640 = ORIENTED_EDGE ( 'NONE', *, *, #7128, .F. ) ;
#4641 = EDGE_CURVE ( 'NONE', #1819, #7111, #8294, .T. ) ;
#4642 = CARTESIAN_POINT ( 'NONE',  ( 0.4302828521505719928, 6.150000000000000355, 6.799999999999999822 ) ) ;
#4643 = B_SPLINE_CURVE_WITH_KNOTS ( 'NONE', 3,
 ( #2360, #7853, #8272, #3446 ),
 .UNSPECIFIED., .F., .F.,
 ( 4, 4 ),
 ( 0.000000000000000000, 1.000000000000000000 ),
 .UNSPECIFIED. ) ;
#4644 = FILL_AREA_STYLE ('',( #3921 ) ) ;
#4645 = AXIS2_PLACEMENT_3D ( 'NONE', #13, #1330, #6726 ) ;
#4646 = B_SPLINE_CURVE_WITH_KNOTS ( 'NONE', 3,
 ( #2648, #4845, #8148, #7593, #6786, #255, #974, #8548, #2241, #5612, #7727, #7818 ),
 .UNSPECIFIED., .F., .F.,
 ( 4, 1, 1, 1, 1, 2, 2, 4 ),
 ( 0.000000000000000000, 0.2499999999999867883, 0.3749999999999801825, 0.4374999999999771849, 0.4687499999999757416, 0.4843749999999749645, 0.4999999999999742428, 1.000000000000000000 ),
 .UNSPECIFIED. ) ;
#4647 =( BOUNDED_CURVE ( )  B_SPLINE_CURVE ( 3, ( #8197, #1975, #1305, #1388 ),
 .UNSPECIFIED., .F., .F. ) 
 B_SPLINE_CURVE_WITH_KNOTS ( ( 4, 4 ),
 ( 1.387778780781450014E-15, 0.7853981633974530530 ),
 .UNSPECIFIED. ) 
 CURVE ( )  GEOMETRIC_REPRESENTATION_ITEM ( )  RATIONAL_B_SPLINE_CURVE ( ( 1.000000000000000000, 0.9492530216741906779, 0.9492530216741906779, 1.000000000000000000 ) ) 
 REPRESENTATION_ITEM ( '' )  );
#4648 = EDGE_CURVE ( 'NONE', #4742, #1880, #6015, .T. ) ;
#4649 = DIRECTION ( 'NONE',  ( -0.01302800923769912092, -0.9999151318863528370, 0.000000000000000000 ) ) ;
#4650 = PLANE ( 'NONE',  #2037 ) ;
#4651 = ORIENTED_EDGE ( 'NONE', *, *, #6731, .F. ) ;
#4652 = ORIENTED_EDGE ( 'NONE', *, *, #6624, .T. ) ;
#4653 = CARTESIAN_POINT ( 'NONE',  ( -0.009351313679485140015, -6.150000000000000355, 18.50000000000000000 ) ) ;
#4654 = DIRECTION ( 'NONE',  ( 1.000000000000000000, 9.251858538542969855E-16, 0.000000000000000000 ) ) ;
#4655 = DIRECTION ( 'NONE',  ( 0.1016217158801569903, -0.9948231133531089121, 0.000000000000000000 ) ) ;
#4656 = CARTESIAN_POINT ( 'NONE',  ( 1.152476217557650173, 6.150000000000000355, 11.42724396745943416 ) ) ;
#4657 = DIRECTION ( 'NONE',  ( 0.000000000000000000, -1.000000000000000000, 0.000000000000000000 ) ) ;
#4658 = EDGE_CURVE ( 'NONE', #7908, #4049, #3698, .T. ) ;
#4659 = CARTESIAN_POINT ( 'NONE',  ( -2.449743797548884050, 3.122020552704816154, 12.08059919646750657 ) ) ;
#4660 = EDGE_CURVE ( 'NONE', #867, #4297, #4000, .T. ) ;
#4661 = CARTESIAN_POINT ( 'NONE',  ( -1.909351313647939863, 2.752070754658749951, 7.049999999999999822 ) ) ;
#4662 = DIRECTION ( 'NONE',  ( 0.7034461695330959108, 0.07185740441467085293, 0.7071067811865485719 ) ) ;
#4663 = EDGE_LOOP ( 'NONE', ( #6602, #8558, #1796, #1528 ) ) ;
#4664 = ORIENTED_EDGE ( 'NONE', *, *, #10, .T. ) ;
#4665 = CARTESIAN_POINT ( 'NONE',  ( 1.902881415125299958, 6.149950000000000472, 9.227892232903698755 ) ) ;
#4666 = CARTESIAN_POINT ( 'NONE',  ( 1.902881415125299958, 6.149950000000000472, 11.38510458271479919 ) ) ;
#4667 = AXIS2_PLACEMENT_3D ( 'NONE', #838, #4848, #7550 ) ;
#4668 = CARTESIAN_POINT ( 'NONE',  ( -0.08125000000000000278, -6.817157287525379417, 0.2000000000000000111 ) ) ;
#4669 = B_SPLINE_CURVE_WITH_KNOTS ( 'NONE', 3,
 ( #653, #1557, #6225, #1376 ),
 .UNSPECIFIED., .F., .F.,
 ( 4, 4 ),
 ( 0.000000000000000000, 1.000000000000000000 ),
 .UNSPECIFIED. ) ;
#4670 = CARTESIAN_POINT ( 'NONE',  ( 1.000000000000000000, 3.050000000000000266, 18.50000000000000000 ) ) ;
#4671 = CARTESIAN_POINT ( 'NONE',  ( 1.896398432856900129, 6.149899700486680665, 10.83243034433339957 ) ) ;
#4672 = ORIENTED_EDGE ( 'NONE', *, *, #3979, .T. ) ;
#4673 = LINE ( 'NONE', #3768, #5251 ) ;
#4674 = PLANE ( 'NONE',  #7173 ) ;
#4675 = VERTEX_POINT ( 'NONE', #117 ) ;
#4676 = ORIENTED_EDGE ( 'NONE', *, *, #3712, .F. ) ;
#4677 = DIRECTION ( 'NONE',  ( -0.8321991386477829433, 0.5544768648319675641, 0.000000000000000000 ) ) ;
#4678 = CARTESIAN_POINT ( 'NONE',  ( 1.919899243579869852, 6.149897924467699895, 7.097422184949770063 ) ) ;
#4679 = DIRECTION ( 'NONE',  ( 0.000000000000000000, -1.000000000000000000, 0.000000000000000000 ) ) ;
#4680 = ORIENTED_EDGE ( 'NONE', *, *, #7024, .F. ) ;
#4681 = VECTOR ( 'NONE', #3835, 1000.000000000000227 ) ;
#4682 = DIRECTION ( 'NONE',  ( 0.000000000000000000, 1.000000000000000000, 0.000000000000000000 ) ) ;
#4683 = CARTESIAN_POINT ( 'NONE',  ( 1.275000000000000133, 6.120710678118653547, 19.07071067811865461 ) ) ;
#4684 = CARTESIAN_POINT ( 'NONE',  ( 2.775557561562889872E-16, -1.140806805267340129, 18.80000000000000071 ) ) ;
#4685 = AXIS2_PLACEMENT_3D ( 'NONE', #7305, #3965, #7436 ) ;
#4686 = AXIS2_PLACEMENT_3D ( 'NONE', #510, #1232, #3341 ) ;
#4687 = ADVANCED_FACE ( 'NONE', ( #3030 ), #4211, .F. ) ;
#4688 = CARTESIAN_POINT ( 'NONE',  ( 1.718926793259379915, 6.149899999999999700, 6.841344385347849943 ) ) ;
#4689 = DIRECTION ( 'NONE',  ( -0.7071067811865446862, 6.938893903907230350E-16, -0.7071067811865502373 ) ) ;
#4690 = VERTEX_POINT ( 'NONE', #1382 ) ;
#4691 = VECTOR ( 'NONE', #1538, 1000.000000000000000 ) ;
#4692 = ORIENTED_EDGE ( 'NONE', *, *, #7883, .T. ) ;
#4693 = FACE_OUTER_BOUND ( 'NONE', #3630, .T. ) ;
#4694 = CARTESIAN_POINT ( 'NONE',  ( 1.858581036291213406, 6.150000000000000355, 10.83243034433339957 ) ) ;
#4695 = CARTESIAN_POINT ( 'NONE',  ( 1.902881415125300180, 6.150000000000000355, 9.143613463414466125 ) ) ;
#4696 =( BOUNDED_CURVE ( )  B_SPLINE_CURVE ( 3, ( #5101, #470, #8585, #5868 ),
 .UNSPECIFIED., .F., .F. ) 
 B_SPLINE_CURVE_WITH_KNOTS ( ( 4, 4 ),
 ( 0.7853981633974610466, 1.570796326794896558 ),
 .UNSPECIFIED. ) 
 CURVE ( )  GEOMETRIC_REPRESENTATION_ITEM ( )  RATIONAL_B_SPLINE_CURVE ( ( 1.000000000000000000, 0.9492530216741927873, 0.9492530216741927873, 1.000000000000000000 ) ) 
 REPRESENTATION_ITEM ( '' )  );
#4697 = CARTESIAN_POINT ( 'NONE',  ( 0.9369170571332520181, 6.149899999999999700, 11.19142548744630083 ) ) ;
#4698 = LINE ( 'NONE', #2759, #3067 ) ;
#4699 = EDGE_LOOP ( 'NONE', ( #2726, #7803, #4033, #1533 ) ) ;
#4700 = EDGE_LOOP ( 'NONE', ( #602, #8202, #5930, #3908, #2918, #4262, #6756, #748, #6532, #5925, #6674, #3991, #3568, #1110, #7569, #6989, #3059 ) ) ;
#4701 = EDGE_CURVE ( 'NONE', #4622, #986, #3719, .T. ) ;
#4702 = DIRECTION ( 'NONE',  ( 0.000000000000000000, 1.000000000000000000, 0.000000000000000000 ) ) ;
#4703 = DIRECTION ( 'NONE',  ( 0.000000000000000000, 1.000000000000000000, 0.000000000000000000 ) ) ;
#4704 = CARTESIAN_POINT ( 'NONE',  ( -2.449999999999999734, 3.250000000000000000, 0.1000000000000000056 ) ) ;
#4705 = FACE_OUTER_BOUND ( 'NONE', #7000, .T. ) ;
#4706 = CARTESIAN_POINT ( 'NONE',  ( 0.3881423803554349683, 0.1499999999999999944, 18.50000000000000000 ) ) ;
#4707 = CARTESIAN_POINT ( 'NONE',  ( -0.3151414260752850027, 5.349999999999999645, 12.09999999999999964 ) ) ;
#4708 = AXIS2_PLACEMENT_3D ( 'NONE', #2045, #2086, #4068 ) ;
#4709 = EDGE_CURVE ( 'NONE', #7296, #3152, #7464, .T. ) ;
#4710 = EDGE_CURVE ( 'NONE', #4585, #4724, #6872, .T. ) ;
#4711 = EDGE_CURVE ( 'NONE', #6254, #3102, #3777, .T. ) ;
#4712 = EDGE_LOOP ( 'NONE', ( #8409, #5409, #3758, #4400, #1626 ) ) ;
#4713 = ADVANCED_FACE ( 'NONE', ( #8534 ), #7633, .F. ) ;
#4714 = DIRECTION ( 'NONE',  ( -0.1016217158801569903, 0.9948231133531089121, 0.000000000000000000 ) ) ;
#4715 = LINE ( 'NONE', #8189, #7742 ) ;
#4716 = EDGE_CURVE ( 'NONE', #3193, #6319, #4643, .T. ) ;
#4717 = ORIENTED_EDGE ( 'NONE', *, *, #1527, .T. ) ;
#4718 = VERTEX_POINT ( 'NONE', #3534 ) ;
#4719 = AXIS2_PLACEMENT_3D ( 'NONE', #1783, #3271, #4573 ) ;
#4720 = AXIS2_PLACEMENT_3D ( 'NONE', #868, #6311, #3613 ) ;
#4721 = CARTESIAN_POINT ( 'NONE',  ( 1.257014306635649836, 6.149899999999999700, 11.27651462971900109 ) ) ;
#4722 = DIRECTION ( 'NONE',  ( 0.5773502691896245098, -0.5773502691896242878, 0.5773502691896286176 ) ) ;
#4723 = AXIS2_PLACEMENT_3D ( 'NONE', #3159, #6490, #1043 ) ;
#4724 = VERTEX_POINT ( 'NONE', #6910 ) ;
#4725 = CIRCLE ( 'NONE', #7168, 0.09999999999999999167 ) ;
#4726 = DIRECTION ( 'NONE',  ( 0.000000000000000000, 1.000000000000000000, 0.000000000000000000 ) ) ;
#4727 = DIRECTION ( 'NONE',  ( 0.000000000000000000, -1.000000000000000000, 0.000000000000000000 ) ) ;
#4728 = EDGE_LOOP ( 'NONE', ( #2421, #6358, #1697, #4506 ) ) ;
#4729 = CARTESIAN_POINT ( 'NONE',  ( 0.4302828521505699944, 5.349999999999999645, 12.30000000000000071 ) ) ;
#4730 = ORIENTED_EDGE ( 'NONE', *, *, #5038, .F. ) ;
#4731 = AXIS2_PLACEMENT_3D ( 'NONE', #8673, #7943, #330 ) ;
#4732 = DIRECTION ( 'NONE',  ( 0.000000000000000000, 0.000000000000000000, 1.000000000000000000 ) ) ;
#4733 = B_SPLINE_CURVE_WITH_KNOTS ( 'NONE', 3,
 ( #1780, #1104, #3846, #6644, #4523, #1868, #473, #3935, #7272, #7905, #6601 ),
 .UNSPECIFIED., .F., .F.,
 ( 4, 1, 1, 1, 2, 2, 4 ),
 ( 0.000000000000000000, 0.2500000000000209277, 0.3750000000000306977, 0.4375000000000321965, 0.4687500000000329181, 0.5000000000000336398, 1.000000000000000000 ),
 .UNSPECIFIED. ) ;
#4734 = CARTESIAN_POINT ( 'NONE',  ( 1.343748443112131596, 6.149999999999999467, 6.841824402770702029 ) ) ;
#4735 = ORIENTED_EDGE ( 'NONE', *, *, #2447, .F. ) ;
#4736 = VERTEX_POINT ( 'NONE', #3398 ) ;
#4737 = CARTESIAN_POINT ( 'NONE',  ( -1.000000000000000000, 1.500000000000000000, 0.5999999999999999778 ) ) ;
#4738 = CARTESIAN_POINT ( 'NONE',  ( 1.152476217557649951, 6.150000000000000355, 10.73113374638960238 ) ) ;
#4739 = CARTESIAN_POINT ( 'NONE',  ( 1.923951107497619883, 6.149899999999999700, 8.573921396578549903 ) ) ;
#4740 = CARTESIAN_POINT ( 'NONE',  ( 1.590141426075280195, 6.150000000000000355, 16.10000000000000142 ) ) ;
#4741 = DIRECTION ( 'NONE',  ( 0.000000000000000000, 0.000000000000000000, -1.000000000000000000 ) ) ;
#4742 = VERTEX_POINT ( 'NONE', #4890 ) ;
#4743 = ORIENTED_EDGE ( 'NONE', *, *, #6036, .T. ) ;
#4744 = LINE ( 'NONE', #6771, #8613 ) ;
#4745 = ADVANCED_FACE ( 'NONE', ( #2865 ), #6189, .F. ) ;
#4746 = FACE_OUTER_BOUND ( 'NONE', #6392, .T. ) ;
#4747 = CARTESIAN_POINT ( 'NONE',  ( 1.639510260471430003, 6.149899999999999700, 8.808929503808160533 ) ) ;
#4748 = CARTESIAN_POINT ( 'NONE',  ( 1.257014306635656276, 6.150000000000000355, 8.964791202511012358 ) ) ;
#4749 = CARTESIAN_POINT ( 'NONE',  ( 0.4302828521505689952, 6.150000000000000355, 15.90000000000000036 ) ) ;
#4750 = EDGE_CURVE ( 'NONE', #6886, #6192, #3490, .T. ) ;
#4751 = FACE_BOUND ( 'NONE', #1668, .T. ) ;
#4752 =( GEOMETRIC_REPRESENTATION_CONTEXT ( 3 ) GLOBAL_UNCERTAINTY_ASSIGNED_CONTEXT ( ( #7639 ) ) GLOBAL_UNIT_ASSIGNED_CONTEXT ( ( #7392, #542, #2617 ) ) REPRESENTATION_CONTEXT ( 'NONE', 'WORKASPACE' ) );
#4753 = ORIENTED_EDGE ( 'NONE', *, *, #8853, .T. ) ;
#4754 = CARTESIAN_POINT ( 'NONE',  ( 2.040305328863119882, 3.149999999999999911, 12.14999999999999858 ) ) ;
#4755 = ORIENTED_EDGE ( 'NONE', *, *, #2926, .T. ) ;
#4756 = ORIENTED_EDGE ( 'NONE', *, *, #7182, .T. ) ;
#4758 = EDGE_CURVE ( 'NONE', #4912, #4813, #3452, .T. ) ;
#4757 = CARTESIAN_POINT ( 'NONE',  ( -1.943184900355285016, 3.083283761372799692, 18.50287957149216211 ) ) ;
#4759 = AXIS2_PLACEMENT_3D ( 'NONE', #7251, #8522, #316 ) ;
#4760 = ADVANCED_BREP_SHAPE_REPRESENTATION ( '', ( #1433, #7203 ), #2741 ) ;
#4761 = CARTESIAN_POINT ( 'NONE',  ( 2.447988444637057004, 3.097913794552473732, 12.06191621196441943 ) ) ;
#4762 = ADVANCED_FACE ( 'NONE', ( #5608 ), #8718, .T. ) ;
#4763 = ADVANCED_FACE ( 'NONE', ( #7309 ), #3123, .F. ) ;
#4764 = EDGE_CURVE ( 'NONE', #4161, #3399, #7263, .T. ) ;
#4765 = DIRECTION ( 'NONE',  ( 0.000000000000000000, 0.000000000000000000, -1.000000000000000000 ) ) ;
#4766 = ADVANCED_FACE ( 'NONE', ( #1728 ), #5234, .F. ) ;
#4767 = ORIENTED_EDGE ( 'NONE', *, *, #1790, .T. ) ;
#4768 = DIRECTION ( 'NONE',  ( -0.000000000000000000, 1.000000000000000000, 0.000000000000000000 ) ) ;
#4769 = CIRCLE ( 'NONE', #884, 0.09999999999999939493 ) ;
#4770 = CARTESIAN_POINT ( 'NONE',  ( 1.940823017527810057, 3.060162171588010072, 7.049482311335309781 ) ) ;
#4771 = ORIENTED_EDGE ( 'NONE', *, *, #1262, .F. ) ;
#4772 = AXIS2_PLACEMENT_3D ( 'NONE', #2662, #8081, #3966 ) ;
#4773 = CARTESIAN_POINT ( 'NONE',  ( 1.188942992817430211, 6.149948524861880372, 7.568248772192540663 ) ) ;
#4774 = ORIENTED_EDGE ( 'NONE', *, *, #8239, .T. ) ;
#4775 = VECTOR ( 'NONE', #6913, 1000.000000000000114 ) ;
#4776 = AXIS2_PLACEMENT_3D ( 'NONE', #2945, #7716, #7045 ) ;
#4777 = CARTESIAN_POINT ( 'NONE',  ( 0.4302828521505699944, 5.349999999999999645, 12.30000000000000071 ) ) ;
#4778 = CYLINDRICAL_SURFACE ( 'NONE', #4772, 0.2000000000000002887 ) ;
#4779 = VERTEX_POINT ( 'NONE', #1818 ) ;
#4780 = ORIENTED_EDGE ( 'NONE', *, *, #441, .T. ) ;
#4781 = CYLINDRICAL_SURFACE ( 'NONE', #8910, 0.09999999999999983902 ) ;
#4782 = ORIENTED_EDGE ( 'NONE', *, *, #6821, .F. ) ;
#4783 = DIRECTION ( 'NONE',  ( 0.6702157429215804818, 0.7421663276786907293, 0.000000000000000000 ) ) ;
#4784 = CARTESIAN_POINT ( 'NONE',  ( 0.6302828521505730031, 6.150000000000000355, 3.200000000000000178 ) ) ;
#4785 = FACE_OUTER_BOUND ( 'NONE', #422, .T. ) ;
#4786 = CARTESIAN_POINT ( 'NONE',  ( -2.051086864743950411, -0.7806210000172050245, 9.549999999999998934 ) ) ;
#4787 = VERTEX_POINT ( 'NONE', #6540 ) ;
#4788 = DIRECTION ( 'NONE',  ( -1.000000000000000000, 0.000000000000000000, 0.000000000000000000 ) ) ;
#4789 = PLANE ( 'NONE',  #4992 ) ;
#4790 = FACE_OUTER_BOUND ( 'NONE', #1448, .T. ) ;
#4791 = LINE ( 'NONE', #7538, #8098 ) ;
#4792 = EDGE_CURVE ( 'NONE', #5630, #4420, #5861, .T. ) ;
#4793 = DIRECTION ( 'NONE',  ( 1.000000000000000000, 1.682156097916909997E-16, 0.000000000000000000 ) ) ;
#4794 = DIRECTION ( 'NONE',  ( 0.5773502691896281735, 0.5773502691896238437, -0.5773502691896252870 ) ) ;
#4795 = EDGE_CURVE ( 'NONE', #8556, #4999, #6500, .T. ) ;
#4796 = CARTESIAN_POINT ( 'NONE',  ( -0.05552309676571959979, 0.2500000000000000000, 0.5999999999999999778 ) ) ;
#4797 = VERTEX_POINT ( 'NONE', #464 ) ;
#4798 = ORIENTED_EDGE ( 'NONE', *, *, #8465, .T. ) ;
#4799 = DIRECTION ( 'NONE',  ( 1.000000000000000000, 0.000000000000000000, 0.000000000000000000 ) ) ;
#4800 = CIRCLE ( 'NONE', #5088, 0.09999999999999985290 ) ;
#4801 = EDGE_LOOP ( 'NONE', ( #456, #8452, #2282, #8731 ) ) ;
#4802 = ORIENTED_EDGE ( 'NONE', *, *, #8664, .F. ) ;
#4803 = CARTESIAN_POINT ( 'NONE',  ( 1.375026842247482950, 6.150000000000000355, 7.460424682939938101 ) ) ;
#4804 = CYLINDRICAL_SURFACE ( 'NONE', #4667, 0.2000000000000002054 ) ;
#4805 = CARTESIAN_POINT ( 'NONE',  ( -0.3250000000000000111, -6.958578643762689531, 0.05857864376269170115 ) ) ;
#4806 = VECTOR ( 'NONE', #2048, 1000.000000000000000 ) ;
#4807 = ORIENTED_EDGE ( 'NONE', *, *, #1411, .T. ) ;
#4808 = PLANE ( 'NONE',  #3822 ) ;
#4809 = DIRECTION ( 'NONE',  ( 0.000000000000000000, 0.7071067811865474617, 0.7071067811865474617 ) ) ;
#4810 = ORIENTED_EDGE ( 'NONE', *, *, #6580, .F. ) ;
#4811 = EDGE_CURVE ( 'NONE', #3511, #3057, #3218, .T. ) ;
#4812 = CARTESIAN_POINT ( 'NONE',  ( 1.856690166462940050, 6.149899994780049894, 6.841344385347849943 ) ) ;
#4813 = VERTEX_POINT ( 'NONE', #378 ) ;
#4814 = FILL_AREA_STYLE ('',( #2658 ) ) ;
#4815 = DIRECTION ( 'NONE',  ( -1.000000000000000000, -1.586376439026039888E-16, 0.000000000000000000 ) ) ;
#4816 = CIRCLE ( 'NONE', #935, 0.1000000000000000333 ) ;
#4817 = DIRECTION ( 'NONE',  ( 1.000000000000000000, 0.000000000000000000, 0.000000000000000000 ) ) ;
#4818 = CARTESIAN_POINT ( 'NONE',  ( 1.813221139763891321, 6.150000000000001243, 10.23829889572944474 ) ) ;
#4819 = EDGE_CURVE ( 'NONE', #3656, #2545, #8191, .T. ) ;
#4820 = ORIENTED_EDGE ( 'NONE', *, *, #7133, .T. ) ;
#4821 = VERTEX_POINT ( 'NONE', #420 ) ;
#4822 = DIRECTION ( 'NONE',  ( 0.000000000000000000, 0.000000000000000000, -1.000000000000000000 ) ) ;
#4823 = ORIENTED_EDGE ( 'NONE', *, *, #6737, .F. ) ;
#4824 = CIRCLE ( 'NONE', #6556, 0.1000000000000002554 ) ;
#4825 = LINE ( 'NONE', #4913, #7484 ) ;
#4826 = DIRECTION ( 'NONE',  ( 1.000000000000000000, 0.000000000000000000, 0.000000000000000000 ) ) ;
#4827 = EDGE_CURVE ( 'NONE', #7680, #2083, #8626, .T. ) ;
#4828 = CARTESIAN_POINT ( 'NONE',  ( 1.152476217557649951, 6.150000000000000355, 10.60471559215579873 ) ) ;
#4829 = PLANE ( 'NONE',  #8394 ) ;
#4830 = EDGE_LOOP ( 'NONE', ( #1851, #942, #3015, #1847 ) ) ;
#4831 = CARTESIAN_POINT ( 'NONE',  ( 1.444210419635790110, 6.149950000282250251, 9.806498400358670153 ) ) ;
#4832 = VERTEX_POINT ( 'NONE', #5991 ) ;
#4833 = DIRECTION ( 'NONE',  ( 0.000000000000000000, -0.7071067811865344721, 0.7071067811865605623 ) ) ;
#4834 = SPHERICAL_SURFACE ( 'NONE', #277, 0.1000000000000000056 ) ;
#4835 = FACE_OUTER_BOUND ( 'NONE', #6140, .T. ) ;
#4836 = EDGE_CURVE ( 'NONE', #1227, #7871, #4468, .T. ) ;
#4837 = CARTESIAN_POINT ( 'NONE',  ( 1.589939503838079471, 6.150000000000002132, 7.347017002283290132 ) ) ;
#4838 = EDGE_CURVE ( 'NONE', #4954, #1819, #7434, .T. ) ;
#4839 = CYLINDRICAL_SURFACE ( 'NONE', #2124, 0.2000000000000000944 ) ;
#4840 = ORIENTED_EDGE ( 'NONE', *, *, #6815, .T. ) ;
#4841 = ORIENTED_EDGE ( 'NONE', *, *, #2727, .F. ) ;
#4842 = DIRECTION ( 'NONE',  ( 0.000000000000000000, -1.000000000000000000, 0.000000000000000000 ) ) ;
#4843 = ORIENTED_EDGE ( 'NONE', *, *, #5457, .F. ) ;
#4844 = ORIENTED_EDGE ( 'NONE', *, *, #8018, .F. ) ;
#4846 = EDGE_CURVE ( 'NONE', #6917, #5216, #5902, .T. ) ;
#4845 = CARTESIAN_POINT ( 'NONE',  ( 1.919899243579870740, 6.150000000000002132, 7.170146273252744784 ) ) ;
#4847 = AXIS2_PLACEMENT_3D ( 'NONE', #1904, #3840, #6041 ) ;
#4848 = DIRECTION ( 'NONE',  ( 0.000000000000000000, -1.000000000000000000, 0.000000000000000000 ) ) ;
#4849 = CARTESIAN_POINT ( 'NONE',  ( -0.6000000000320139248, 3.149999999999999911, 5.275000000008000178 ) ) ;
#4850 = ORIENTED_EDGE ( 'NONE', *, *, #2235, .F. ) ;
#4851 = CARTESIAN_POINT ( 'NONE',  ( -2.040305328863119882, 3.050000000000000266, 0.000000000000000000 ) ) ;
#4852 = SPHERICAL_SURFACE ( 'NONE', #6734, 0.1000000000000000056 ) ;
#4853 = CIRCLE ( 'NONE', #1123, 0.2000000000000000389 ) ;
#4854 = VECTOR ( 'NONE', #2489, 999.9999999999998863 ) ;
#4855 = VERTEX_POINT ( 'NONE', #7219 ) ;
#4856 = CARTESIAN_POINT ( 'NONE',  ( -2.449999999999999734, 3.250000000000000000, 0.000000000000000000 ) ) ;
#4857 = ORIENTED_EDGE ( 'NONE', *, *, #3704, .T. ) ;
#4858 = EDGE_CURVE ( 'NONE', #8838, #2826, #1058, .T. ) ;
#4859 = APPLICATION_PROTOCOL_DEFINITION ( 'draft international standard', 'automotive_design', 1998, #7458 ) ;
#4860 = CARTESIAN_POINT ( 'NONE',  ( 1.668746215283230860, 6.150000000000000355, 11.06500733321239949 ) ) ;
#4861 = VECTOR ( 'NONE', #1352, 1000.000000000000000 ) ;
#4862 = AXIS2_PLACEMENT_3D ( 'NONE', #3025, #861, #6303 ) ;
#4863 = DIRECTION ( 'NONE',  ( 0.000000000000000000, 0.7071067811865431318, -0.7071067811865519026 ) ) ;
#4864 = CARTESIAN_POINT ( 'NONE',  ( 0.3151414260752860019, 5.150000000000000355, 6.799999999999999822 ) ) ;
#4865 = VERTEX_POINT ( 'NONE', #2580 ) ;
#4866 = VERTEX_POINT ( 'NONE', #2536 ) ;
#4867 = DIRECTION ( 'NONE',  ( 0.000000000000000000, 0.000000000000000000, -1.000000000000000000 ) ) ;
#4868 = VECTOR ( 'NONE', #3793, 1000.000000000000000 ) ;
#4869 = EDGE_LOOP ( 'NONE', ( #6377, #8230, #3135, #6301 ) ) ;
#4870 = DIRECTION ( 'NONE',  ( 0.000000000000000000, 0.000000000000000000, 1.000000000000000000 ) ) ;
#4871 = EDGE_CURVE ( 'NONE', #5736, #8900, #7491, .T. ) ;
#4872 = EDGE_CURVE ( 'NONE', #7040, #3656, #1682, .T. ) ;
#4873 = EDGE_CURVE ( 'NONE', #6762, #1870, #6742, .T. ) ;
#4874 = EDGE_CURVE ( 'NONE', #4832, #8730, #3157, .T. ) ;
#4875 = DIRECTION ( 'NONE',  ( 0.6702157429215804818, 0.7421663276786907293, 0.000000000000000000 ) ) ;
#4876 = CARTESIAN_POINT ( 'NONE',  ( 2.520710678118654791, 3.179289321881344943, 0.000000000000000000 ) ) ;
#4877 = AXIS2_PLACEMENT_3D ( 'NONE', #522, #1244, #3275 ) ;
#4878 = CARTESIAN_POINT ( 'NONE',  ( 0.6302828521505700055, 6.150000000000000355, 12.30000000000000071 ) ) ;
#4879 = ORIENTED_EDGE ( 'NONE', *, *, #8335, .F. ) ;
#4880 = LINE ( 'NONE', #4921, #3562 ) ;
#4881 = ORIENTED_EDGE ( 'NONE', *, *, #4914, .F. ) ;
#4882 = DIRECTION ( 'NONE',  ( 1.000000000000000000, 0.000000000000000000, 0.000000000000000000 ) ) ;
#4883 = LINE ( 'NONE', #4290, #5602 ) ;
#4884 = CARTESIAN_POINT ( 'NONE',  ( 1.618119661283054844, 6.150000000000000355, 7.696479257912753447 ) ) ;
#4885 = AXIS2_PLACEMENT_3D ( 'NONE', #5781, #3797, #8539 ) ;
#4886 = CARTESIAN_POINT ( 'NONE',  ( -2.447411556676559741, 3.099189142059919799, 12.05000000000000071 ) ) ;
#4887 = CARTESIAN_POINT ( 'NONE',  ( 1.788548659991457068, 6.149999999999998579, 11.02367731338432755 ) ) ;
#4888 = VERTEX_POINT ( 'NONE', #8085 ) ;
#4889 = ORIENTED_EDGE ( 'NONE', *, *, #906, .F. ) ;
#4890 = CARTESIAN_POINT ( 'NONE',  ( 0.5717042083878813852, 5.349999999999999645, 6.941421356237309048 ) ) ;
#4891 = VERTEX_POINT ( 'NONE', #3970 ) ;
#4892 = ORIENTED_EDGE ( 'NONE', *, *, #368, .T. ) ;
#4893 = ORIENTED_EDGE ( 'NONE', *, *, #7096, .F. ) ;
#4894 = CARTESIAN_POINT ( 'NONE',  ( -0.009351313679485140015, 0.1499999999999999944, 18.39999999999999858 ) ) ;
#4895 = CARTESIAN_POINT ( 'NONE',  ( 1.715685302125170120, 6.150000000000000355, 8.082835489747029811 ) ) ;
#4896 = ORIENTED_EDGE ( 'NONE', *, *, #8066, .F. ) ;
#4897 = DIRECTION ( 'NONE',  ( 0.000000000000000000, -1.000000000000000000, 0.000000000000000000 ) ) ;
#4898 = DIRECTION ( 'NONE',  ( 0.000000000000000000, 0.000000000000000000, -1.000000000000000000 ) ) ;
#4899 = ORIENTED_EDGE ( 'NONE', *, *, #846, .F. ) ;
#4900 = AXIS2_PLACEMENT_3D ( 'NONE', #1715, #5806, #3914 ) ;
#4901 = CARTESIAN_POINT ( 'NONE',  ( -1.000000000000000000, 1.093970011072350035, 0.5999999999999999778 ) ) ;
#4902 = ORIENTED_EDGE ( 'NONE', *, *, #1805, .T. ) ;
#4903 = CARTESIAN_POINT ( 'NONE',  ( 1.733689124957875638, 6.149999999999998579, 11.05845052364993997 ) ) ;
#4904 = VECTOR ( 'NONE', #2147, 1000.000000000000000 ) ;
#4905 = EDGE_CURVE ( 'NONE', #5883, #5791, #4008, .T. ) ;
#4906 = FACE_OUTER_BOUND ( 'NONE', #7127, .T. ) ;
#4907 = DIRECTION ( 'NONE',  ( 1.000000000000000000, 0.000000000000000000, 0.000000000000000000 ) ) ;
#4908 = VECTOR ( 'NONE', #5200, 1000.000000000000000 ) ;
#4909 = ORIENTED_EDGE ( 'NONE', *, *, #2778, .T. ) ;
#4910 = EDGE_LOOP ( 'NONE', ( #6232, #5959, #3760, #2931 ) ) ;
#4911 = DIRECTION ( 'NONE',  ( 0.000000000000000000, 0.000000000000000000, 1.000000000000000000 ) ) ;
#4912 = VERTEX_POINT ( 'NONE', #4296 ) ;
#4913 = CARTESIAN_POINT ( 'NONE',  ( 0.001999999999997560153, -7.900000000000000355, 0.000000000000000000 ) ) ;
#4914 = EDGE_CURVE ( 'NONE', #4832, #8329, #2278, .T. ) ;
#4915 = AXIS2_PLACEMENT_3D ( 'NONE', #6429, #3016, #8516 ) ;
#4916 = EDGE_CURVE ( 'NONE', #902, #7385, #965, .T. ) ;
#4917 = CARTESIAN_POINT ( 'NONE',  ( 1.920709616363420302, 6.150000000000000355, 7.933961215360352703 ) ) ;
#4918 = DIRECTION ( 'NONE',  ( -0.7071067811865466846, 0.000000000000000000, 0.7071067811865482389 ) ) ;
#4919 = DIRECTION ( 'NONE',  ( -1.000000000000000000, 0.000000000000000000, 0.000000000000000000 ) ) ;
#4920 = ORIENTED_EDGE ( 'NONE', *, *, #5236, .T. ) ;
#4921 = CARTESIAN_POINT ( 'NONE',  ( -0.5000000000000000000, -6.150000000000000355, 0.6999999999999999556 ) ) ;
#4922 = ORIENTED_EDGE ( 'NONE', *, *, #3810, .F. ) ;
#4923 = DIRECTION ( 'NONE',  ( 0.000000000000000000, 0.000000000000000000, 1.000000000000000000 ) ) ;
#4924 = LINE ( 'NONE', #5738, #1722 ) ;
#4925 = CARTESIAN_POINT ( 'NONE',  ( 2.550000000000000266, 6.049999999999999822, 0.000000000000000000 ) ) ;
#4926 = CARTESIAN_POINT ( 'NONE',  ( 1.257014306635649836, 6.150000000000000355, 10.81622288866240034 ) ) ;
#4927 = AXIS2_PLACEMENT_3D ( 'NONE', #952, #775, #5049 ) ;
#4928 = CARTESIAN_POINT ( 'NONE',  ( 0.001999999999997560153, -7.900000000000000355, -5.200000000000000178 ) ) ;
#4929 =( BOUNDED_CURVE ( )  B_SPLINE_CURVE ( 3, ( #1056, #5825, #288, #241 ),
 .UNSPECIFIED., .F., .F. ) 
 B_SPLINE_CURVE_WITH_KNOTS ( ( 4, 4 ),
 ( 2.356194490192326629, 3.141592653589791784 ),
 .UNSPECIFIED. ) 
 CURVE ( )  GEOMETRIC_REPRESENTATION_ITEM ( )  RATIONAL_B_SPLINE_CURVE ( ( 1.000000000000000000, 0.9492530216741889015, 0.9492530216741889015, 1.000000000000000000 ) ) 
 REPRESENTATION_ITEM ( '' )  );
#4930 = CARTESIAN_POINT ( 'NONE',  ( 1.715685302125170120, 6.150000000000000355, 8.076352507478620879 ) ) ;
#4931 = ORIENTED_EDGE ( 'NONE', *, *, #632, .T. ) ;
#4932 = ORIENTED_EDGE ( 'NONE', *, *, #7845, .T. ) ;
#4933 = CARTESIAN_POINT ( 'NONE',  ( 1.257014306635649836, 6.149950000000000472, 10.37213860327680059 ) ) ;
#4934 = ORIENTED_EDGE ( 'NONE', *, *, #980, .T. ) ;
#4935 = ORIENTED_EDGE ( 'NONE', *, *, #8635, .F. ) ;
#4936 = ORIENTED_EDGE ( 'NONE', *, *, #3372, .F. ) ;
#4937 = CARTESIAN_POINT ( 'NONE',  ( 1.008770110608050219, 6.150000000000000355, 11.06500733321239949 ) ) ;
#4938 = CARTESIAN_POINT ( 'NONE',  ( -0.4302828521505699944, 5.349999999999999645, 12.30000000000000071 ) ) ;
#4939 = CARTESIAN_POINT ( 'NONE',  ( 1.272708708231220065, 6.150000000000000355, 7.639189928759845927 ) ) ;
#4940 = VERTEX_POINT ( 'NONE', #8543 ) ;
#4941 = CARTESIAN_POINT ( 'NONE',  ( 2.520710678118653014, 6.049999999999999822, 19.07071067811865461 ) ) ;
#4942 = CARTESIAN_POINT ( 'NONE',  ( 2.449999999999999734, 6.049999999999999822, 0.1000000000000000056 ) ) ;
#4943 = EDGE_LOOP ( 'NONE', ( #7274, #4184, #253, #3927, #8413, #972 ) ) ;
#4944 = DIRECTION ( 'NONE',  ( -0.1016217158801540205, 0.9948231133531093562, 2.873135757086586356E-15 ) ) ;
#4945 = ORIENTED_EDGE ( 'NONE', *, *, #7236, .T. ) ;
#4946 = ITEM_DEFINED_TRANSFORMATION ( 'NONE', 'NONE', #4471,  #7203 ) ;
#4947 = AXIS2_PLACEMENT_3D ( 'NONE', #5197, #5690, #7135 ) ;
#4948 = ORIENTED_EDGE ( 'NONE', *, *, #6172, .T. ) ;
#4949 = CARTESIAN_POINT ( 'NONE',  ( 1.940823017527810057, 3.060162171588010072, 7.049482311335309781 ) ) ;
#4950 = CARTESIAN_POINT ( 'NONE',  ( 2.449999999999999734, 1.004596597366330002, 19.00000000000000000 ) ) ;
#4951 = LINE ( 'NONE', #4183, #4633 ) ;
#4952 = ORIENTED_EDGE ( 'NONE', *, *, #5252, .T. ) ;
#4953 = PLANE ( 'NONE',  #5003 ) ;
#4954 = VERTEX_POINT ( 'NONE', #3668 ) ;
#4955 = EDGE_CURVE ( 'NONE', #341, #4787, #6607, .T. ) ;
#4956 = CIRCLE ( 'NONE', #2226, 0.09999999999999939493 ) ;
#4957 = DIRECTION ( 'NONE',  ( -0.6702157429215804818, 0.7421663276786907293, 0.000000000000000000 ) ) ;
#4958 = FACE_OUTER_BOUND ( 'NONE', #1108, .T. ) ;
#4959 = FACE_OUTER_BOUND ( 'NONE', #7913, .T. ) ;
#4960 = ORIENTED_EDGE ( 'NONE', *, *, #5468, .F. ) ;
#4961 = CARTESIAN_POINT ( 'NONE',  ( 1.144102365460973436, 6.150000000000000355, 9.227892232903698755 ) ) ;
#4962 = EDGE_LOOP ( 'NONE', ( #8304, #8752, #5527, #7590 ) ) ;
#4963 = CARTESIAN_POINT ( 'NONE',  ( -1.275000000000000133, 3.250000000000000000, 0.1000000000000000056 ) ) ;
#4964 = CARTESIAN_POINT ( 'NONE',  ( -2.229675656823970176, 3.120710678118654879, 7.020710678118654791 ) ) ;
#4965 = DIRECTION ( 'NONE',  ( 0.000000000000000000, 0.000000000000000000, 1.000000000000000000 ) ) ;
#4966 = CARTESIAN_POINT ( 'NONE',  ( -2.040305328863119882, 3.050000000000000266, 12.14999999999999858 ) ) ;
#4967 = CIRCLE ( 'NONE', #1383, 0.09999999999999939493 ) ;
#4968 = CARTESIAN_POINT ( 'NONE',  ( -1.275000000000000133, 3.120710678118654879, 0.5707106781186547240 ) ) ;
#4969 = EDGE_CURVE ( 'NONE', #6606, #2875, #1280, .T. ) ;
#4970 = CYLINDRICAL_SURFACE ( 'NONE', #8029, 0.1999999999999989009 ) ;
#4971 = VERTEX_POINT ( 'NONE', #5654 ) ;
#4972 = ORIENTED_EDGE ( 'NONE', *, *, #5316, .T. ) ;
#4973 = ORIENTED_EDGE ( 'NONE', *, *, #8518, .T. ) ;
#4974 = VERTEX_POINT ( 'NONE', #8496 ) ;
#4975 = VERTEX_POINT ( 'NONE', #1471 ) ;
#4976 = CARTESIAN_POINT ( 'NONE',  ( -2.040305328863119882, 3.050000000000000266, 12.14999999999999858 ) ) ;
#4977 = DIRECTION ( 'NONE',  ( 1.000000000000000000, 0.000000000000000000, 0.000000000000000000 ) ) ;
#4978 = ADVANCED_FACE ( 'NONE', ( #7630 ), #5743, .F. ) ;
#4979 =( BOUNDED_CURVE ( )  B_SPLINE_CURVE ( 3, ( #3809, #6560, #7820, #1704 ),
 .UNSPECIFIED., .F., .F. ) 
 B_SPLINE_CURVE_WITH_KNOTS ( ( 4, 4 ),
 ( 1.219934270525881548, 1.570796326794898556 ),
 .UNSPECIFIED. ) 
 CURVE ( )  GEOMETRIC_REPRESENTATION_ITEM ( )  RATIONAL_B_SPLINE_CURVE ( ( 1.000000000000000000, 0.9897676012851162053, 0.9897676012851162053, 1.000000000000000000 ) ) 
 REPRESENTATION_ITEM ( '' )  );
#4980 = EDGE_CURVE ( 'NONE', #1344, #1749, #5015, .T. ) ;
#4981 = PLANE ( 'NONE',  #7497 ) ;
#4982 = EDGE_CURVE ( 'NONE', #2626, #5744, #5018, .T. ) ;
#4983 = EDGE_CURVE ( 'NONE', #160, #3767, #4292, .T. ) ;
#4984 = ADVANCED_FACE ( 'NONE', ( #4341 ), #4970, .F. ) ;
#4985 = B_SPLINE_CURVE_WITH_KNOTS ( 'NONE', 3,
 ( #4306, #5664, #1530, #3588, #4446, #6329 ),
 .UNSPECIFIED., .F., .F.,
 ( 4, 2, 4 ),
 ( 0.000000000000000000, 0.5000000000000000000, 1.000000000000000000 ),
 .UNSPECIFIED. ) ;
#4986 = EDGE_LOOP ( 'NONE', ( #171, #138, #2500, #1781 ) ) ;
#4987 = CARTESIAN_POINT ( 'NONE',  ( -0.009351313679485140015, -4.575000000000000178, 18.39999999999999858 ) ) ;
#4988 = CARTESIAN_POINT ( 'NONE',  ( 1.029289321881345476, 3.120710678118654879, 9.250000000000000000 ) ) ;
#4989 = ORIENTED_EDGE ( 'NONE', *, *, #1347, .T. ) ;
#4990 = FACE_OUTER_BOUND ( 'NONE', #7608, .T. ) ;
#4991 = ORIENTED_EDGE ( 'NONE', *, *, #322, .F. ) ;
#4992 = AXIS2_PLACEMENT_3D ( 'NONE', #6175, #3390, #8904 ) ;
#4993 = DIRECTION ( 'NONE',  ( 1.000000000000000000, 0.000000000000000000, 0.000000000000000000 ) ) ;
#4994 = CARTESIAN_POINT ( 'NONE',  ( 1.029289321881345476, 3.120710678118654879, 18.52928932188134681 ) ) ;
#4995 = VECTOR ( 'NONE', #1509, 1000.000000000000000 ) ;
#4996 = CIRCLE ( 'NONE', #7450, 0.09999999999999936717 ) ;
#4997 = FACE_OUTER_BOUND ( 'NONE', #6286, .T. ) ;
#4998 = DIRECTION ( 'NONE',  ( 0.000000000000000000, 1.000000000000000000, 0.000000000000000000 ) ) ;
#4999 = VERTEX_POINT ( 'NONE', #1562 ) ;
#5000 = DIRECTION ( 'NONE',  ( 0.000000000000000000, -1.000000000000000000, 0.000000000000000000 ) ) ;
#5001 = CARTESIAN_POINT ( 'NONE',  ( 1.235134241479790118, 6.150000000000000355, 9.991263395008148862 ) ) ;
#5002 = CIRCLE ( 'NONE', #407, 0.1000000000000000333 ) ;
#5003 = AXIS2_PLACEMENT_3D ( 'NONE', #3647, #2257, #5769 ) ;
#5004 = PLANE ( 'NONE',  #2957 ) ;
#5005 = CARTESIAN_POINT ( 'NONE',  ( 0.000000000000000000, 0.000000000000000000, -5.200000000000000178 ) ) ;
#5006 = DIRECTION ( 'NONE',  ( 0.5506908908668940450, 0.8347092563978349977, 0.000000000000000000 ) ) ;
#5007 = VECTOR ( 'NONE', #6818, 1000.000000000000000 ) ;
#5008 = AXIS2_PLACEMENT_3D ( 'NONE', #1622, #847, #2879 ) ;
#5009 = VERTEX_POINT ( 'NONE', #2862 ) ;
#5010 = LINE ( 'NONE', #7854, #5290 ) ;
#5011 = VERTEX_POINT ( 'NONE', #7049 ) ;
#5012 = CARTESIAN_POINT ( 'NONE',  ( -2.449999999999999734, 3.179289321881346275, 19.07071067811865461 ) ) ;
#5013 = DIRECTION ( 'NONE',  ( 1.000000000000000000, 0.000000000000000000, 0.000000000000000000 ) ) ;
#5014 = CYLINDRICAL_SURFACE ( 'NONE', #4776, 0.2000000000000000389 ) ;
#5015 = CIRCLE ( 'NONE', #2714, 0.09999999999999996392 ) ;
#5016 = DIRECTION ( 'NONE',  ( 0.000000000000000000, 0.000000000000000000, 1.000000000000000000 ) ) ;
#5017 = CARTESIAN_POINT ( 'NONE',  ( 1.402611283413543575, 6.150000000000000355, 8.219788490167038830 ) ) ;
#5018 = LINE ( 'NONE', #7139, #6157 ) ;
#5019 = ORIENTED_EDGE ( 'NONE', *, *, #5261, .F. ) ;
#5020 = EDGE_CURVE ( 'NONE', #5469, #429, #6461, .T. ) ;
#5021 = ORIENTED_EDGE ( 'NONE', *, *, #4094, .T. ) ;
#5022 = ORIENTED_EDGE ( 'NONE', *, *, #3992, .F. ) ;
#5023 = ORIENTED_EDGE ( 'NONE', *, *, #406, .T. ) ;
#5024 = ORIENTED_EDGE ( 'NONE', *, *, #1948, .F. ) ;
#5025 = CARTESIAN_POINT ( 'NONE',  ( 1.917468125229210063, 6.150000000000000355, 10.51233309483099987 ) ) ;
#5026 = FACE_OUTER_BOUND ( 'NONE', #2782, .T. ) ;
#5027 = CARTESIAN_POINT ( 'NONE',  ( 0.4302828521505689952, 6.150000000000000355, 16.10000000000000142 ) ) ;
#5028 = ORIENTED_EDGE ( 'NONE', *, *, #6848, .F. ) ;
#5029 = CYLINDRICAL_SURFACE ( 'NONE', #3832, 0.09999999999999997780 ) ;
#5030 = LINE ( 'NONE', #4496, #8180 ) ;
#5031 = EDGE_CURVE ( 'NONE', #7543, #5064, #8457, .T. ) ;
#5032 = VERTEX_POINT ( 'NONE', #4251 ) ;
#5033 = CARTESIAN_POINT ( 'NONE',  ( 1.939784946236559948, 3.050000000000000266, 0.5999999999999999778 ) ) ;
#5034 = ORIENTED_EDGE ( 'NONE', *, *, #2067, .F. ) ;
#5036 = EDGE_CURVE ( 'NONE', #7747, #5540, #415, .T. ) ;
#5035 = CARTESIAN_POINT ( 'NONE',  ( -2.550000000000000266, 2.504596597366330002, 19.00000000000000000 ) ) ;
#5037 = EDGE_CURVE ( 'NONE', #4044, #2093, #292, .T. ) ;
#5038 = EDGE_CURVE ( 'NONE', #3469, #1872, #3623, .T. ) ;
#5039 = ORIENTED_EDGE ( 'NONE', *, *, #2847, .T. ) ;
#5040 = CARTESIAN_POINT ( 'NONE',  ( 1.554691242459823375, 6.150000000000000355, 9.426433564873539339 ) ) ;
#5041 = CARTESIAN_POINT ( 'NONE',  ( -2.029157968159279957, 2.940873205741360241, 7.049999999999999822 ) ) ;
#5042 = AXIS2_PLACEMENT_3D ( 'NONE', #1993, #2034, #8343 ) ;
#5043 = CARTESIAN_POINT ( 'NONE',  ( 1.531730680259229871, 6.149899974183930418, 10.33080959131580023 ) ) ;
#5044 = EDGE_LOOP ( 'NONE', ( #7779, #351, #505, #6842 ) ) ;
#5045 = CARTESIAN_POINT ( 'NONE',  ( 0.4302828521505729920, 5.349999999999999645, 3.200000000000000178 ) ) ;
#5046 = CARTESIAN_POINT ( 'NONE',  ( 1.782946243159839961, 6.149899999999999700, 10.83972369938540048 ) ) ;
#5047 = AXIS2_PLACEMENT_3D ( 'NONE', #3461, #4614, #3933 ) ;
#5048 = DIRECTION ( 'NONE',  ( 0.1016217158801569903, -0.9948231133531089121, 0.000000000000000000 ) ) ;
#5049 = DIRECTION ( 'NONE',  ( 0.7071067811865474617, 0.7071067811865474617, 0.000000000000000000 ) ) ;
#5050 = DIRECTION ( 'NONE',  ( 0.000000000000000000, 0.000000000000000000, 1.000000000000000000 ) ) ;
#5051 = ORIENTED_EDGE ( 'NONE', *, *, #8237, .F. ) ;
#5052 = DIRECTION ( 'NONE',  ( -2.081668171172174923E-16, -2.081668171172169746E-16, 1.000000000000000000 ) ) ;
#5053 = ORIENTED_EDGE ( 'NONE', *, *, #2837, .T. ) ;
#5054 = CARTESIAN_POINT ( 'NONE',  ( 1.048293601660256869, 3.139714957897566272, 0.2517063983397434535 ) ) ;
#5055 = DIRECTION ( 'NONE',  ( -1.000000000000000000, 0.000000000000000000, 0.000000000000000000 ) ) ;
#5056 = AXIS2_PLACEMENT_3D ( 'NONE', #5988, #7478, #4096 ) ;
#5057 = VECTOR ( 'NONE', #6018, 1000.000000000000000 ) ;
#5058 = CARTESIAN_POINT ( 'NONE',  ( 0.6000000000174630088, -6.150000000000000355, 9.050000000016011015 ) ) ;
#5059 = CARTESIAN_POINT ( 'NONE',  ( 1.152476217557649951, 6.149899999999999700, 10.83243034433339957 ) ) ;
#5060 = CARTESIAN_POINT ( 'NONE',  ( 0.08006199179814113553, -6.150000000000000355, 18.42928932188134539 ) ) ;
#5061 = DIRECTION ( 'NONE',  ( -0.4739773776949202655, -0.8805370210465013336, 0.000000000000000000 ) ) ;
#5062 = VECTOR ( 'NONE', #1468, 1000.000000000000000 ) ;
#5063 = ORIENTED_EDGE ( 'NONE', *, *, #3315, .F. ) ;
#5064 = VERTEX_POINT ( 'NONE', #2950 ) ;
#5065 = VERTEX_POINT ( 'NONE', #8449 ) ;
#5066 = ORIENTED_EDGE ( 'NONE', *, *, #5424, .T. ) ;
#5067 = ORIENTED_EDGE ( 'NONE', *, *, #1634, .T. ) ;
#5068 = CARTESIAN_POINT ( 'NONE',  ( -0.4302828521505689952, 5.349999999999999645, 15.90000000000000036 ) ) ;
#5069 = CIRCLE ( 'NONE', #1201, 0.1000000000000000333 ) ;
#5070 = ADVANCED_FACE ( 'NONE', ( #5787 ), #2369, .T. ) ;
#5071 = DIRECTION ( 'NONE',  ( 0.000000000000000000, -1.000000000000000000, 0.000000000000000000 ) ) ;
#5072 = ORIENTED_EDGE ( 'NONE', *, *, #6900, .F. ) ;
#5073 = DIRECTION ( 'NONE',  ( 0.000000000000000000, 1.000000000000000000, 0.000000000000000000 ) ) ;
#5074 = CARTESIAN_POINT ( 'NONE',  ( -1.935512576883390956, 2.719956629130203751, 12.07928932188134574 ) ) ;
#5075 = VECTOR ( 'NONE', #4348, 1000.000000000000114 ) ;
#5076 = ORIENTED_EDGE ( 'NONE', *, *, #8748, .T. ) ;
#5077 = CARTESIAN_POINT ( 'NONE',  ( 1.187322247250316876, 6.150000000000000355, 10.81622288866240034 ) ) ;
#5078 = ORIENTED_EDGE ( 'NONE', *, *, #7914, .T. ) ;
#5079 = LINE ( 'NONE', #8559, #3274 ) ;
#5080 = CYLINDRICAL_SURFACE ( 'NONE', #7822, 0.09999999999999936717 ) ;
#5081 = ORIENTED_EDGE ( 'NONE', *, *, #2827, .F. ) ;
#5082 = FACE_OUTER_BOUND ( 'NONE', #4355, .T. ) ;
#5083 = CARTESIAN_POINT ( 'NONE',  ( -0.6302828521505730031, 5.349999999999999645, 3.200000000000000178 ) ) ;
#5084 = EDGE_CURVE ( 'NONE', #2742, #672, #2861, .T. ) ;
#5085 = CARTESIAN_POINT ( 'NONE',  ( -0.4302828521505719928, 5.349999999999999645, 6.799999999999999822 ) ) ;
#5086 = VERTEX_POINT ( 'NONE', #7541 ) ;
#5087 = CARTESIAN_POINT ( 'NONE',  ( 2.449999999999999734, 6.049999999999999822, 0.1000000000000000056 ) ) ;
#5088 = AXIS2_PLACEMENT_3D ( 'NONE', #3494, #8235, #6871 ) ;
#5089 = CARTESIAN_POINT ( 'NONE',  ( 1.782946243159840183, 6.150000000000000355, 10.83486146268406536 ) ) ;
#5090 = EDGE_CURVE ( 'NONE', #7143, #5639, #5855, .T. ) ;
#5091 = EDGE_CURVE ( 'NONE', #7124, #5312, #5692, .T. ) ;
#5092 = DIRECTION ( 'NONE',  ( 0.000000000000000000, 0.000000000000000000, -1.000000000000000000 ) ) ;
#5093 = CARTESIAN_POINT ( 'NONE',  ( 1.767828788113998684, 6.150000000000001243, 8.423740720658129177 ) ) ;
#5094 = CARTESIAN_POINT ( 'NONE',  ( -0.3250000000000000111, 2.136383829059059991, -1.421261342674909889 ) ) ;
#5095 = VERTEX_POINT ( 'NONE', #8447 ) ;
#5096 = CARTESIAN_POINT ( 'NONE',  ( -2.449999999999999734, 6.049999999999999822, 0.1000000000000000056 ) ) ;
#5097 = CYLINDRICAL_SURFACE ( 'NONE', #2987, 0.2000000000000000389 ) ;
#5098 = ORIENTED_EDGE ( 'NONE', *, *, #1723, .T. ) ;
#5099 = DIRECTION ( 'NONE',  ( 0.000000000000000000, 0.000000000000000000, -1.000000000000000000 ) ) ;
#5100 = DIRECTION ( 'NONE',  ( 0.000000000000000000, 0.000000000000000000, -1.000000000000000000 ) ) ;
#5101 = CARTESIAN_POINT ( 'NONE',  ( -1.029289321881346808, 3.120710678118655323, 18.82928932188134752 ) ) ;
#5102 = CARTESIAN_POINT ( 'NONE',  ( 0.4302828521505689952, 5.349999999999999645, 15.90000000000000036 ) ) ;
#5103 = ADVANCED_FACE ( 'NONE', ( #2091 ), #3486, .F. ) ;
#5104 = EDGE_CURVE ( 'NONE', #2969, #2417, #6180, .T. ) ;
#5105 = VECTOR ( 'NONE', #4620, 1000.000000000000000 ) ;
#5106 = CARTESIAN_POINT ( 'NONE',  ( 1.652746349269426984, 6.150000000000000355, 8.219788490167038830 ) ) ;
#5107 = CARTESIAN_POINT ( 'NONE',  ( 1.902881415125299958, 6.150000000000000355, 9.101474078669850698 ) ) ;
#5108 = ORIENTED_EDGE ( 'NONE', *, *, #7907, .T. ) ;
#5109 = ORIENTED_EDGE ( 'NONE', *, *, #3292, .F. ) ;
#5110 = ORIENTED_EDGE ( 'NONE', *, *, #5084, .T. ) ;
#5111 = EDGE_LOOP ( 'NONE', ( #2372, #1770, #2444 ) ) ;
#5112 = VECTOR ( 'NONE', #4231, 1000.000000000000000 ) ;
#5113 = DIRECTION ( 'NONE',  ( 0.000000000000000000, 0.000000000000000000, -1.000000000000000000 ) ) ;
#5114 = CARTESIAN_POINT ( 'NONE',  ( 1.127354661267599978, 6.150000000000000355, 9.105525942587588517 ) ) ;
#5115 = FACE_OUTER_BOUND ( 'NONE', #4631, .T. ) ;
#5116 = ORIENTED_EDGE ( 'NONE', *, *, #5892, .T. ) ;
#5117 = CIRCLE ( 'NONE', #7278, 0.1000000000000000056 ) ;
#5118 = LINE ( 'NONE', #5618, #1083 ) ;
#5119 = CARTESIAN_POINT ( 'NONE',  ( -1.000000000000000000, 3.050000000000000266, 0.5999999999999999778 ) ) ;
#5120 = ADVANCED_FACE ( 'NONE', ( #4295 ), #4839, .F. ) ;
#5121 = VERTEX_POINT ( 'NONE', #4928 ) ;
#5122 = DIRECTION ( 'NONE',  ( 0.000000000000000000, 0.000000000000000000, -1.000000000000000000 ) ) ;
#5123 = ORIENTED_EDGE ( 'NONE', *, *, #2453, .F. ) ;
#5124 = DIRECTION ( 'NONE',  ( -9.251858538542969855E-16, -1.000000000000000000, 0.000000000000000000 ) ) ;
#5125 = DIRECTION ( 'NONE',  ( 0.000000000000000000, 1.000000000000000000, 0.000000000000000000 ) ) ;
#5126 = ORIENTED_EDGE ( 'NONE', *, *, #7068, .T. ) ;
#5127 = CARTESIAN_POINT ( 'NONE',  ( 1.444210419635798104, 6.150000000000000355, 7.214926238564570049 ) ) ;
#5128 = CARTESIAN_POINT ( 'NONE',  ( -0.1634999999999999787, -7.738500000000000156, 0.000000000000000000 ) ) ;
#5129 = DIRECTION ( 'NONE',  ( 0.000000000000000000, -1.000000000000000000, 0.000000000000000000 ) ) ;
#5130 = VERTEX_POINT ( 'NONE', #5653 ) ;
#5131 = EDGE_CURVE ( 'NONE', #3089, #8599, #202, .T. ) ;
#5132 = CARTESIAN_POINT ( 'NONE',  ( -1.972024441411811324, 3.123079405878081527, 0.5682808874513085584 ) ) ;
#5133 = CARTESIAN_POINT ( 'NONE',  ( 0.3250000000000000111, -2.918218110389290576, -5.213668830718219738 ) ) ;
#5134 = EDGE_CURVE ( 'NONE', #3514, #6222, #839, .T. ) ;
#5135 = CIRCLE ( 'NONE', #3033, 0.2000000000000005107 ) ;
#5136 = CARTESIAN_POINT ( 'NONE',  ( -2.040305328863119882, 3.149999999999999911, 12.14999999999999858 ) ) ;
#5137 = CARTESIAN_POINT ( 'NONE',  ( 1.464364561962438138, 6.150000000000000355, 7.806625582618751835 ) ) ;
#5138 = CARTESIAN_POINT ( 'NONE',  ( 0.009351313679485179914, 0.1499999999999999944, 0.6999999999999999556 ) ) ;
#5139 = ORIENTED_EDGE ( 'NONE', *, *, #4710, .F. ) ;
#5140 = CARTESIAN_POINT ( 'NONE',  ( 1.784566988726939973, 6.149950000000000472, 12.05528287471100057 ) ) ;
#5141 = CARTESIAN_POINT ( 'NONE',  ( 1.832599162098002221, 6.150000000000000355, 11.15473827391185324 ) ) ;
#5142 = AXIS2_PLACEMENT_3D ( 'NONE', #645, #3387, #3267 ) ;
#5143 = ORIENTED_EDGE ( 'NONE', *, *, #4444, .F. ) ;
#5144 = AXIS2_PLACEMENT_3D ( 'NONE', #285, #3031, #5778 ) ;
#5145 = ADVANCED_FACE ( 'NONE', ( #8269 ), #2813, .F. ) ;
#5146 = CARTESIAN_POINT ( 'NONE',  ( 1.152476217557650173, 6.150000000000000355, 10.78785984123813435 ) ) ;
#5147 = CARTESIAN_POINT ( 'NONE',  ( 1.856690166462930058, 6.149899830003858980, 8.740858189989930693 ) ) ;
#5148 = EDGE_CURVE ( 'NONE', #8743, #64, #744, .T. ) ;
#5149 = CARTESIAN_POINT ( 'NONE',  ( -2.449999999999999734, 3.250000000000000000, 19.09999999999999787 ) ) ;
#5150 = EDGE_CURVE ( 'NONE', #7322, #5838, #6284, .T. ) ;
#5151 = EDGE_CURVE ( 'NONE', #6575, #8582, #3575, .T. ) ;
#5152 = CARTESIAN_POINT ( 'NONE',  ( -1.914675432586496973, 2.702981979873715801, 7.001706398339742066 ) ) ;
#5153 = B_SPLINE_CURVE_WITH_KNOTS ( 'NONE', 3,
 ( #1062, #340, #2412, #4430 ),
 .UNSPECIFIED., .F., .F.,
 ( 4, 4 ),
 ( 0.000000000000000000, 1.000000000000000000 ),
 .UNSPECIFIED. ) ;
#5154 = CIRCLE ( 'NONE', #8172, 0.09999999999999982514 ) ;
#5155 = AXIS2_PLACEMENT_3D ( 'NONE', #1267, #628, #7601 ) ;
#5156 = PLANE ( 'NONE',  #3848 ) ;
#5157 = CARTESIAN_POINT ( 'NONE',  ( 2.545380161010870168, 3.074208575620020145, 0.000000000000000000 ) ) ;
#5158 = ORIENTED_EDGE ( 'NONE', *, *, #7652, .T. ) ;
#5159 = ORIENTED_EDGE ( 'NONE', *, *, #7568, .F. ) ;
#5160 = ORIENTED_EDGE ( 'NONE', *, *, #7246, .F. ) ;
#5161 = CARTESIAN_POINT ( 'NONE',  ( -2.449999999999999734, 3.250000000000000000, 19.00000000000000000 ) ) ;
#5162 = VECTOR ( 'NONE', #3928, 1000.000000000000000 ) ;
#5163 = CARTESIAN_POINT ( 'NONE',  ( -1.901920338495283636, 2.679325418953865334, 12.12312388979353095 ) ) ;
#5164 = CARTESIAN_POINT ( 'NONE',  ( 1.000000000000000000, 1.500000000000000000, 0.2999999999999999889 ) ) ;
#5165 = CARTESIAN_POINT ( 'NONE',  ( -2.040305328863119882, 3.050000000000000266, 12.14999999999999858 ) ) ;
#5166 = EDGE_LOOP ( 'NONE', ( #8270, #1284, #5399, #8418 ) ) ;
#5167 = PLANE ( 'NONE',  #1661 ) ;
#5168 =( NAMED_UNIT ( * ) PLANE_ANGLE_UNIT ( ) SI_UNIT ( $, .RADIAN. ) );
#5169 = ORIENTED_EDGE ( 'NONE', *, *, #5252, .F. ) ;
#5170 = FACE_OUTER_BOUND ( 'NONE', #5547, .T. ) ;
#5171 = ORIENTED_EDGE ( 'NONE', *, *, #1026, .F. ) ;
#5172 = CARTESIAN_POINT ( 'NONE',  ( 0.3250000000000000111, 7.900000000000000355, 0.000000000000000000 ) ) ;
#5173 = DIRECTION ( 'NONE',  ( 0.000000000000000000, 0.000000000000000000, 1.000000000000000000 ) ) ;
#5174 = ORIENTED_EDGE ( 'NONE', *, *, #3657, .T. ) ;
#5175 = CYLINDRICAL_SURFACE ( 'NONE', #2323, 0.09999999999999996392 ) ;
#5176 = DIRECTION ( 'NONE',  ( 0.000000000000000000, 0.000000000000000000, -1.000000000000000000 ) ) ;
#5177 = CARTESIAN_POINT ( 'NONE',  ( -1.029289321881345254, 3.120710678118654879, 9.250000000000000000 ) ) ;
#5178 = ORIENTED_EDGE ( 'NONE', *, *, #6387, .F. ) ;
#5179 = CARTESIAN_POINT ( 'NONE',  ( -1.899189142059919844, 2.652588443323439904, 11.29999999999999893 ) ) ;
#5180 =( NAMED_UNIT ( * ) SI_UNIT ( $, .STERADIAN. ) SOLID_ANGLE_UNIT ( ) );
#5181 = EDGE_CURVE ( 'NONE', #1171, #8273, #6095, .T. ) ;
#5182 = B_SPLINE_CURVE_WITH_KNOTS ( 'NONE', 3,
 ( #883, #4937, #2959, #5793 ),
 .UNSPECIFIED., .F., .F.,
 ( 4, 4 ),
 ( 0.000000000000000000, 1.000000000000000000 ),
 .UNSPECIFIED. ) ;
#5183 = STYLED_ITEM ( 'NONE', ( #502 ), #5195 ) ;
#5184 = LINE ( 'NONE', #1678, #1235 ) ;
#5185 = CARTESIAN_POINT ( 'NONE',  ( 1.772709845207611989, 6.149999999999999467, 8.432575027761400221 ) ) ;
#5186 = DIRECTION ( 'NONE',  ( -1.000000000000000000, 4.205390244792259832E-16, 0.000000000000000000 ) ) ;
#5187 = ORIENTED_EDGE ( 'NONE', *, *, #907, .F. ) ;
#5188 = CARTESIAN_POINT ( 'NONE',  ( 0.6000000000174630088, 3.149999999999999911, 13.82500000002399965 ) ) ;
#5189 = EDGE_CURVE ( 'NONE', #6554, #3903, #183, .T. ) ;
#5190 = CARTESIAN_POINT ( 'NONE',  ( -1.979137694382000934, 3.147023568853446474, 12.07928932188134397 ) ) ;
#5191 = VERTEX_POINT ( 'NONE', #2949 ) ;
#5192 = AXIS2_PLACEMENT_3D ( 'NONE', #5534, #6682, #4564 ) ;
#5193 = DIRECTION ( 'NONE',  ( -1.000000000000000000, 0.000000000000000000, 0.000000000000000000 ) ) ;
#5194 = DIRECTION ( 'NONE',  ( 0.5506908908668940450, -0.8347092563978349977, 0.000000000000000000 ) ) ;
#5195 = ADVANCED_BREP_SHAPE_REPRESENTATION ( '', ( #4450, #7203 ), #150 ) ;
#5196 = EDGE_CURVE ( 'NONE', #5630, #5573, #4853, .T. ) ;
#5197 = CARTESIAN_POINT ( 'NONE',  ( -0.4302828521505699944, 5.349999999999999645, 12.30000000000000071 ) ) ;
#5198 = DIRECTION ( 'NONE',  ( 0.000000000000000000, 0.000000000000000000, 1.000000000000000000 ) ) ;
#5199 = AXIS2_PLACEMENT_3D ( 'NONE', #3095, #302, #5837 ) ;
#5200 = DIRECTION ( 'NONE',  ( 0.000000000000000000, -1.000000000000000000, 0.000000000000000000 ) ) ;
#5201 = EDGE_LOOP ( 'NONE', ( #8035, #4692, #7380, #8697 ) ) ;
#5202 = ORIENTED_EDGE ( 'NONE', *, *, #5150, .F. ) ;
#5203 = CARTESIAN_POINT ( 'NONE',  ( 0.4302828521505699944, 6.150000000000000355, 12.30000000000000071 ) ) ;
#5204 = ORIENTED_EDGE ( 'NONE', *, *, #7750, .F. ) ;
#5205 = ORIENTED_EDGE ( 'NONE', *, *, #6036, .F. ) ;
#5206 = CARTESIAN_POINT ( 'NONE',  ( 2.452666114461479641, 3.112716438724831391, 12.07146229223722855 ) ) ;
#5207 = B_SPLINE_CURVE_WITH_KNOTS ( 'NONE', 3,
 ( #3038, #5784, #8586, #5740, #1060, #5827 ),
 .UNSPECIFIED., .F., .F.,
 ( 4, 2, 4 ),
 ( 0.000000000000000000, 0.5000000000000000000, 1.000000000000000000 ),
 .UNSPECIFIED. ) ;
#5208 = CARTESIAN_POINT ( 'NONE',  ( 1.718926793259379915, 6.150000000000000355, 6.846206622049156643 ) ) ;
#5209 = SPHERICAL_SURFACE ( 'NONE', #1460, 0.1000000000000000056 ) ;
#5210 = AXIS2_PLACEMENT_3D ( 'NONE', #4078, #2145, #6193 ) ;
#5211 = EDGE_LOOP ( 'NONE', ( #2868, #139, #6739, #4991 ) ) ;
#5212 = CARTESIAN_POINT ( 'NONE',  ( 2.520710678118654791, 6.120710678118654435, 0.000000000000000000 ) ) ;
#5213 = LINE ( 'NONE', #3862, #3863 ) ;
#5214 = VERTEX_POINT ( 'NONE', #4478 ) ;
#5215 = DIRECTION ( 'NONE',  ( 0.000000000000000000, 0.000000000000000000, 1.000000000000000000 ) ) ;
#5216 = VERTEX_POINT ( 'NONE', #4522 ) ;
#5217 = DIRECTION ( 'NONE',  ( 0.000000000000000000, -1.000000000000000000, 0.000000000000000000 ) ) ;
#5218 = CARTESIAN_POINT ( 'NONE',  ( -1.048293601660255314, 3.139714957897565384, 18.54829360166025154 ) ) ;
#5219 = EDGE_CURVE ( 'NONE', #3770, #2955, #7181, .T. ) ;
#5220 = VECTOR ( 'NONE', #3801, 1000.000000000000000 ) ;
#5221 = CARTESIAN_POINT ( 'NONE',  ( -1.956349721180278278, 2.736931278386699251, 7.039714957897567515 ) ) ;
#5222 =( BOUNDED_CURVE ( )  B_SPLINE_CURVE ( 3, ( #5119, #3012, #7778, #2423 ),
 .UNSPECIFIED., .F., .T. ) 
 B_SPLINE_CURVE_WITH_KNOTS ( ( 4, 4 ),
 ( 3.141592653589793116, 3.926990816987243171 ),
 .UNSPECIFIED. ) 
 CURVE ( )  GEOMETRIC_REPRESENTATION_ITEM ( )  RATIONAL_B_SPLINE_CURVE ( ( 1.000000000000000000, 0.9492530216741910110, 0.9492530216741910110, 1.000000000000000000 ) ) 
 REPRESENTATION_ITEM ( '' )  );
#5223 = DIRECTION ( 'NONE',  ( -0.5773502691896259531, -0.5773502691896257311, 0.5773502691896257311 ) ) ;
#5224 = VERTEX_POINT ( 'NONE', #7138 ) ;
#5225 = CARTESIAN_POINT ( 'NONE',  ( 0.4302828521505699944, 5.349999999999999645, 12.30000000000000071 ) ) ;
#5226 = DIRECTION ( 'NONE',  ( 1.000000000000000000, 0.000000000000000000, 0.000000000000000000 ) ) ;
#5227 = ADVANCED_FACE ( 'NONE', ( #8640 ), #1693, .T. ) ;
#5228 = EDGE_CURVE ( 'NONE', #6100, #4006, #7810, .T. ) ;
#5229 = CARTESIAN_POINT ( 'NONE',  ( 0.9412390453121951550, 6.150000000000000355, 8.846206651851471037 ) ) ;
#5230 = CARTESIAN_POINT ( 'NONE',  ( -0.4159166666666650469, -7.486083333333329648, -0.5860833333333339557 ) ) ;
#5231 = CARTESIAN_POINT ( 'NONE',  ( 0.5717042083878793868, 5.208578643762690419, 13.10000000000000142 ) ) ;
#5232 = CIRCLE ( 'NONE', #2209, 0.2000000000000000389 ) ;
#5233 = VERTEX_POINT ( 'NONE', #244 ) ;
#5234 = SPHERICAL_SURFACE ( 'NONE', #4731, 0.2000000000000000111 ) ;
#5235 = CARTESIAN_POINT ( 'NONE',  ( 0.3250000000000000111, -7.576999999999999957, -5.200000000000000178 ) ) ;
#5237 = ORIENTED_EDGE ( 'NONE', *, *, #7949, .T. ) ;
#5236 = EDGE_CURVE ( 'NONE', #1111, #5416, #1551, .T. ) ;
#5238 = DIRECTION ( 'NONE',  ( 0.000000000000000000, -1.000000000000000000, 0.000000000000000000 ) ) ;
#5239 = DIRECTION ( 'NONE',  ( 1.000000000000000000, 0.000000000000000000, 0.000000000000000000 ) ) ;
#5240 = PLANE ( 'NONE',  #1605 ) ;
#5241 = VECTOR ( 'NONE', #5299, 1000.000000000000000 ) ;
#5242 = CARTESIAN_POINT ( 'NONE',  ( 1.689205451941495628, 6.150000000000000355, 10.60471559215579873 ) ) ;
#5243 = DIRECTION ( 'NONE',  ( 0.000000000000000000, 0.000000000000000000, -1.000000000000000000 ) ) ;
#5244 = VERTEX_POINT ( 'NONE', #2368 ) ;
#5245 = ORIENTED_EDGE ( 'NONE', *, *, #4660, .F. ) ;
#5246 = CARTESIAN_POINT ( 'NONE',  ( -2.040305328863119882, 3.050000000000000266, 6.949999999999999289 ) ) ;
#5247 = ORIENTED_EDGE ( 'NONE', *, *, #6731, .T. ) ;
#5248 = ORIENTED_EDGE ( 'NONE', *, *, #8664, .T. ) ;
#5249 = DIRECTION ( 'NONE',  ( 0.5558414053436461222, 0.6155134058435935973, 0.5587339074482774448 ) ) ;
#5250 = DIRECTION ( 'NONE',  ( 0.000000000000000000, 1.000000000000000000, 0.000000000000000000 ) ) ;
#5251 = VECTOR ( 'NONE', #2422, 1000.000000000000000 ) ;
#5252 = EDGE_CURVE ( 'NONE', #4006, #4627, #1061, .T. ) ;
#5253 = DIRECTION ( 'NONE',  ( -1.000000000000000000, 0.000000000000000000, 0.000000000000000000 ) ) ;
#5254 = ORIENTED_EDGE ( 'NONE', *, *, #4491, .F. ) ;
#5255 = DIRECTION ( 'NONE',  ( -1.000000000000000000, 0.000000000000000000, 0.000000000000000000 ) ) ;
#5256 = CARTESIAN_POINT ( 'NONE',  ( -0.4302828521505699944, 6.150000000000000355, 12.30000000000000071 ) ) ;
#5257 = VECTOR ( 'NONE', #12, 1000.000000000000227 ) ;
#5258 = ORIENTED_EDGE ( 'NONE', *, *, #1026, .T. ) ;
#5259 = ORIENTED_EDGE ( 'NONE', *, *, #5417, .F. ) ;
#5261 = EDGE_CURVE ( 'NONE', #6100, #3952, #3133, .T. ) ;
#5260 = CARTESIAN_POINT ( 'NONE',  ( 2.449999999999999734, 6.049999999999999822, 19.00000000000000000 ) ) ;
#5262 = EDGE_CURVE ( 'NONE', #6762, #7852, #7764, .T. ) ;
#5263 = EDGE_CURVE ( 'NONE', #6126, #6274, #401, .T. ) ;
#5264 = DIRECTION ( 'NONE',  ( -4.625929269271579591E-16, -1.000000000000000000, -4.625929269271489858E-16 ) ) ;
#5265 = EDGE_CURVE ( 'NONE', #3366, #5011, #291, .T. ) ;
#5266 = EDGE_CURVE ( 'NONE', #1663, #5086, #5429, .T. ) ;
#5267 = CARTESIAN_POINT ( 'NONE',  ( 1.152476217557649951, 6.150000000000000355, 10.81622288866240034 ) ) ;
#5268 = AXIS2_PLACEMENT_3D ( 'NONE', #2739, #4897, #6150 ) ;
#5269 = ORIENTED_EDGE ( 'NONE', *, *, #1072, .T. ) ;
#5270 = CARTESIAN_POINT ( 'NONE',  ( 1.718926793259379915, 6.149950000000000472, 6.848637740399809992 ) ) ;
#5271 = CYLINDRICAL_SURFACE ( 'NONE', #1414, 0.1999999999999989009 ) ;
#5272 = EDGE_LOOP ( 'NONE', ( #6410, #7767, #5666, #2312, #4802, #5294 ) ) ;
#5273 = DIRECTION ( 'NONE',  ( 1.000000000000000000, 0.000000000000000000, 4.163336342344339985E-16 ) ) ;
#5274 =( BOUNDED_CURVE ( )  B_SPLINE_CURVE ( 3, ( #3552, #2203, #6973, #4949 ),
 .UNSPECIFIED., .F., .F. ) 
 B_SPLINE_CURVE_WITH_KNOTS ( ( 4, 4 ),
 ( 5.497787143782137953, 6.181387865993601238 ),
 .UNSPECIFIED. ) 
 CURVE ( )  GEOMETRIC_REPRESENTATION_ITEM ( )  RATIONAL_B_SPLINE_CURVE ( ( 1.000000000000000000, 0.9614351605251656441, 0.9614351605251656441, 1.000000000000000000 ) ) 
 REPRESENTATION_ITEM ( '' )  );
#5275 = CARTESIAN_POINT ( 'NONE',  ( -0.5717042083878793868, 5.349999999999999645, 12.15857864376268971 ) ) ;
#5276 = DIRECTION ( 'NONE',  ( -0.1016217158801560189, -0.9948231133531091341, 0.000000000000000000 ) ) ;
#5277 = ORIENTED_EDGE ( 'NONE', *, *, #7555, .T. ) ;
#5278 = ORIENTED_EDGE ( 'NONE', *, *, #5031, .F. ) ;
#5279 = CARTESIAN_POINT ( 'NONE',  ( -0.6302828521505720039, 6.150000000000000355, 8.050000000000000711 ) ) ;
#5280 = DIRECTION ( 'NONE',  ( -1.000000000000000000, 0.000000000000000000, 0.000000000000000000 ) ) ;
#5281 = B_SPLINE_CURVE_WITH_KNOTS ( 'NONE', 3,
 ( #3139, #1788, #5206, #7960 ),
 .UNSPECIFIED., .F., .F.,
 ( 4, 4 ),
 ( -0.03014254293318389261, -0.02700199928588239984 ),
 .UNSPECIFIED. ) ;
#5282 = CARTESIAN_POINT ( 'NONE',  ( -1.275000000000000133, 3.050000000000000266, 18.59999999999999787 ) ) ;
#5283 = CARTESIAN_POINT ( 'NONE',  ( 0.2039001575005749967, -0.3248106549622170047, 0.2999999999999999889 ) ) ;
#5284 = VECTOR ( 'NONE', #3702, 1000.000000000000000 ) ;
#5285 = CARTESIAN_POINT ( 'NONE',  ( -2.449999999999999734, 3.124528639857839796, 12.08332555331359792 ) ) ;
#5286 = CARTESIAN_POINT ( 'NONE',  ( -2.550000000000000266, 6.049999999999999822, 19.00000000000000000 ) ) ;
#5287 = CARTESIAN_POINT ( 'NONE',  ( 1.197999302486840056, -4.211691038813009769, 7.799999999999999822 ) ) ;
#5288 = ORIENTED_EDGE ( 'NONE', *, *, #8791, .T. ) ;
#5289 = CIRCLE ( 'NONE', #2560, 0.09999999999999936717 ) ;
#5290 = VECTOR ( 'NONE', #6990, 1000.000000000000000 ) ;
#5291 = ORIENTED_EDGE ( 'NONE', *, *, #5150, .T. ) ;
#5292 = LINE ( 'NONE', #8818, #7842 ) ;
#5293 = EDGE_LOOP ( 'NONE', ( #1355, #7053, #4142, #1314 ) ) ;
#5294 = ORIENTED_EDGE ( 'NONE', *, *, #905, .F. ) ;
#5295 = UNCERTAINTY_MEASURE_WITH_UNIT (LENGTH_MEASURE( 1.000000000000000082E-05 ), #7347, 'distance_accuracy_value', 'NONE');
#5296 = CARTESIAN_POINT ( 'NONE',  ( -0.4302828521505719928, 5.349999999999999645, 6.799999999999999822 ) ) ;
#5297 = VECTOR ( 'NONE', #2018, 1000.000000000000000 ) ;
#5298 = CIRCLE ( 'NONE', #7029, 0.09999999999999939493 ) ;
#5299 = DIRECTION ( 'NONE',  ( 0.000000000000000000, -1.000000000000000000, 0.000000000000000000 ) ) ;
#5300 = CARTESIAN_POINT ( 'NONE',  ( 1.902881415125309950, 6.149899999999999700, 8.346206644400899322 ) ) ;
#5301 = EDGE_CURVE ( 'NONE', #4420, #2899, #7271, .T. ) ;
#5302 = ORIENTED_EDGE ( 'NONE', *, *, #4294, .F. ) ;
#5303 = CARTESIAN_POINT ( 'NONE',  ( -2.449999999999999734, 3.250000000000000000, 0.000000000000000000 ) ) ;
#5304 = DIRECTION ( 'NONE',  ( 0.000000000000000000, -1.000000000000000000, 0.000000000000000000 ) ) ;
#5305 = AXIS2_PLACEMENT_3D ( 'NONE', #1211, #8106, #8786 ) ;
#5306 = ORIENTED_EDGE ( 'NONE', *, *, #4095, .F. ) ;
#5307 = ORIENTED_EDGE ( 'NONE', *, *, #5037, .F. ) ;
#5308 = CARTESIAN_POINT ( 'NONE',  ( -2.449999999999999734, 3.149999999999999911, 6.949999999999999289 ) ) ;
#5309 = ADVANCED_FACE ( 'NONE', ( #5829 ), #5156, .F. ) ;
#5310 = CARTESIAN_POINT ( 'NONE',  ( 1.257014306635650058, 6.150000000000000355, 11.24815158229476708 ) ) ;
#5311 = CYLINDRICAL_SURFACE ( 'NONE', #4479, 0.1000000000000000749 ) ;
#5312 = VERTEX_POINT ( 'NONE', #8542 ) ;
#5313 = CARTESIAN_POINT ( 'NONE',  ( 2.449999999999999734, 1.004596597366330002, 0.1000000000000000056 ) ) ;
#5314 = DIRECTION ( 'NONE',  ( 0.000000000000000000, 0.000000000000000000, 1.000000000000000000 ) ) ;
#5315 = EDGE_LOOP ( 'NONE', ( #2454, #5063, #4494, #1782, #5126, #8704 ) ) ;
#5316 = EDGE_CURVE ( 'NONE', #4241, #7876, #6408, .T. ) ;
#5317 = EDGE_CURVE ( 'NONE', #8401, #1186, #5742, .T. ) ;
#5318 = LINE ( 'NONE', #6668, #1415 ) ;
#5319 = ADVANCED_FACE ( 'NONE', ( #6549 ), #7184, .F. ) ;
#5320 = VECTOR ( 'NONE', #1191, 1000.000000000000000 ) ;
#5321 = FACE_OUTER_BOUND ( 'NONE', #309, .T. ) ;
#5322 = CARTESIAN_POINT ( 'NONE',  ( 1.856690166462940050, 6.149899994780049894, 6.841344385347849943 ) ) ;
#5323 = ORIENTED_EDGE ( 'NONE', *, *, #8885, .T. ) ;
#5324 = ORIENTED_EDGE ( 'NONE', *, *, #5468, .T. ) ;
#5325 = CARTESIAN_POINT ( 'NONE',  ( 1.755926416376843546, 6.150000000000000355, 9.757698417393141810 ) ) ;
#5326 = CARTESIAN_POINT ( 'NONE',  ( 1.708970524838450800, 6.150000000000000355, 8.678851946177402965 ) ) ;
#5327 = DIRECTION ( 'NONE',  ( -1.000000000000000000, 0.000000000000000000, 0.000000000000000000 ) ) ;
#5328 = DIRECTION ( 'NONE',  ( 0.000000000000000000, 0.000000000000000000, 1.000000000000000000 ) ) ;
#5329 = CARTESIAN_POINT ( 'NONE',  ( 1.000000000000000000, -6.150000000000000355, 11.29999999999999893 ) ) ;
#5330 = CARTESIAN_POINT ( 'NONE',  ( -1.909351313647939863, 2.752070754658749951, 11.29999999999999893 ) ) ;
#5331 = DIRECTION ( 'NONE',  ( 0.000000000000000000, 0.000000000000000000, 1.000000000000000000 ) ) ;
#5332 = PRODUCT_DEFINITION_SHAPE ( 'NONE', 'NONE',  #3405 ) ;
#5333 = CARTESIAN_POINT ( 'NONE',  ( 2.449999999999999734, 3.104252291860539970, 12.06599589993410149 ) ) ;
#5334 = EDGE_LOOP ( 'NONE', ( #728, #7665, #31, #3893 ) ) ;
#5335 = VECTOR ( 'NONE', #5455, 1000.000000000000000 ) ;
#5336 = EDGE_LOOP ( 'NONE', ( #4922, #5950, #8778, #1342, #228, #5671, #729, #6485, #2020, #6066, #7690, #4351, #5530 ) ) ;
#5337 = AXIS2_PLACEMENT_3D ( 'NONE', #5439, #2737, #2057 ) ;
#5338 = CARTESIAN_POINT ( 'NONE',  ( 1.917468125229199849, 6.149899987271909119, 10.97262483588770010 ) ) ;
#5339 = CARTESIAN_POINT ( 'NONE',  ( 0.9401585482674501559, 6.150000000000000355, 11.51962646478420105 ) ) ;
#5340 = CARTESIAN_POINT ( 'NONE',  ( 1.639510260471430003, 6.149899999999999700, 8.808929503808160533 ) ) ;
#5341 = CARTESIAN_POINT ( 'NONE',  ( 2.449999999999999734, 3.250000000000000000, 0.1000000000000000056 ) ) ;
#5342 = CIRCLE ( 'NONE', #8372, 0.1000000000000000749 ) ;
#5343 = FACE_BOUND ( 'NONE', #4943, .T. ) ;
#5344 = ORIENTED_EDGE ( 'NONE', *, *, #1790, .F. ) ;
#5345 = CARTESIAN_POINT ( 'NONE',  ( 1.187322247250316876, 6.150000000000000355, 10.83243034433339957 ) ) ;
#5346 = PRESENTATION_STYLE_ASSIGNMENT (( #1838 ) ) ;
#5347 = VERTEX_POINT ( 'NONE', #5060 ) ;
#5348 = ORIENTED_EDGE ( 'NONE', *, *, #1300, .T. ) ;
#5349 = ADVANCED_FACE ( 'NONE', ( #4381 ), #8589, .T. ) ;
#5350 = CARTESIAN_POINT ( 'NONE',  ( 1.294291454678969888, 6.149949536118099580, 10.14118235996499884 ) ) ;
#5351 = VECTOR ( 'NONE', #2374, 1000.000000000000000 ) ;
#5352 = CARTESIAN_POINT ( 'NONE',  ( 1.906114589121584046, 6.150000000000000355, 6.980824386761591782 ) ) ;
#5353 = LINE ( 'NONE', #5979, #3323 ) ;
#5354 = ORIENTED_EDGE ( 'NONE', *, *, #2504, .F. ) ;
#5355 = DIRECTION ( 'NONE',  ( 0.000000000000000000, -1.000000000000000000, 0.000000000000000000 ) ) ;
#5356 = LINE ( 'NONE', #4048, #6869 ) ;
#5357 = AXIS2_PLACEMENT_3D ( 'NONE', #6986, #6308, #145 ) ;
#5358 = EDGE_CURVE ( 'NONE', #7067, #5557, #7882, .T. ) ;
#5359 = CARTESIAN_POINT ( 'NONE',  ( -1.029289321881345254, 3.120710678118654879, 0.2707106781186547351 ) ) ;
#5360 = CARTESIAN_POINT ( 'NONE',  ( 0.08006199179814067757, -1.425000000000000044, 18.42928932188134539 ) ) ;
#5361 = ORIENTED_EDGE ( 'NONE', *, *, #8395, .F. ) ;
#5362 = EDGE_LOOP ( 'NONE', ( #8209, #3138, #4039, #8313, #7545 ) ) ;
#5363 = CARTESIAN_POINT ( 'NONE',  ( -2.040305328863119882, 3.149999999999999911, 0.000000000000000000 ) ) ;
#5364 = LINE ( 'NONE', #6764, #967 ) ;
#5365 = DIRECTION ( 'NONE',  ( 0.000000000000000000, 0.000000000000000000, 1.000000000000000000 ) ) ;
#5366 = EDGE_CURVE ( 'NONE', #4136, #8410, #8051, .T. ) ;
#5367 = EDGE_CURVE ( 'NONE', #5629, #7026, #3213, .T. ) ;
#5368 = ADVANCED_FACE ( 'NONE', ( #7445 ), #6643, .F. ) ;
#5369 = DIRECTION ( 'NONE',  ( 0.000000000000000000, 0.000000000000000000, -1.000000000000000000 ) ) ;
#5370 = EDGE_CURVE ( 'NONE', #5482, #518, #6418, .T. ) ;
#5371 = AXIS2_PLACEMENT_3D ( 'NONE', #7248, #7204, #3776 ) ;
#5372 = CARTESIAN_POINT ( 'NONE',  ( 1.540644780878280162, 6.149899879328749819, 10.20277069151480021 ) ) ;
#5373 = CARTESIAN_POINT ( 'NONE',  ( -2.229675656823970176, 3.149999999999999911, 6.949999999999999289 ) ) ;
#5374 = EDGE_LOOP ( 'NONE', ( #8155, #5567, #7222, #6839 ) ) ;
#5375 = ORIENTED_EDGE ( 'NONE', *, *, #7057, .F. ) ;
#5376 = CARTESIAN_POINT ( 'NONE',  ( -2.520710678118653014, 3.250000000000000000, 19.07071067811865461 ) ) ;
#5377 = CARTESIAN_POINT ( 'NONE',  ( 1.471763094276499872, 6.149899999999999700, 9.683321737259008799 ) ) ;
#5378 = CYLINDRICAL_SURFACE ( 'NONE', #2722, 0.2000000000000000389 ) ;
#5379 = EDGE_CURVE ( 'NONE', #6465, #1971, #4419, .T. ) ;
#5380 = CIRCLE ( 'NONE', #6534, 0.1999999999999987899 ) ;
#5381 = DIRECTION ( 'NONE',  ( -4.205390244792259832E-16, -1.000000000000000000, 0.000000000000000000 ) ) ;
#5382 = B_SPLINE_CURVE_WITH_KNOTS ( 'NONE', 3,
 ( #1775, #6721, #553, #1946 ),
 .UNSPECIFIED., .F., .F.,
 ( 4, 4 ),
 ( 0.000000000000000000, 1.000000000000000000 ),
 .UNSPECIFIED. ) ;
#5383 = CARTESIAN_POINT ( 'NONE',  ( 1.540644780878294151, 6.150000000000000355, 7.000717699446096454 ) ) ;
#5384 = CARTESIAN_POINT ( 'NONE',  ( 1.820223391203169783, 6.149899999999999700, 8.346206644400899322 ) ) ;
#5385 = ORIENTED_EDGE ( 'NONE', *, *, #7969, .F. ) ;
#5386 = DIRECTION ( 'NONE',  ( 0.000000000000000000, 0.000000000000000000, -1.000000000000000000 ) ) ;
#5387 = CARTESIAN_POINT ( 'NONE',  ( 1.580353047272260225, 6.149950000282250251, 8.682511349574300041 ) ) ;
#5388 = VERTEX_POINT ( 'NONE', #1237 ) ;
#5389 = ORIENTED_EDGE ( 'NONE', *, *, #576, .T. ) ;
#5390 = VECTOR ( 'NONE', #146, 1000.000000000000000 ) ;
#5391 = CARTESIAN_POINT ( 'NONE',  ( 0.9620386134233203101, 6.149999999999999467, 9.010678938325536791 ) ) ;
#5392 = CARTESIAN_POINT ( 'NONE',  ( 2.449999999999999734, 3.050000000000000266, 12.14999999999999858 ) ) ;
#5393 = VERTEX_POINT ( 'NONE', #1997 ) ;
#5394 = VECTOR ( 'NONE', #7691, 1000.000000000000000 ) ;
#5395 = DIRECTION ( 'NONE',  ( -4.625929269271479997E-16, -1.000000000000000000, 4.625929269271479997E-16 ) ) ;
#5396 = EDGE_CURVE ( 'NONE', #4258, #986, #2632, .T. ) ;
#5397 = DIRECTION ( 'NONE',  ( 0.000000000000000000, 0.000000000000000000, -1.000000000000000000 ) ) ;
#5398 = ADVANCED_BREP_SHAPE_REPRESENTATION ( '', ( #4540, #7203 ), #6482 ) ;
#5399 = ORIENTED_EDGE ( 'NONE', *, *, #8237, .T. ) ;
#5400 = DIRECTION ( 'NONE',  ( -1.000000000000000000, 0.000000000000000000, 3.469446951953610245E-16 ) ) ;
#5401 = VERTEX_POINT ( 'NONE', #4063 ) ;
#5402 = DIRECTION ( 'NONE',  ( 1.000000000000000000, 0.000000000000000000, 0.000000000000000000 ) ) ;
#5403 = CIRCLE ( 'NONE', #5541, 0.1000000000000001860 ) ;
#5404 = EDGE_CURVE ( 'NONE', #3057, #3469, #2586, .T. ) ;
#5405 = CARTESIAN_POINT ( 'NONE',  ( -0.3203243431760319782, 3.050000000000000266, 6.949999999999999289 ) ) ;
#5406 = DIRECTION ( 'NONE',  ( -0.7071067811865466846, 0.000000000000000000, -0.7071067811865483499 ) ) ;
#5407 = ORIENTED_EDGE ( 'NONE', *, *, #3181, .T. ) ;
#5408 = VECTOR ( 'NONE', #6390, 1000.000000000000000 ) ;
#5409 = ORIENTED_EDGE ( 'NONE', *, *, #895, .T. ) ;
#5410 = CARTESIAN_POINT ( 'NONE',  ( 0.5717042083878823844, 6.150000000000000355, 3.058578643762690508 ) ) ;
#5411 = CARTESIAN_POINT ( 'NONE',  ( -1.909351313647939863, 2.752070754658749951, 12.05000000000000071 ) ) ;
#5412 = CARTESIAN_POINT ( 'NONE',  ( -0.4302828521505729920, 6.150000000000000355, 3.000000000000000000 ) ) ;
#5413 = EDGE_CURVE ( 'NONE', #7178, #792, #8362, .T. ) ;
#5414 = LINE ( 'NONE', #4740, #7583 ) ;
#5415 = CARTESIAN_POINT ( 'NONE',  ( -1.969960711909809481, 3.057185740441467292, 12.07928932188134397 ) ) ;
#5416 = VERTEX_POINT ( 'NONE', #5286 ) ;
#5417 = EDGE_CURVE ( 'NONE', #3469, #8124, #1823, .T. ) ;
#5418 = VERTEX_POINT ( 'NONE', #7320 ) ;
#5419 = DIRECTION ( 'NONE',  ( 0.000000000000000000, 1.000000000000000000, 0.000000000000000000 ) ) ;
#5420 = ADVANCED_FACE ( 'NONE', ( #1282 ), #4018, .F. ) ;
#5421 = EDGE_CURVE ( 'NONE', #1403, #8329, #5289, .T. ) ;
#5422 = CARTESIAN_POINT ( 'NONE',  ( 1.214874921891029969, 6.149899831514429316, 9.766790133964699194 ) ) ;
#5423 = FACE_OUTER_BOUND ( 'NONE', #5272, .T. ) ;
#5424 = EDGE_CURVE ( 'NONE', #7543, #1621, #5414, .T. ) ;
#5425 = ADVANCED_FACE ( 'NONE', ( #1329 ), #6804, .F. ) ;
#5426 = FACE_OUTER_BOUND ( 'NONE', #5111, .T. ) ;
#5427 = CARTESIAN_POINT ( 'NONE',  ( 1.540644780878290154, 6.149899879328749819, 7.347017002283290132 ) ) ;
#5428 = LINE ( 'NONE', #4707, #599 ) ;
#5429 = CIRCLE ( 'NONE', #7161, 0.1999999999999996503 ) ;
#5430 = VECTOR ( 'NONE', #3304, 1000.000000000000000 ) ;
#5431 = ORIENTED_EDGE ( 'NONE', *, *, #1130, .T. ) ;
#5432 = EDGE_LOOP ( 'NONE', ( #5663, #3559, #8566, #7514 ) ) ;
#5433 = B_SPLINE_CURVE_WITH_KNOTS ( 'NONE', 3,
 ( #1977, #5709, #5798, #933 ),
 .UNSPECIFIED., .F., .F.,
 ( 4, 4 ),
 ( 0.000000000000000000, 1.000000000000000000 ),
 .UNSPECIFIED. ) ;
#5434 = VERTEX_POINT ( 'NONE', #5957 ) ;
#5435 = CIRCLE ( 'NONE', #8037, 0.09973273910881323701 ) ;
#5436 = AXIS2_PLACEMENT_3D ( 'NONE', #5203, #478, #2548 ) ;
#5437 = CARTESIAN_POINT ( 'NONE',  ( -0.3250000000000000111, 7.900000000000000355, -5.200000000000000178 ) ) ;
#5438 = CARTESIAN_POINT ( 'NONE',  ( 1.000000000000000000, 1.500000000000000000, 0.5999999999999999778 ) ) ;
#5439 = CARTESIAN_POINT ( 'NONE',  ( -2.029157968159279957, 2.940873205741360241, 6.949999999999999289 ) ) ;
#5440 = ORIENTED_EDGE ( 'NONE', *, *, #626, .F. ) ;
#5441 = AXIS2_PLACEMENT_3D ( 'NONE', #7346, #2437, #8708 ) ;
#5442 = FACE_OUTER_BOUND ( 'NONE', #6567, .T. ) ;
#5443 = LINE ( 'NONE', #4683, #5297 ) ;
#5444 = ORIENTED_EDGE ( 'NONE', *, *, #134, .F. ) ;
#5445 = CARTESIAN_POINT ( 'NONE',  ( 1.909351313647939863, 2.752070754658749951, 7.049999999999999822 ) ) ;
#5446 = ORIENTED_EDGE ( 'NONE', *, *, #7169, .F. ) ;
#5447 = AXIS2_PLACEMENT_3D ( 'NONE', #2183, #1606, #7812 ) ;
#5448 = DIRECTION ( 'NONE',  ( -0.5506908908668933789, 0.8347092563978354418, 0.000000000000000000 ) ) ;
#5449 = FACE_OUTER_BOUND ( 'NONE', #6743, .T. ) ;
#5450 = ORIENTED_EDGE ( 'NONE', *, *, #2781, .F. ) ;
#5451 = ORIENTED_EDGE ( 'NONE', *, *, #5219, .T. ) ;
#5452 = ADVANCED_FACE ( 'NONE', ( #3891 ), #8773, .F. ) ;
#5453 = DIRECTION ( 'NONE',  ( 0.9948231133531089121, -0.1016217158801569903, 0.000000000000000000 ) ) ;
#5454 = ORIENTED_EDGE ( 'NONE', *, *, #7634, .F. ) ;
#5455 = DIRECTION ( 'NONE',  ( 1.000000000000000000, 0.000000000000000000, 0.000000000000000000 ) ) ;
#5456 = CARTESIAN_POINT ( 'NONE',  ( 1.923951107497619883, 6.150000000000001243, 8.532661626462756388 ) ) ;
#5457 = EDGE_CURVE ( 'NONE', #7710, #8342, #6829, .T. ) ;
#5458 = CARTESIAN_POINT ( 'NONE',  ( 0.4302828521505729920, 5.349999999999999645, 4.000000000000000000 ) ) ;
#5459 = CARTESIAN_POINT ( 'NONE',  ( 1.029289321881347030, 3.120710678118655323, 18.82928932188134752 ) ) ;
#5460 = ORIENTED_EDGE ( 'NONE', *, *, #4179, .F. ) ;
#5461 = DIRECTION ( 'NONE',  ( 0.000000000000000000, 0.000000000000000000, -1.000000000000000000 ) ) ;
#5462 = ADVANCED_FACE ( 'NONE', ( #7706 ), #2080, .F. ) ;
#5463 = CARTESIAN_POINT ( 'NONE',  ( -2.449999999999999734, 3.149999999999999911, 0.1000000000000000056 ) ) ;
#5464 = CARTESIAN_POINT ( 'NONE',  ( -0.1389940224055029871, 0.1949309109133109952, 0.5999999999999999778 ) ) ;
#5465 = CARTESIAN_POINT ( 'NONE',  ( 0.009351313679485179914, -6.150000000000000355, 18.39999999999999858 ) ) ;
#5466 = DIRECTION ( 'NONE',  ( -4.625929269271559870E-16, 1.000000000000000000, 4.625929269271479997E-16 ) ) ;
#5467 = SPHERICAL_SURFACE ( 'NONE', #182, 0.1000000000000000056 ) ;
#5468 = EDGE_CURVE ( 'NONE', #8900, #7766, #8570, .T. ) ;
#5469 = VERTEX_POINT ( 'NONE', #1500 ) ;
#5470 = ORIENTED_EDGE ( 'NONE', *, *, #8395, .T. ) ;
#5471 = DIRECTION ( 'NONE',  ( -1.000000000000000000, 0.000000000000000000, 0.000000000000000000 ) ) ;
#5472 = ORIENTED_EDGE ( 'NONE', *, *, #576, .F. ) ;
#5473 = PRODUCT ( '0287040.PXCN', '0287040.PXCN', '', ( #7603 ) ) ;
#5474 = EDGE_LOOP ( 'NONE', ( #3883, #6111, #6321, #3850 ) ) ;
#5475 = DIRECTION ( 'NONE',  ( 1.000000000000000000, 0.000000000000000000, 0.000000000000000000 ) ) ;
#5476 = VECTOR ( 'NONE', #8562, 1000.000000000000000 ) ;
#5477 = CARTESIAN_POINT ( 'NONE',  ( -1.029289321881346808, 3.120710678118655323, 18.82928932188134752 ) ) ;
#5478 = CARTESIAN_POINT ( 'NONE',  ( -1.940478040866315812, 3.056785031638665107, 0.5998272879968036264 ) ) ;
#5479 = ORIENTED_EDGE ( 'NONE', *, *, #4445, .T. ) ;
#5480 = CYLINDRICAL_SURFACE ( 'NONE', #1676, 0.09999999999999997780 ) ;
#5481 = LINE ( 'NONE', #3589, #8319 ) ;
#5482 = VERTEX_POINT ( 'NONE', #8301 ) ;
#5483 = AXIS2_PLACEMENT_3D ( 'NONE', #6927, #6250, #5583 ) ;
#5484 = LINE ( 'NONE', #1393, #6444 ) ;
#5485 = VERTEX_POINT ( 'NONE', #1367 ) ;
#5486 = VECTOR ( 'NONE', #6337, 1000.000000000000000 ) ;
#5487 = CARTESIAN_POINT ( 'NONE',  ( 0.000000000000000000, 0.000000000000000000, 0.000000000000000000 ) ) ;
#5488 = ADVANCED_FACE ( 'NONE', ( #2167 ), #2897, .F. ) ;
#5489 = VECTOR ( 'NONE', #1556, 1000.000000000000000 ) ;
#5490 = DIRECTION ( 'NONE',  ( 1.000000000000000000, 0.000000000000000000, 0.000000000000000000 ) ) ;
#5491 = SPHERICAL_SURFACE ( 'NONE', #5056, 0.2000000000000000111 ) ;
#5492 = ORIENTED_EDGE ( 'NONE', *, *, #1939, .T. ) ;
#5493 = ORIENTED_EDGE ( 'NONE', *, *, #3632, .T. ) ;
#5494 = EDGE_CURVE ( 'NONE', #5312, #3089, #4107, .T. ) ;
#5495 = LINE ( 'NONE', #5363, #4571 ) ;
#5496 = EDGE_LOOP ( 'NONE', ( #4902, #7632, #5747, #4952 ) ) ;
#5497 = DIRECTION ( 'NONE',  ( 0.000000000000000000, 0.000000000000000000, 1.000000000000000000 ) ) ;
#5498 = LINE ( 'NONE', #4105, #5320 ) ;
#5499 = EDGE_CURVE ( 'NONE', #2216, #240, #2799, .T. ) ;
#5500 = DIRECTION ( 'NONE',  ( 0.000000000000000000, 0.000000000000000000, 1.000000000000000000 ) ) ;
#5501 = DIRECTION ( 'NONE',  ( 0.000000000000000000, -1.000000000000000000, 0.000000000000000000 ) ) ;
#5502 = ADVANCED_FACE ( 'NONE', ( #5636 ), #8396, .F. ) ;
#5503 = ORIENTED_EDGE ( 'NONE', *, *, #5909, .T. ) ;
#5504 =( BOUNDED_CURVE ( )  B_SPLINE_CURVE ( 3, ( #6008, #5163, #1921, #484 ),
 .UNSPECIFIED., .F., .F. ) 
 B_SPLINE_CURVE_WITH_KNOTS ( ( 4, 4 ),
 ( 1.570796326794869247, 2.356194490192352387 ),
 .UNSPECIFIED. ) 
 CURVE ( )  GEOMETRIC_REPRESENTATION_ITEM ( )  RATIONAL_B_SPLINE_CURVE ( ( 1.000000000000000000, 0.9492530216741866811, 0.9492530216741866811, 1.000000000000000000 ) ) 
 REPRESENTATION_ITEM ( '' )  );
#5505 = CARTESIAN_POINT ( 'NONE',  ( -0.009351313679485140015, -6.150000000000000355, 18.50000000000000000 ) ) ;
#5506 = ORIENTED_EDGE ( 'NONE', *, *, #248, .T. ) ;
#5507 = CARTESIAN_POINT ( 'NONE',  ( 0.1634999999999999787, -7.738500000000000156, 0.000000000000000000 ) ) ;
#5508 = FACE_OUTER_BOUND ( 'NONE', #3331, .T. ) ;
#5509 = DIRECTION ( 'NONE',  ( 0.000000000000000000, 0.7071067811865431318, -0.7071067811865519026 ) ) ;
#5510 = CARTESIAN_POINT ( 'NONE',  ( -0.1625000000000000056, -7.900000000000000355, -1.000000000000000000 ) ) ;
#5511 = LINE ( 'NONE', #2769, #1054 ) ;
#5512 = CARTESIAN_POINT ( 'NONE',  ( 1.718926793259379915, 6.149950000000000472, 6.848637740399809992 ) ) ;
#5513 = VERTEX_POINT ( 'NONE', #2039 ) ;
#5514 = ORIENTED_EDGE ( 'NONE', *, *, #6236, .F. ) ;
#5515 = DIRECTION ( 'NONE',  ( 1.000000000000000000, 0.000000000000000000, 0.000000000000000000 ) ) ;
#5516 = ORIENTED_EDGE ( 'NONE', *, *, #5196, .F. ) ;
#5517 = ORIENTED_EDGE ( 'NONE', *, *, #1498, .T. ) ;
#5518 = B_SPLINE_CURVE_WITH_KNOTS ( 'NONE', 3,
 ( #5114, #977, #3004, #1745 ),
 .UNSPECIFIED., .F., .F.,
 ( 4, 4 ),
 ( 0.000000000000000000, 1.000000000000000000 ),
 .UNSPECIFIED. ) ;
#5519 = DIRECTION ( 'NONE',  ( -0.1016217158801560189, -0.9948231133531091341, 0.000000000000000000 ) ) ;
#5520 = EDGE_CURVE ( 'NONE', #8157, #5434, #3197, .T. ) ;
#5521 = DIRECTION ( 'NONE',  ( 0.000000000000000000, -1.000000000000000000, 0.000000000000000000 ) ) ;
#5522 = DIRECTION ( 'NONE',  ( 1.000000000000000000, 0.000000000000000000, 0.000000000000000000 ) ) ;
#5523 = EDGE_LOOP ( 'NONE', ( #5802, #2220, #4528, #6690 ) ) ;
#5524 = DIRECTION ( 'NONE',  ( -1.000000000000000000, 0.000000000000000000, 0.000000000000000000 ) ) ;
#5525 = FACE_OUTER_BOUND ( 'NONE', #8192, .T. ) ;
#5526 = ADVANCED_FACE ( 'NONE', ( #4785 ), #735, .F. ) ;
#5527 = ORIENTED_EDGE ( 'NONE', *, *, #4128, .F. ) ;
#5528 = ADVANCED_FACE ( 'NONE', ( #6169 ), #6985, .F. ) ;
#5529 = CARTESIAN_POINT ( 'NONE',  ( 1.810769042061753709, 6.150000000000000355, 6.841344385347860602 ) ) ;
#5530 = ORIENTED_EDGE ( 'NONE', *, *, #634, .F. ) ;
#5531 = EDGE_CURVE ( 'NONE', #3388, #8124, #8896, .T. ) ;
#5532 = SURFACE_STYLE_USAGE ( .BOTH. , #3369 ) ;
#5533 = EDGE_CURVE ( 'NONE', #7067, #3805, #2758, .T. ) ;
#5534 = CARTESIAN_POINT ( 'NONE',  ( -0.3203243431760319782, 3.050000000000000266, 6.949999999999999289 ) ) ;
#5535 = CARTESIAN_POINT ( 'NONE',  ( 1.718926793259370145, 6.150000000000000355, 9.701960311280670268 ) ) ;
#5536 = LINE ( 'NONE', #2117, #8096 ) ;
#5537 = VERTEX_POINT ( 'NONE', #1455 ) ;
#5538 = ORIENTED_EDGE ( 'NONE', *, *, #7247, .F. ) ;
#5539 = LINE ( 'NONE', #6164, #4139 ) ;
#5540 = VERTEX_POINT ( 'NONE', #1412 ) ;
#5541 = AXIS2_PLACEMENT_3D ( 'NONE', #1986, #3166, #4649 ) ;
#5542 = DIRECTION ( 'NONE',  ( -1.682156097916909997E-16, 1.000000000000000000, 0.000000000000000000 ) ) ;
#5543 = VECTOR ( 'NONE', #2783, 1000.000000000000000 ) ;
#5544 = CARTESIAN_POINT ( 'NONE',  ( -0.3151414260752850027, 5.349999999999999645, 12.30000000000000071 ) ) ;
#5545 = DIRECTION ( 'NONE',  ( 0.000000000000000000, 0.000000000000000000, -1.000000000000000000 ) ) ;
#5546 = DIRECTION ( 'NONE',  ( 1.000000000000000000, 0.000000000000000000, 0.000000000000000000 ) ) ;
#5547 = EDGE_LOOP ( 'NONE', ( #2764, #1157, #2673, #2753 ) ) ;
#5548 = DIRECTION ( 'NONE',  ( 0.7071067811865466846, -0.7071067811865483499, 0.000000000000000000 ) ) ;
#5549 = ORIENTED_EDGE ( 'NONE', *, *, #6470, .T. ) ;
#5550 = CYLINDRICAL_SURFACE ( 'NONE', #7297, 0.1000000000000007411 ) ;
#5551 = CARTESIAN_POINT ( 'NONE',  ( -0.5717042083878793868, 6.150000000000000355, 12.15857864376268971 ) ) ;
#5552 = LINE ( 'NONE', #3986, #1906 ) ;
#5553 = CARTESIAN_POINT ( 'NONE',  ( 1.809688545017020367, 6.150000000000002132, 7.166131599309297329 ) ) ;
#5554 = CARTESIAN_POINT ( 'NONE',  ( 1.804014274185411049, 6.150000000000001243, 10.98938600844101288 ) ) ;
#5555 =( BOUNDED_CURVE ( )  B_SPLINE_CURVE ( 3, ( #493, #4761, #1930, #2736 ),
 .UNSPECIFIED., .F., .F. ) 
 B_SPLINE_CURVE_WITH_KNOTS ( ( 4, 4 ),
 ( 2.708638984263024962, 2.922269936606281870 ),
 .UNSPECIFIED. ) 
 CURVE ( )  GEOMETRIC_REPRESENTATION_ITEM ( )  RATIONAL_B_SPLINE_CURVE ( ( 1.000000000000000000, 0.9962004326900733009, 0.9962004326900733009, 1.000000000000000000 ) ) 
 REPRESENTATION_ITEM ( '' )  );
#5556 = ORIENTED_EDGE ( 'NONE', *, *, #3092, .T. ) ;
#5557 = VERTEX_POINT ( 'NONE', #6307 ) ;
#5558 = DIRECTION ( 'NONE',  ( -0.5506908908668940450, -0.8347092563978349977, 0.000000000000000000 ) ) ;
#5559 = VERTEX_POINT ( 'NONE', #4149 ) ;
#5560 = ORIENTED_EDGE ( 'NONE', *, *, #5104, .F. ) ;
#5561 = EDGE_LOOP ( 'NONE', ( #4146, #3045, #4823, #6689, #5895, #1638 ) ) ;
#5562 = FACE_OUTER_BOUND ( 'NONE', #2062, .T. ) ;
#5563 = EDGE_CURVE ( 'NONE', #8694, #3886, #654, .T. ) ;
#5564 = CIRCLE ( 'NONE', #7444, 0.2000000000000000944 ) ;
#5565 = DIRECTION ( 'NONE',  ( 1.000000000000000000, 0.000000000000000000, 0.000000000000000000 ) ) ;
#5566 = CARTESIAN_POINT ( 'NONE',  ( -0.6302828521505700055, 5.349999999999999645, 12.30000000000000071 ) ) ;
#5567 = ORIENTED_EDGE ( 'NONE', *, *, #6436, .F. ) ;
#5568 = CARTESIAN_POINT ( 'NONE',  ( 1.257014306635649836, 6.150000000000000355, 10.73113374638960238 ) ) ;
#5569 = DIRECTION ( 'NONE',  ( 0.000000000000000000, -1.000000000000000000, 0.000000000000000000 ) ) ;
#5570 = ADVANCED_FACE ( 'NONE', ( #144 ), #5592, .T. ) ;
#5571 = VECTOR ( 'NONE', #4117, 1000.000000000000000 ) ;
#5572 = CIRCLE ( 'NONE', #5436, 0.2000000000000002054 ) ;
#5573 = VERTEX_POINT ( 'NONE', #6395 ) ;
#5574 = CARTESIAN_POINT ( 'NONE',  ( 0.4302828521505729920, 5.349999999999999645, 3.200000000000000178 ) ) ;
#5575 = ORIENTED_EDGE ( 'NONE', *, *, #3876, .T. ) ;
#5576 = ADVANCED_FACE ( 'NONE', ( #3742 ), #2356, .F. ) ;
#5577 =( NAMED_UNIT ( * ) SI_UNIT ( $, .STERADIAN. ) SOLID_ANGLE_UNIT ( ) );
#5578 = CARTESIAN_POINT ( 'NONE',  ( 1.531730680259239863, 6.149899974183930418, 7.475055902084240422 ) ) ;
#5579 = AXIS2_PLACEMENT_3D ( 'NONE', #2105, #1391, #4809 ) ;
#5580 = VECTOR ( 'NONE', #413, 1000.000000000000000 ) ;
#5581 = CARTESIAN_POINT ( 'NONE',  ( 1.718926793259370145, 6.149899999999999700, 9.697098074579370675 ) ) ;
#5582 = ADVANCED_FACE ( 'NONE', ( #5680 ), #5004, .F. ) ;
#5583 = DIRECTION ( 'NONE',  ( 1.000000000000000000, 0.000000000000000000, 0.000000000000000000 ) ) ;
#5584 = EDGE_LOOP ( 'NONE', ( #3356, #8217, #62, #8847 ) ) ;
#5585 = ADVANCED_FACE ( 'NONE', ( #4412 ), #6355, .F. ) ;
#5586 = ORIENTED_EDGE ( 'NONE', *, *, #5620, .T. ) ;
#5587 = DIRECTION ( 'NONE',  ( 0.6315887651184259877, 0.7753035739477678323, 0.000000000000000000 ) ) ;
#5588 = STYLED_ITEM ( 'NONE', ( #5346 ), #4540 ) ;
#5589 = VERTEX_POINT ( 'NONE', #4464 ) ;
#5590 = CARTESIAN_POINT ( 'NONE',  ( 1.776463260891439910, 6.150000000000000355, 9.800825790873821219 ) ) ;
#5591 = B_SPLINE_CURVE_WITH_KNOTS ( 'NONE', 3,
 ( #1091, #327, #1768, #3834 ),
 .UNSPECIFIED., .F., .F.,
 ( 4, 4 ),
 ( 0.000000000000000000, 1.000000000000000000 ),
 .UNSPECIFIED. ) ;
#5592 = PLANE ( 'NONE',  #7422 ) ;
#5593 = CARTESIAN_POINT ( 'NONE',  ( 0.9798668146614298857, 6.150000000000000355, 8.852689634119879969 ) ) ;
#5594 = AXIS2_PLACEMENT_3D ( 'NONE', #2989, #2223, #3659 ) ;
#5595 = CARTESIAN_POINT ( 'NONE',  ( 2.449999999999999734, 3.250000000000000000, 19.00000000000000000 ) ) ;
#5596 = EDGE_LOOP ( 'NONE', ( #2953, #3316, #445, #208 ) ) ;
#5597 = DIRECTION ( 'NONE',  ( -0.7071067811865594521, 0.000000000000000000, -0.7071067811865355823 ) ) ;
#5598 = ORIENTED_EDGE ( 'NONE', *, *, #8852, .F. ) ;
#5599 = CARTESIAN_POINT ( 'NONE',  ( -0.05552309676571959979, 0.2500000000000000000, 0.2999999999999999889 ) ) ;
#5600 = CARTESIAN_POINT ( 'NONE',  ( 0.4302828521505719928, 5.150000000000000355, 6.799999999999999822 ) ) ;
#5601 = CARTESIAN_POINT ( 'NONE',  ( 0.9798668146614298857, 6.150000000000000355, 8.852689634119879969 ) ) ;
#5602 = VECTOR ( 'NONE', #1602, 1000.000000000000000 ) ;
#5603 = LINE ( 'NONE', #4203, #4806 ) ;
#5604 = CARTESIAN_POINT ( 'NONE',  ( 1.760255805220430014, 6.149899978043109172, 11.04717913197429802 ) ) ;
#5605 = CARTESIAN_POINT ( 'NONE',  ( 1.715685302125170120, 6.150000000000000355, 8.082835489747029811 ) ) ;
#5606 = VERTEX_POINT ( 'NONE', #5773 ) ;
#5607 = ORIENTED_EDGE ( 'NONE', *, *, #4750, .T. ) ;
#5608 = FACE_OUTER_BOUND ( 'NONE', #5561, .T. ) ;
#5609 = ORIENTED_EDGE ( 'NONE', *, *, #1729, .T. ) ;
#5610 = ORIENTED_EDGE ( 'NONE', *, *, #2835, .F. ) ;
#5611 = ORIENTED_EDGE ( 'NONE', *, *, #4716, .T. ) ;
#5612 = CARTESIAN_POINT ( 'NONE',  ( 1.711066723794504307, 6.149999999999999467, 7.454442462696900584 ) ) ;
#5613 = CARTESIAN_POINT ( 'NONE',  ( 0.4302828521505719928, 5.349999999999999645, 7.000000000000000000 ) ) ;
#5614 = VECTOR ( 'NONE', #8483, 1000.000000000000000 ) ;
#5615 =( BOUNDED_CURVE ( )  B_SPLINE_CURVE ( 3, ( #8310, #701, #2860, #4115 ),
 .UNSPECIFIED., .F., .F. ) 
 B_SPLINE_CURVE_WITH_KNOTS ( ( 4, 4 ),
 ( 0.7853981633974518317, 1.570796326794897224 ),
 .UNSPECIFIED. ) 
 CURVE ( )  GEOMETRIC_REPRESENTATION_ITEM ( )  RATIONAL_B_SPLINE_CURVE ( ( 1.000000000000000000, 0.9492530216741915661, 0.9492530216741915661, 1.000000000000000000 ) ) 
 REPRESENTATION_ITEM ( '' )  );
#5616 = DIRECTION ( 'NONE',  ( 1.000000000000000000, 0.000000000000000000, 0.000000000000000000 ) ) ;
#5617 = ORIENTED_EDGE ( 'NONE', *, *, #1688, .F. ) ;
#5618 = CARTESIAN_POINT ( 'NONE',  ( 0.6000000000174630088, -6.150000000000000355, 18.10000000003200071 ) ) ;
#5619 = FACE_OUTER_BOUND ( 'NONE', #7655, .T. ) ;
#5620 = EDGE_CURVE ( 'NONE', #2230, #7731, #7121, .T. ) ;
#5621 = ORIENTED_EDGE ( 'NONE', *, *, #1800, .T. ) ;
#5622 = CARTESIAN_POINT ( 'NONE',  ( 1.152476217557649951, 6.149899999999999700, 11.06500733321239949 ) ) ;
#5623 = ORIENTED_EDGE ( 'NONE', *, *, #5104, .T. ) ;
#5624 = FACE_OUTER_BOUND ( 'NONE', #6141, .T. ) ;
#5625 = CIRCLE ( 'NONE', #4180, 0.09999999999999982514 ) ;
#5626 = CARTESIAN_POINT ( 'NONE',  ( 1.902881415125289966, 6.150000000000000355, 12.18818401121320072 ) ) ;
#5627 = CARTESIAN_POINT ( 'NONE',  ( 1.807257426666360134, 6.150000000000000355, 10.48072855627260047 ) ) ;
#5628 = AXIS2_PLACEMENT_3D ( 'NONE', #2587, #1413, #736 ) ;
#5629 = VERTEX_POINT ( 'NONE', #2260 ) ;
#5630 = VERTEX_POINT ( 'NONE', #6446 ) ;
#5631 = CARTESIAN_POINT ( 'NONE',  ( 1.940131718096664404, 3.053394713998916821, 18.50000000000000000 ) ) ;
#5632 = ORIENTED_EDGE ( 'NONE', *, *, #4836, .F. ) ;
#5633 = CARTESIAN_POINT ( 'NONE',  ( 1.127354661267599978, 6.150000000000000355, 9.105525942587588517 ) ) ;
#5634 = EDGE_CURVE ( 'NONE', #7863, #5233, #5184, .T. ) ;
#5635 = VECTOR ( 'NONE', #1206, 1000.000000000000000 ) ;
#5636 = FACE_OUTER_BOUND ( 'NONE', #787, .T. ) ;
#5637 = CARTESIAN_POINT ( 'NONE',  ( -7.275360869307689882E-12, 3.149999999999999911, 9.550000000016009238 ) ) ;
#5638 = LINE ( 'NONE', #6309, #5390 ) ;
#5639 = VERTEX_POINT ( 'NONE', #1001 ) ;
#5640 = DIRECTION ( 'NONE',  ( 0.7071067811865466846, -0.7071067811865483499, 0.000000000000000000 ) ) ;
#5641 = ORIENTED_EDGE ( 'NONE', *, *, #2763, .F. ) ;
#5642 = EDGE_CURVE ( 'NONE', #6896, #3053, #2007, .T. ) ;
#5643 = EDGE_CURVE ( 'NONE', #3805, #4258, #6398, .T. ) ;
#5644 = FACE_OUTER_BOUND ( 'NONE', #2468, .T. ) ;
#5645 = FACE_OUTER_BOUND ( 'NONE', #2657, .T. ) ;
#5646 = EDGE_CURVE ( 'NONE', #1459, #4359, #3674, .T. ) ;
#5647 = EDGE_CURVE ( 'NONE', #8917, #149, #326, .T. ) ;
#5648 = DIRECTION ( 'NONE',  ( 1.000000000000000000, 0.000000000000000000, 0.000000000000000000 ) ) ;
#5649 = EDGE_CURVE ( 'NONE', #4314, #1563, #2400, .T. ) ;
#5650 = EDGE_CURVE ( 'NONE', #6026, #3000, #7800, .T. ) ;
#5651 = DIRECTION ( 'NONE',  ( 0.000000000000000000, 0.000000000000000000, -1.000000000000000000 ) ) ;
#5652 = AXIS2_PLACEMENT_3D ( 'NONE', #8738, #3314, #6054 ) ;
#5653 = CARTESIAN_POINT ( 'NONE',  ( 1.257014306635659828, 6.150000000000000355, 9.312981375176489607 ) ) ;
#5654 = CARTESIAN_POINT ( 'NONE',  ( 1.923951107497619883, 6.149899999999999700, 8.573921396578549903 ) ) ;
#5655 = VERTEX_POINT ( 'NONE', #5727 ) ;
#5656 = EDGE_LOOP ( 'NONE', ( #1758, #3338, #2814, #7 ) ) ;
#5657 = ORIENTED_EDGE ( 'NONE', *, *, #1936, .T. ) ;
#5658 = ORIENTED_EDGE ( 'NONE', *, *, #6749, .F. ) ;
#5659 = ORIENTED_EDGE ( 'NONE', *, *, #3937, .F. ) ;
#5660 = CARTESIAN_POINT ( 'NONE',  ( -2.040305328863119882, 3.050000000000000266, 6.949999999999999289 ) ) ;
#5661 = LINE ( 'NONE', #4393, #1646 ) ;
#5662 = LINE ( 'NONE', #7689, #596 ) ;
#5663 = ORIENTED_EDGE ( 'NONE', *, *, #6581, .F. ) ;
#5664 = CARTESIAN_POINT ( 'NONE',  ( 1.296302431050479820, 6.150000000000000355, 8.079593998612820016 ) ) ;
#5665 = CARTESIAN_POINT ( 'NONE',  ( -0.4302828521505729920, 6.150000000000000355, 3.000000000000000000 ) ) ;
#5666 = ORIENTED_EDGE ( 'NONE', *, *, #4606, .T. ) ;
#5667 = DIRECTION ( 'NONE',  ( 0.5773502691896261751, -0.5773502691896278405, -0.5773502691896233996 ) ) ;
#5668 = EDGE_LOOP ( 'NONE', ( #4753, #8715, #5864, #6466, #7461, #4321, #1155, #6617, #1924, #3375, #7174, #1684, #1731 ) ) ;
#5669 = CARTESIAN_POINT ( 'NONE',  ( 1.134648016319549813, 6.149948524861880372, 7.800015388287939722 ) ) ;
#5670 = AXIS2_PLACEMENT_3D ( 'NONE', #6995, #6946, #6178 ) ;
#5671 = ORIENTED_EDGE ( 'NONE', *, *, #5926, .F. ) ;
#5672 = DIRECTION ( 'NONE',  ( 1.000000000000000000, 0.000000000000000000, 0.000000000000000000 ) ) ;
#5673 = CARTESIAN_POINT ( 'NONE',  ( 2.449999999999999734, 6.150000000000000355, 0.000000000000000000 ) ) ;
#5674 = CARTESIAN_POINT ( 'NONE',  ( -1.275000000000000133, 3.050000000000000266, 0.2999999999999999889 ) ) ;
#5675 = VERTEX_POINT ( 'NONE', #5136 ) ;
#5676 = FACE_OUTER_BOUND ( 'NONE', #2942, .T. ) ;
#5677 = CARTESIAN_POINT ( 'NONE',  ( 1.902881415125300180, 6.150000000000000355, 11.42724396745943416 ) ) ;
#5678 = VECTOR ( 'NONE', #3653, 1000.000000000000000 ) ;
#5679 = EDGE_CURVE ( 'NONE', #8208, #2387, #7891, .T. ) ;
#5680 = FACE_OUTER_BOUND ( 'NONE', #2682, .T. ) ;
#5681 = CARTESIAN_POINT ( 'NONE',  ( -1.970794474613134950, 3.121910501987325226, 18.53048914575001405 ) ) ;
#5682 = CARTESIAN_POINT ( 'NONE',  ( 1.902881415125299958, 6.149950000000000472, 11.38510458271479919 ) ) ;
#5683 = AXIS2_PLACEMENT_3D ( 'NONE', #5458, #688, #100 ) ;
#5684 = ORIENTED_EDGE ( 'NONE', *, *, #2152, .F. ) ;
#5685 = DIRECTION ( 'NONE',  ( 1.000000000000000000, 0.000000000000000000, -2.775557561562890168E-15 ) ) ;
#5686 = ORIENTED_EDGE ( 'NONE', *, *, #3008, .T. ) ;
#5687 = DIRECTION ( 'NONE',  ( 0.000000000000000000, -1.000000000000000000, 0.000000000000000000 ) ) ;
#5688 = CARTESIAN_POINT ( 'NONE',  ( 2.550000000000000266, 6.149899999999999700, 0.000000000000000000 ) ) ;
#5689 = CARTESIAN_POINT ( 'NONE',  ( 1.644745122846697605, 6.150000000000000355, 7.669545370136329865 ) ) ;
#5690 = DIRECTION ( 'NONE',  ( 0.7071067811865457964, 1.626303258728256651E-15, -0.7071067811865492381 ) ) ;
#5691 = AXIS2_PLACEMENT_3D ( 'NONE', #7253, #5893, #3158 ) ;
#5692 = LINE ( 'NONE', #2906, #2266 ) ;
#5693 = EDGE_CURVE ( 'NONE', #3886, #2093, #7939, .T. ) ;
#5694 = CARTESIAN_POINT ( 'NONE',  ( -0.5717042083878813852, 5.208578643762690419, 6.000000000000000000 ) ) ;
#5695 = ORIENTED_EDGE ( 'NONE', *, *, #3289, .F. ) ;
#5696 = EDGE_CURVE ( 'NONE', #2352, #7833, #4824, .T. ) ;
#5697 = ORIENTED_EDGE ( 'NONE', *, *, #6073, .T. ) ;
#5698 = EDGE_CURVE ( 'NONE', #3431, #2049, #4390, .T. ) ;
#5699 = EDGE_CURVE ( 'NONE', #128, #1568, #4508, .T. ) ;
#5700 = EDGE_CURVE ( 'NONE', #1394, #6100, #2090, .T. ) ;
#5701 = VECTOR ( 'NONE', #5073, 1000.000000000000000 ) ;
#5702 = EDGE_LOOP ( 'NONE', ( #6035, #926, #6686, #5023 ) ) ;
#5703 = ORIENTED_EDGE ( 'NONE', *, *, #6962, .F. ) ;
#5704 = ORIENTED_EDGE ( 'NONE', *, *, #2228, .T. ) ;
#5705 = DIRECTION ( 'NONE',  ( 0.000000000000000000, 0.000000000000000000, 1.000000000000000000 ) ) ;
#5706 = CARTESIAN_POINT ( 'NONE',  ( 1.345161194079483424, 6.150000000000001243, 10.17735689038791769 ) ) ;
#5707 = DIRECTION ( 'NONE',  ( 0.1016217158801571985, -0.9948231133531090231, -2.927345865710880214E-16 ) ) ;
#5708 = VERTEX_POINT ( 'NONE', #4688 ) ;
#5709 = CARTESIAN_POINT ( 'NONE',  ( 0.8963984179557301646, 6.150000000000000355, 11.47181447055469938 ) ) ;
#5710 = SURFACE_STYLE_USAGE ( .BOTH. , #355 ) ;
#5711 = ORIENTED_EDGE ( 'NONE', *, *, #4836, .T. ) ;
#5712 = DIRECTION ( 'NONE',  ( 0.000000000000000000, -1.000000000000000000, 0.000000000000000000 ) ) ;
#5713 = ORIENTED_EDGE ( 'NONE', *, *, #7794, .T. ) ;
#5714 = AXIS2_PLACEMENT_3D ( 'NONE', #5507, #3481, #4923 ) ;
#5715 = CARTESIAN_POINT ( 'NONE',  ( -2.250000000000000000, 3.120710678118653991, 12.07928932188134397 ) ) ;
#5716 = ORIENTED_EDGE ( 'NONE', *, *, #1524, .F. ) ;
#5717 = DIRECTION ( 'NONE',  ( 1.000000000000000000, 0.000000000000000000, 0.000000000000000000 ) ) ;
#5718 = AXIS2_PLACEMENT_3D ( 'NONE', #3755, #5913, #2321 ) ;
#5719 = VECTOR ( 'NONE', #5453, 1000.000000000000114 ) ;
#5720 = LINE ( 'NONE', #1717, #2397 ) ;
#5721 = CARTESIAN_POINT ( 'NONE',  ( 1.711066723794079314, 6.150000000000000355, 10.31019615192853145 ) ) ;
#5722 = ORIENTED_EDGE ( 'NONE', *, *, #4955, .F. ) ;
#5723 = CARTESIAN_POINT ( 'NONE',  ( 1.000000000000000000, 3.050000000000000266, 0.5999999999999999778 ) ) ;
#5724 =( NAMED_UNIT ( * ) SI_UNIT ( $, .STERADIAN. ) SOLID_ANGLE_UNIT ( ) );
#5725 = VECTOR ( 'NONE', #8282, 1000.000000000000000 ) ;
#5726 = CIRCLE ( 'NONE', #5441, 0.1000000000000002554 ) ;
#5727 = CARTESIAN_POINT ( 'NONE',  ( 1.789429225428259995, 6.150000000000000355, 7.714115873231599529 ) ) ;
#5728 = ADVANCED_FACE ( 'NONE', ( #545 ), #2661, .F. ) ;
#5729 = LINE ( 'NONE', #4876, #4047 ) ;
#5730 = DIRECTION ( 'NONE',  ( -2.775557561562890365E-16, 0.000000000000000000, 1.000000000000000000 ) ) ;
#5731 = AXIS2_PLACEMENT_3D ( 'NONE', #7125, #2816, #4799 ) ;
#5732 = CIRCLE ( 'NONE', #5008, 0.1999999999999996503 ) ;
#5733 = ORIENTED_EDGE ( 'NONE', *, *, #6152, .F. ) ;
#5734 = CARTESIAN_POINT ( 'NONE',  ( 1.131406525185360223, 6.150000000000000355, 7.034875676775387277 ) ) ;
#5736 = VERTEX_POINT ( 'NONE', #8669 ) ;
#5735 = ADVANCED_FACE ( 'NONE', ( #1813 ), #1940, .T. ) ;
#5737 = CYLINDRICAL_SURFACE ( 'NONE', #7008, 0.1000000000000000333 ) ;
#5738 = CARTESIAN_POINT ( 'NONE',  ( 1.590141426075289965, 6.150000000000000355, 7.000000000000000000 ) ) ;
#5739 = SPHERICAL_SURFACE ( 'NONE', #894, 0.1000000000000000056 ) ;
#5740 = CARTESIAN_POINT ( 'NONE',  ( 1.918255173282299886, 6.149999999999998579, 9.899067226690059229 ) ) ;
#5741 = CIRCLE ( 'NONE', #6458, 0.09999999999999996392 ) ;
#5742 = LINE ( 'NONE', #3182, #8612 ) ;
#5743 = CYLINDRICAL_SURFACE ( 'NONE', #7749, 0.1000000000000001443 ) ;
#5744 = VERTEX_POINT ( 'NONE', #416 ) ;
#5745 = ORIENTED_EDGE ( 'NONE', *, *, #4872, .T. ) ;
#5746 = ORIENTED_EDGE ( 'NONE', *, *, #7302, .T. ) ;
#5747 = ORIENTED_EDGE ( 'NONE', *, *, #5811, .T. ) ;
#5748 = VERTEX_POINT ( 'NONE', #1139 ) ;
#5749 = VECTOR ( 'NONE', #3841, 1000.000000000000000 ) ;
#5750 = CARTESIAN_POINT ( 'NONE',  ( 1.902633445664394518, 6.149999999999997691, 8.685827458115673139 ) ) ;
#5751 = CYLINDRICAL_SURFACE ( 'NONE', #5946, 0.1000000000000001443 ) ;
#5752 = EDGE_CURVE ( 'NONE', #2138, #4940, #6939, .T. ) ;
#5753 = CARTESIAN_POINT ( 'NONE',  ( 1.858581036291216737, 6.150000000000000355, 10.37213860327680059 ) ) ;
#5754 = ORIENTED_EDGE ( 'NONE', *, *, #856, .F. ) ;
#5755 = DIRECTION ( 'NONE',  ( 0.000000000000000000, -1.000000000000000000, 0.000000000000000000 ) ) ;
#5756 = ORIENTED_EDGE ( 'NONE', *, *, #3434, .T. ) ;
#5757 = DIRECTION ( 'NONE',  ( 0.000000000000000000, 1.000000000000000000, 0.000000000000000000 ) ) ;
#5758 = VERTEX_POINT ( 'NONE', #8843 ) ;
#5759 = SPHERICAL_SURFACE ( 'NONE', #8298, 0.2000000000000000111 ) ;
#5760 = EDGE_CURVE ( 'NONE', #5388, #8788, #3255, .T. ) ;
#5761 = CYLINDRICAL_SURFACE ( 'NONE', #5371, 0.1000000000000000611 ) ;
#5762 = VERTEX_POINT ( 'NONE', #1856 ) ;
#5763 = DIRECTION ( 'NONE',  ( 0.000000000000000000, -1.000000000000000000, 0.000000000000000000 ) ) ;
#5764 = PLANE ( 'NONE',  #2534 ) ;
#5765 = AXIS2_PLACEMENT_3D ( 'NONE', #6801, #6213, #7482 ) ;
#5766 = AXIS2_PLACEMENT_3D ( 'NONE', #3780, #3871, #2520 ) ;
#5767 = CARTESIAN_POINT ( 'NONE',  ( 1.240806850964649932, 6.150000000000000355, 7.802446506638589518 ) ) ;
#5768 = VERTEX_POINT ( 'NONE', #460 ) ;
#5769 = DIRECTION ( 'NONE',  ( 0.000000000000000000, -1.000000000000000000, 0.000000000000000000 ) ) ;
#5770 = EDGE_CURVE ( 'NONE', #7345, #2216, #6107, .T. ) ;
#5771 = DIRECTION ( 'NONE',  ( 0.000000000000000000, 0.000000000000000000, 1.000000000000000000 ) ) ;
#5772 = VECTOR ( 'NONE', #363, 1000.000000000000000 ) ;
#5773 = CARTESIAN_POINT ( 'NONE',  ( -2.442386859369360064, 3.120710678118654879, 7.020710678118654791 ) ) ;
#5774 = CARTESIAN_POINT ( 'NONE',  ( 1.290094288500621467, 6.150000000000001243, 10.27350398300055723 ) ) ;
#5775 = CARTESIAN_POINT ( 'NONE',  ( 1.902881415125289966, 6.150000000000000355, 12.18818401121320072 ) ) ;
#5776 = ORIENTED_EDGE ( 'NONE', *, *, #446, .T. ) ;
#5777 = CARTESIAN_POINT ( 'NONE',  ( 1.435030852781990385, 6.150000000000000355, 7.919632307638216240 ) ) ;
#5778 = DIRECTION ( 'NONE',  ( 0.000000000000000000, 0.000000000000000000, -1.000000000000000000 ) ) ;
#5779 = VERTEX_POINT ( 'NONE', #8160 ) ;
#5780 = CARTESIAN_POINT ( 'NONE',  ( 1.257014306635649836, 6.150000000000000355, 11.06500733321239949 ) ) ;
#5781 = CARTESIAN_POINT ( 'NONE',  ( 2.449999999999999734, 3.250000000000000000, 0.1000000000000000056 ) ) ;
#5782 = CIRCLE ( 'NONE', #6202, 0.2000000000000000389 ) ;
#5783 = CARTESIAN_POINT ( 'NONE',  ( -0.2164069289715789823, 0.3122694591751939974, 0.5999999999999999778 ) ) ;
#5784 = CARTESIAN_POINT ( 'NONE',  ( 1.906114589121578051, 6.150000000000000355, 9.836578075993129389 ) ) ;
#5785 = DIRECTION ( 'NONE',  ( 0.000000000000000000, 0.000000000000000000, -1.000000000000000000 ) ) ;
#5786 = ADVANCED_FACE ( 'NONE', ( #5321 ), #1898, .T. ) ;
#5787 = FACE_OUTER_BOUND ( 'NONE', #6087, .T. ) ;
#5788 =( GEOMETRIC_REPRESENTATION_CONTEXT ( 3 ) GLOBAL_UNCERTAINTY_ASSIGNED_CONTEXT ( ( #1700 ) ) GLOBAL_UNIT_ASSIGNED_CONTEXT ( ( #3843, #4563, #6596 ) ) REPRESENTATION_CONTEXT ( 'NONE', 'WORKASPACE' ) );
#5789 = ORIENTED_EDGE ( 'NONE', *, *, #3238, .T. ) ;
#5790 = ORIENTED_EDGE ( 'NONE', *, *, #3773, .F. ) ;
#5791 = VERTEX_POINT ( 'NONE', #1090 ) ;
#5792 = ORIENTED_EDGE ( 'NONE', *, *, #908, .F. ) ;
#5793 = CARTESIAN_POINT ( 'NONE',  ( 1.152476217557649951, 6.149899999999999700, 11.06500733321239949 ) ) ;
#5794 = CARTESIAN_POINT ( 'NONE',  ( -1.940823017527810057, 3.060162171588010072, 18.50051768866470070 ) ) ;
#5795 = CARTESIAN_POINT ( 'NONE',  ( -2.449999999999999734, 3.250000000000000000, 19.00000000000000000 ) ) ;
#5796 = EDGE_CURVE ( 'NONE', #7991, #5244, #3924, .T. ) ;
#5797 = ORIENTED_EDGE ( 'NONE', *, *, #7247, .T. ) ;
#5798 = CARTESIAN_POINT ( 'NONE',  ( 0.8963984179557301646, 6.150000000000000355, 11.42400247632520127 ) ) ;
#5799 = DIRECTION ( 'NONE',  ( 0.000000000000000000, 0.000000000000000000, -1.000000000000000000 ) ) ;
#5800 = EDGE_LOOP ( 'NONE', ( #829, #2815, #1450, #6854, #2315, #2190 ) ) ;
#5801 = FACE_OUTER_BOUND ( 'NONE', #1385, .T. ) ;
#5802 = ORIENTED_EDGE ( 'NONE', *, *, #6582, .T. ) ;
#5803 = CARTESIAN_POINT ( 'NONE',  ( 1.214874921891029969, 6.149899831514429316, 9.766790133964699194 ) ) ;
#5804 = CARTESIAN_POINT ( 'NONE',  ( 1.973283754570961834, 3.124216632767869317, 7.017021574292158448 ) ) ;
#5805 = EDGE_LOOP ( 'NONE', ( #582, #897, #7312, #5205 ) ) ;
#5806 = DIRECTION ( 'NONE',  ( 1.000000000000000000, 0.000000000000000000, 0.000000000000000000 ) ) ;
#5807 = VECTOR ( 'NONE', #164, 1000.000000000000000 ) ;
#5808 = LINE ( 'NONE', #5673, #7705 ) ;
#5809 = EDGE_CURVE ( 'NONE', #4736, #4572, #5403, .T. ) ;
#5810 = CARTESIAN_POINT ( 'NONE',  ( 2.550000000000000266, 6.149899999999999700, 0.000000000000000000 ) ) ;
#5811 = EDGE_CURVE ( 'NONE', #4999, #4006, #799, .T. ) ;
#5812 = ORIENTED_EDGE ( 'NONE', *, *, #8220, .F. ) ;
#5813 = EDGE_CURVE ( 'NONE', #3537, #1297, #2240, .T. ) ;
#5814 = ADVANCED_FACE ( 'NONE', ( #6672 ), #5943, .F. ) ;
#5815 = DIRECTION ( 'NONE',  ( -0.7071067811865480168, -0.7071067811865470176, 0.000000000000000000 ) ) ;
#5816 = VECTOR ( 'NONE', #4977, 1000.000000000000000 ) ;
#5817 = CARTESIAN_POINT ( 'NONE',  ( 1.785844790069835319, 6.150000000000000355, 9.823290627333722824 ) ) ;
#5818 = CARTESIAN_POINT ( 'NONE',  ( 2.497690080505440058, 3.162104287810009851, 0.000000000000000000 ) ) ;
#5819 = DIRECTION ( 'NONE',  ( 0.5773502691896257311, -0.5773502691896257311, -0.5773502691896257311 ) ) ;
#5820 = CARTESIAN_POINT ( 'NONE',  ( 1.969594650744463049, 3.120710678118653991, 18.52928932188134326 ) ) ;
#5821 = EDGE_LOOP ( 'NONE', ( #6427, #4162, #809, #3259 ) ) ;
#5822 = DIRECTION ( 'NONE',  ( 0.000000000000000000, 0.000000000000000000, -1.000000000000000000 ) ) ;
#5823 = CARTESIAN_POINT ( 'NONE',  ( 1.517684218677686880, 6.150000000000000355, 9.683321737259008799 ) ) ;
#5824 = ORIENTED_EDGE ( 'NONE', *, *, #2895, .F. ) ;
#5825 = CARTESIAN_POINT ( 'NONE',  ( 1.010285042102434305, 3.101706398339744819, 18.81028504210243568 ) ) ;
#5826 = CARTESIAN_POINT ( 'NONE',  ( 1.801854941442696978, 6.150000000000000355, 7.927798380894097718 ) ) ;
#5827 = CARTESIAN_POINT ( 'NONE',  ( 1.919899243579859860, 6.149897924467699895, 9.953175874181290794 ) ) ;
#5828 = AXIS2_PLACEMENT_3D ( 'NONE', #488, #6013, #2556 ) ;
#5829 = FACE_OUTER_BOUND ( 'NONE', #1240, .T. ) ;
#5830 = DIRECTION ( 'NONE',  ( -0.8321991386477829433, 0.5544768648319675641, 0.000000000000000000 ) ) ;
#5831 = VERTEX_POINT ( 'NONE', #5275 ) ;
#5832 = ORIENTED_EDGE ( 'NONE', *, *, #6353, .T. ) ;
#5833 = VERTEX_POINT ( 'NONE', #8031 ) ;
#5834 = ORIENTED_EDGE ( 'NONE', *, *, #7846, .F. ) ;
#5835 = DIRECTION ( 'NONE',  ( -0.5773502691896257311, 0.5773502691896214012, 0.5773502691896300609 ) ) ;
#5836 = CARTESIAN_POINT ( 'NONE',  ( 0.6000000000174630088, -6.150000000000000355, 18.10000000003200071 ) ) ;
#5837 = DIRECTION ( 'NONE',  ( 0.000000000000000000, 0.000000000000000000, 1.000000000000000000 ) ) ;
#5838 = VERTEX_POINT ( 'NONE', #6714 ) ;
#5839 = CARTESIAN_POINT ( 'NONE',  ( -1.473355907864899894, -6.150000000000000355, 7.799999999999999822 ) ) ;
#5840 = B_SPLINE_CURVE_WITH_KNOTS ( 'NONE', 3,
 ( #6364, #6457, #7951, #7809 ),
 .UNSPECIFIED., .F., .F.,
 ( 4, 4 ),
 ( 0.000000000000000000, 1.000000000000000000 ),
 .UNSPECIFIED. ) ;
#5841 = ORIENTED_EDGE ( 'NONE', *, *, #6961, .T. ) ;
#5842 = CARTESIAN_POINT ( 'NONE',  ( 2.040305328863119882, 3.149999999999999911, 12.14999999999999858 ) ) ;
#5843 = ORIENTED_EDGE ( 'NONE', *, *, #4969, .T. ) ;
#5844 = EDGE_CURVE ( 'NONE', #1608, #2230, #4062, .T. ) ;
#5845 = CARTESIAN_POINT ( 'NONE',  ( 2.545380161010870168, 3.074208575620020145, 0.000000000000000000 ) ) ;
#5846 = CARTESIAN_POINT ( 'NONE',  ( 1.878225761230655655, 6.150000000000000355, 9.749958170827410342 ) ) ;
#5847 = ORIENTED_EDGE ( 'NONE', *, *, #6883, .F. ) ;
#5848 = CARTESIAN_POINT ( 'NONE',  ( -1.000000000000000000, 3.050000000000000266, 0.2999999999999999889 ) ) ;
#5849 = DIRECTION ( 'NONE',  ( -4.625929269271559870E-16, 1.000000000000000000, 4.625929269271479997E-16 ) ) ;
#5850 =( BOUNDED_CURVE ( )  B_SPLINE_CURVE ( 3, ( #6435, #851, #6339, #4994 ),
 .UNSPECIFIED., .F., .F. ) 
 B_SPLINE_CURVE_WITH_KNOTS ( ( 4, 4 ),
 ( 4.712388980384688786, 5.497787143782131736 ),
 .UNSPECIFIED. ) 
 CURVE ( )  GEOMETRIC_REPRESENTATION_ITEM ( )  RATIONAL_B_SPLINE_CURVE ( ( 1.000000000000000000, 0.9492530216741918991, 0.9492530216741918991, 1.000000000000000000 ) ) 
 REPRESENTATION_ITEM ( '' )  );
#5851 = DIRECTION ( 'NONE',  ( 0.000000000000000000, -1.000000000000000000, 0.000000000000000000 ) ) ;
#5852 = EDGE_LOOP ( 'NONE', ( #2501, #8672, #2092, #2161 ) ) ;
#5853 = ADVANCED_FACE ( 'NONE', ( #6033 ), #136, .T. ) ;
#5854 = CARTESIAN_POINT ( 'NONE',  ( 2.449999999999999734, 6.049999999999999822, 0.000000000000000000 ) ) ;
#5855 = CIRCLE ( 'NONE', #975, 0.09999999999999996392 ) ;
#5856 = AXIS2_PLACEMENT_3D ( 'NONE', #4112, #3436, #8263 ) ;
#5857 = DIRECTION ( 'NONE',  ( 0.000000000000000000, 1.000000000000000000, 0.000000000000000000 ) ) ;
#5858 = CARTESIAN_POINT ( 'NONE',  ( 1.972024441411810880, 3.123079405878081527, 12.08171911254868824 ) ) ;
#5859 = CARTESIAN_POINT ( 'NONE',  ( 1.972024441411810880, 3.123079405878081527, 18.53171911254869286 ) ) ;
#5860 = ORIENTED_EDGE ( 'NONE', *, *, #2972, .F. ) ;
#5861 = LINE ( 'NONE', #5279, #4868 ) ;
#5862 = DIRECTION ( 'NONE',  ( -0.5773502691896235106, -0.5773502691896278405, -0.5773502691896260641 ) ) ;
#5863 = AXIS2_PLACEMENT_3D ( 'NONE', #6862, #1379, #7585 ) ;
#5864 = ORIENTED_EDGE ( 'NONE', *, *, #5926, .T. ) ;
#5865 = AXIS2_PLACEMENT_3D ( 'NONE', #5246, #2457, #1827 ) ;
#5866 = CYLINDRICAL_SURFACE ( 'NONE', #4847, 0.09999999999999985290 ) ;
#5867 = CARTESIAN_POINT ( 'NONE',  ( 0.08006199179814113553, 0.1499999999999999944, 18.42928932188134539 ) ) ;
#5868 = CARTESIAN_POINT ( 'NONE',  ( -1.100000000000000089, 3.149999999999999911, 18.89999999999999858 ) ) ;
#5869 = LINE ( 'NONE', #8638, #8125 ) ;
#5870 = MECHANICAL_DESIGN_GEOMETRIC_PRESENTATION_REPRESENTATION (  '', ( #8619 ), #8325 ) ;
#5871 = CIRCLE ( 'NONE', #8767, 0.2000000000000000389 ) ;
#5872 = CARTESIAN_POINT ( 'NONE',  ( -0.6302828521505720039, 6.150000000000000355, 6.799999999999999822 ) ) ;
#5873 = DIRECTION ( 'NONE',  ( 1.000000000000000000, 0.000000000000000000, 0.000000000000000000 ) ) ;
#5874 = EDGE_LOOP ( 'NONE', ( #7479, #1400, #1565, #1033 ) ) ;
#5875 = ORIENTED_EDGE ( 'NONE', *, *, #526, .F. ) ;
#5876 = DIRECTION ( 'NONE',  ( 0.000000000000000000, 1.000000000000000000, 0.000000000000000000 ) ) ;
#5877 = EDGE_LOOP ( 'NONE', ( #2853, #4403, #3578, #6561 ) ) ;
#5878 = ORIENTED_EDGE ( 'NONE', *, *, #1911, .T. ) ;
#5879 = COLOUR_RGB ( '',0.5999999999999999778, 0.5999999999999999778, 0.5999999999999999778 ) ;
#5880 = DIRECTION ( 'NONE',  ( 0.5773502691896257311, 0.5773502691896214012, 0.5773502691896300609 ) ) ;
#5881 = LINE ( 'NONE', #6417, #773 ) ;
#5882 = DIRECTION ( 'NONE',  ( 0.000000000000000000, 0.7071067811865431318, -0.7071067811865519026 ) ) ;
#5883 = VERTEX_POINT ( 'NONE', #2703 ) ;
#5884 = CARTESIAN_POINT ( 'NONE',  ( 1.152476217557649951, 6.149899999999999700, 11.06500733321239949 ) ) ;
#5885 = CARTESIAN_POINT ( 'NONE',  ( -1.935512576883387403, 2.719956629130206416, 6.025000000000000355 ) ) ;
#5886 = ORIENTED_EDGE ( 'NONE', *, *, #7843, .F. ) ;
#5887 = DIRECTION ( 'NONE',  ( -1.000000000000000000, 0.000000000000000000, 0.000000000000000000 ) ) ;
#5888 = ORIENTED_EDGE ( 'NONE', *, *, #8507, .T. ) ;
#5889 = CARTESIAN_POINT ( 'NONE',  ( 2.550000000000000266, 6.149899999999999700, 0.000000000000000000 ) ) ;
#5890 = CARTESIAN_POINT ( 'NONE',  ( 0.2414241856596819891, 0.3501893450377829842, 0.2999999999999999889 ) ) ;
#5891 = CARTESIAN_POINT ( 'NONE',  ( 1.444210419635800102, 6.149899536118099697, 7.347017002283280362 ) ) ;
#5892 = EDGE_CURVE ( 'NONE', #4627, #2793, #8206, .T. ) ;
#5893 = DIRECTION ( 'NONE',  ( 0.000000000000000000, 5.551115123125780336E-15, 1.000000000000000000 ) ) ;
#5894 = CARTESIAN_POINT ( 'NONE',  ( 0.3250000000000000111, -1.399999999999999911, -4.700000000000000178 ) ) ;
#5895 = ORIENTED_EDGE ( 'NONE', *, *, #4838, .F. ) ;
#5896 = DIRECTION ( 'NONE',  ( 0.000000000000000000, -1.000000000000000000, 0.000000000000000000 ) ) ;
#5897 =( BOUNDED_CURVE ( )  B_SPLINE_CURVE ( 3, ( #1449, #4014, #6253, #8164 ),
 .UNSPECIFIED., .F., .F. ) 
 B_SPLINE_CURVE_WITH_KNOTS ( ( 4, 4 ),
 ( 2.356194490192346169, 3.141592653589793116 ),
 .UNSPECIFIED. ) 
 CURVE ( )  GEOMETRIC_REPRESENTATION_ITEM ( )  RATIONAL_B_SPLINE_CURVE ( ( 1.000000000000000000, 0.9492530216741912330, 0.9492530216741912330, 1.000000000000000000 ) ) 
 REPRESENTATION_ITEM ( '' )  );
#5898 = DIRECTION ( 'NONE',  ( -0.1016217158801569903, 0.9948231133531089121, 0.000000000000000000 ) ) ;
#5899 = CARTESIAN_POINT ( 'NONE',  ( -2.520710678118654791, 6.120710678118654435, 19.00000000000000000 ) ) ;
#5900 = LINE ( 'NONE', #2311, #8140 ) ;
#5901 = ORIENTED_EDGE ( 'NONE', *, *, #5, .F. ) ;
#5902 = LINE ( 'NONE', #5188, #841 ) ;
#5903 = FACE_OUTER_BOUND ( 'NONE', #8544, .T. ) ;
#5904 = ORIENTED_EDGE ( 'NONE', *, *, #2109, .T. ) ;
#5905 =( GEOMETRIC_REPRESENTATION_CONTEXT ( 3 ) GLOBAL_UNCERTAINTY_ASSIGNED_CONTEXT ( ( #4216 ) ) GLOBAL_UNIT_ASSIGNED_CONTEXT ( ( #8158, #1442, #5577 ) ) REPRESENTATION_CONTEXT ( 'NONE', 'WORKASPACE' ) );
#5906 = AXIS2_PLACEMENT_3D ( 'NONE', #4126, #3955, #4722 ) ;
#5907 = DIRECTION ( 'NONE',  ( 1.000000000000000000, 0.000000000000000000, 0.000000000000000000 ) ) ;
#5908 = CARTESIAN_POINT ( 'NONE',  ( 1.803203103381244565, 6.149999999999998579, 7.742256669082018483 ) ) ;
#5909 = EDGE_CURVE ( 'NONE', #8329, #1889, #7270, .T. ) ;
#5910 = SPHERICAL_SURFACE ( 'NONE', #4197, 0.2000000000000000111 ) ;
#5911 = B_SPLINE_CURVE_WITH_KNOTS ( 'NONE', 3,
 ( #1399, #3465, #7700, #1590 ),
 .UNSPECIFIED., .F., .F.,
 ( 4, 4 ),
 ( 0.000000000000000000, 1.000000000000000000 ),
 .UNSPECIFIED. ) ;
#5912 = CYLINDRICAL_SURFACE ( 'NONE', #7780, 0.09999999999999936717 ) ;
#5913 = DIRECTION ( 'NONE',  ( 1.000000000000000000, 0.000000000000000000, 0.000000000000000000 ) ) ;
#5914 = LINE ( 'NONE', #7185, #1466 ) ;
#5915 = VERTEX_POINT ( 'NONE', #1357 ) ;
#5916 = EDGE_CURVE ( 'NONE', #2955, #7912, #2112, .T. ) ;
#5917 = ORIENTED_EDGE ( 'NONE', *, *, #6295, .T. ) ;
#5918 = EDGE_CURVE ( 'NONE', #5401, #6896, #7811, .T. ) ;
#5919 = VECTOR ( 'NONE', #8388, 1000.000000000000000 ) ;
#5920 = LINE ( 'NONE', #7452, #8759 ) ;
#5921 = VECTOR ( 'NONE', #8321, 1000.000000000000000 ) ;
#5922 = EDGE_CURVE ( 'NONE', #6462, #3228, #8428, .T. ) ;
#5923 = ADVANCED_FACE ( 'NONE', ( #3464 ), #2027, .F. ) ;
#5924 = EDGE_LOOP ( 'NONE', ( #6952, #5098, #5344, #2986, #3926 ) ) ;
#5925 = ORIENTED_EDGE ( 'NONE', *, *, #7023, .F. ) ;
#5926 = EDGE_CURVE ( 'NONE', #2826, #8869, #3728, .T. ) ;
#5927 = CARTESIAN_POINT ( 'NONE',  ( -2.449999999999999734, 2.504596597366330002, 0.000000000000000000 ) ) ;
#5928 = LINE ( 'NONE', #1160, #6955 ) ;
#5929 = DIRECTION ( 'NONE',  ( 0.000000000000000000, 0.7071067811865431318, -0.7071067811865519026 ) ) ;
#5930 = ORIENTED_EDGE ( 'NONE', *, *, #5752, .F. ) ;
#5931 = CARTESIAN_POINT ( 'NONE',  ( 1.152476217557659943, 6.150000000000000355, 9.312981375176489607 ) ) ;
#5932 = ORIENTED_EDGE ( 'NONE', *, *, #6639, .T. ) ;
#5933 = CARTESIAN_POINT ( 'NONE',  ( -2.442386859369360064, 3.050000000000000266, 12.14999999999999858 ) ) ;
#5934 = ORIENTED_EDGE ( 'NONE', *, *, #238, .T. ) ;
#5935 = CARTESIAN_POINT ( 'NONE',  ( 2.497450859452500005, 3.161974492271760084, 12.14961510106800091 ) ) ;
#5936 = CARTESIAN_POINT ( 'NONE',  ( 2.550000000000000266, 6.150000000000000355, 0.000000000000000000 ) ) ;
#5937 = DIRECTION ( 'NONE',  ( 0.000000000000000000, 0.7071067811865480168, 0.7071067811865469066 ) ) ;
#5938 = DIRECTION ( 'NONE',  ( 0.7071067811865491270, 0.000000000000000000, -0.7071067811865457964 ) ) ;
#5939 = DIRECTION ( 'NONE',  ( 0.000000000000000000, 1.000000000000000000, 0.000000000000000000 ) ) ;
#5940 = ORIENTED_EDGE ( 'NONE', *, *, #5036, .T. ) ;
#5941 = DIRECTION ( 'NONE',  ( -0.7071067811865466846, 0.000000000000000000, 0.7071067811865483499 ) ) ;
#5942 =( LENGTH_UNIT ( ) NAMED_UNIT ( * ) SI_UNIT ( .MILLI., .METRE. ) );
#5943 = CYLINDRICAL_SURFACE ( 'NONE', #2666, 0.1000000000000000749 ) ;
#5944 = CARTESIAN_POINT ( 'NONE',  ( 1.973283754570961834, 3.124216632767869317, 12.08297842570784120 ) ) ;
#5945 = CARTESIAN_POINT ( 'NONE',  ( 1.782946243159839961, 6.149899999999999700, 10.83972369938540048 ) ) ;
#5946 = AXIS2_PLACEMENT_3D ( 'NONE', #1022, #3721, #1656 ) ;
#5947 = VERTEX_POINT ( 'NONE', #6926 ) ;
#5948 = CARTESIAN_POINT ( 'NONE',  ( 1.920709616363420302, 6.150000000000000355, 7.730973785008739441 ) ) ;
#5949 = CARTESIAN_POINT ( 'NONE',  ( 1.732786273041533986, 6.150000000000000355, 8.054976293833165712 ) ) ;
#5950 = ORIENTED_EDGE ( 'NONE', *, *, #3905, .F. ) ;
#5952 = AXIS2_PLACEMENT_3D ( 'NONE', #6525, #8474, #7784 ) ;
#5951 = CARTESIAN_POINT ( 'NONE',  ( 0.3250000000000000111, -6.893693973998397340, 0.01522409349774287574 ) ) ;
#5953 = FACE_OUTER_BOUND ( 'NONE', #1836, .T. ) ;
#5954 = EDGE_CURVE ( 'NONE', #4855, #3815, #7477, .T. ) ;
#5955 = CARTESIAN_POINT ( 'NONE',  ( 0.4302828521505719928, 5.349999999999999645, 6.799999999999999822 ) ) ;
#5956 = CARTESIAN_POINT ( 'NONE',  ( 1.444210419635800102, 6.149899536118099697, 7.347017002283280362 ) ) ;
#5957 = CARTESIAN_POINT ( 'NONE',  ( 1.152476217557649951, 6.150000000000000355, 10.37213860327680059 ) ) ;
#5958 = FACE_OUTER_BOUND ( 'NONE', #5821, .T. ) ;
#5959 = ORIENTED_EDGE ( 'NONE', *, *, #3520, .F. ) ;
#5960 = ORIENTED_EDGE ( 'NONE', *, *, #1572, .T. ) ;
#5961 = DIRECTION ( 'NONE',  ( -0.7071067811865466846, 0.000000000000000000, 0.7071067811865482389 ) ) ;
#5962 = ORIENTED_EDGE ( 'NONE', *, *, #2395, .T. ) ;
#5963 = ORIENTED_EDGE ( 'NONE', *, *, #8666, .T. ) ;
#5964 = FACE_OUTER_BOUND ( 'NONE', #4076, .T. ) ;
#5965 = CARTESIAN_POINT ( 'NONE',  ( 0.4302828521505699944, 6.150000000000000355, 12.09999999999999964 ) ) ;
#5966 = CIRCLE ( 'NONE', #4380, 0.1000000000000000333 ) ;
#5967 = CARTESIAN_POINT ( 'NONE',  ( -2.442386859369360064, 3.050000000000000266, 7.049999999999999822 ) ) ;
#5968 = ADVANCED_FACE ( 'NONE', ( #7521 ), #2884, .F. ) ;
#5969 = EDGE_CURVE ( 'NONE', #5779, #7658, #8151, .T. ) ;
#5970 = ORIENTED_EDGE ( 'NONE', *, *, #1223, .T. ) ;
#5971 = EDGE_CURVE ( 'NONE', #6611, #1663, #2245, .T. ) ;
#5972 = FACE_OUTER_BOUND ( 'NONE', #8015, .T. ) ;
#5973 = CARTESIAN_POINT ( 'NONE',  ( -0.4302828521505689952, 6.150000000000000355, 16.10000000000000142 ) ) ;
#5974 = VECTOR ( 'NONE', #6935, 1000.000000000000000 ) ;
#5975 = ORIENTED_EDGE ( 'NONE', *, *, #856, .T. ) ;
#5976 = ORIENTED_EDGE ( 'NONE', *, *, #6030, .F. ) ;
#5977 = PLANE ( 'NONE',  #1045 ) ;
#5978 = CARTESIAN_POINT ( 'NONE',  ( -0.1029208345352116277, 0.1619462978953498666, 0.2999999999999999889 ) ) ;
#5979 = CARTESIAN_POINT ( 'NONE',  ( -0.2999999999999999889, 3.120710678118653991, 12.07928932188134397 ) ) ;
#5980 = AXIS2_PLACEMENT_3D ( 'NONE', #2017, #8926, #6199 ) ;
#5981 = ORIENTED_EDGE ( 'NONE', *, *, #1130, .F. ) ;
#5982 = CARTESIAN_POINT ( 'NONE',  ( -1.969594650744463049, 3.120710678118653991, 18.52928932188134326 ) ) ;
#5983 = CARTESIAN_POINT ( 'NONE',  ( 0.001999999999997560153, -7.900000000000000355, -1.000000000000000000 ) ) ;
#5984 = ORIENTED_EDGE ( 'NONE', *, *, #3520, .T. ) ;
#5985 = CARTESIAN_POINT ( 'NONE',  ( -0.001999999999997560153, -7.900000000000000355, -5.200000000000000178 ) ) ;
#5986 = DIRECTION ( 'NONE',  ( 0.000000000000000000, 0.000000000000000000, 1.000000000000000000 ) ) ;
#5987 = CARTESIAN_POINT ( 'NONE',  ( -2.040305328863119882, 3.050000000000000266, 0.000000000000000000 ) ) ;
#5988 = CARTESIAN_POINT ( 'NONE',  ( -0.4302828521505729920, 5.349999999999999645, 3.200000000000000178 ) ) ;
#5989 = ORIENTED_EDGE ( 'NONE', *, *, #2654, .T. ) ;
#5990 = VERTEX_POINT ( 'NONE', #7563 ) ;
#5991 = CARTESIAN_POINT ( 'NONE',  ( -0.08006199179814109390, -6.150000000000000355, 18.42928932188134539 ) ) ;
#5992 = CARTESIAN_POINT ( 'NONE',  ( 2.550000000000000266, 3.149999999999999911, 0.000000000000000000 ) ) ;
#5993 = DIRECTION ( 'NONE',  ( 0.7071067811865483499, 0.000000000000000000, 0.7071067811865466846 ) ) ;
#5994 = DIRECTION ( 'NONE',  ( 0.000000000000000000, 0.000000000000000000, 1.000000000000000000 ) ) ;
#5995 = VECTOR ( 'NONE', #3972, 1000.000000000000000 ) ;
#5996 = CARTESIAN_POINT ( 'NONE',  ( -1.100000000000000089, 3.149999999999999911, 0.2999999999999999889 ) ) ;
#5997 = CARTESIAN_POINT ( 'NONE',  ( 1.341235692678383495, 6.149999999999999467, 7.319515132686222891 ) ) ;
#5998 = CARTESIAN_POINT ( 'NONE',  ( 1.540644780878290376, 6.150000000000000355, 10.02962104009620248 ) ) ;
#5999 = CARTESIAN_POINT ( 'NONE',  ( -0.5717042083878783876, 6.150000000000000355, 16.04142135623731136 ) ) ;
#6000 = VERTEX_POINT ( 'NONE', #6294 ) ;
#6001 = VECTOR ( 'NONE', #3709, 1000.000000000000000 ) ;
#6002 = ADVANCED_FACE ( 'NONE', ( #4906 ), #1319, .T. ) ;
#6003 = VECTOR ( 'NONE', #2043, 1000.000000000000000 ) ;
#6004 = EDGE_LOOP ( 'NONE', ( #1858, #4640, #4383, #2636, #213, #6761, #6478, #7064 ) ) ;
#6005 = CARTESIAN_POINT ( 'NONE',  ( 1.472303342798873427, 6.150000000000000355, 9.227892232903709413 ) ) ;
#6006 = EDGE_LOOP ( 'NONE', ( #3270, #5024, #2050, #5361 ) ) ;
#6007 = DIRECTION ( 'NONE',  ( 0.000000000000000000, 0.000000000000000000, -1.000000000000000000 ) ) ;
#6008 = CARTESIAN_POINT ( 'NONE',  ( -1.899189142059919844, 2.652588443323439904, 12.14999999999999858 ) ) ;
#6009 = CIRCLE ( 'NONE', #1708, 0.1999999999999999833 ) ;
#6010 = FACE_OUTER_BOUND ( 'NONE', #925, .T. ) ;
#6011 = CARTESIAN_POINT ( 'NONE',  ( 1.969594650744463049, 3.120710678118653991, 18.52928932188134326 ) ) ;
#6012 = ORIENTED_EDGE ( 'NONE', *, *, #2391, .F. ) ;
#6013 = DIRECTION ( 'NONE',  ( 0.000000000000000000, -1.000000000000000000, 0.000000000000000000 ) ) ;
#6014 =( NAMED_UNIT ( * ) PLANE_ANGLE_UNIT ( ) SI_UNIT ( $, .RADIAN. ) );
#6015 = CIRCLE ( 'NONE', #1569, 0.2000000000000000389 ) ;
#6016 = ORIENTED_EDGE ( 'NONE', *, *, #5520, .F. ) ;
#6017 = EDGE_LOOP ( 'NONE', ( #5981, #4174, #1205, #1079 ) ) ;
#6018 = DIRECTION ( 'NONE',  ( -0.7071067811865480168, -0.7071067811865470176, 0.000000000000000000 ) ) ;
#6019 = ADVANCED_FACE ( 'NONE', ( #8249 ), #766, .F. ) ;
#6020 = LINE ( 'NONE', #3325, #1356 ) ;
#6021 = DIRECTION ( 'NONE',  ( 0.000000000000000000, 1.000000000000000000, 0.000000000000000000 ) ) ;
#6022 = CLOSED_SHELL ( 'NONE', ( #5070, #3120, #1510, #1179, #8344, #71, #5309, #3660, #4051, #6584, #4488, #5582, #7371 ) ) ;
#6023 = ORIENTED_EDGE ( 'NONE', *, *, #1911, .F. ) ;
#6024 = DIRECTION ( 'NONE',  ( 0.000000000000000000, -0.7071067811865470176, -0.7071067811865480168 ) ) ;
#6025 = FACE_OUTER_BOUND ( 'NONE', #3536, .T. ) ;
#6026 = VERTEX_POINT ( 'NONE', #4055 ) ;
#6027 = ADVANCED_FACE ( 'NONE', ( #3554 ), #3373, .F. ) ;
#6028 = ADVANCED_FACE ( 'NONE', ( #3783 ), #5764, .T. ) ;
#6029 = CARTESIAN_POINT ( 'NONE',  ( 1.718926793259379915, 6.149899999999999700, 6.841344385347849943 ) ) ;
#6030 = EDGE_CURVE ( 'NONE', #6026, #7489, #3644, .T. ) ;
#6031 = ADVANCED_FACE ( 'NONE', ( #3600 ), #7163, .T. ) ;
#6032 = CIRCLE ( 'NONE', #6467, 0.2000000000000000666 ) ;
#6033 = FACE_OUTER_BOUND ( 'NONE', #5702, .T. ) ;
#6034 = CARTESIAN_POINT ( 'NONE',  ( -2.449999999999999734, 6.049999999999999822, 0.000000000000000000 ) ) ;
#6035 = ORIENTED_EDGE ( 'NONE', *, *, #1223, .F. ) ;
#6036 = EDGE_CURVE ( 'NONE', #7833, #3100, #5117, .T. ) ;
#6037 = ADVANCED_FACE ( 'NONE', ( #7072 ), #7699, .F. ) ;
#6038 = ORIENTED_EDGE ( 'NONE', *, *, #707, .T. ) ;
#6039 = DIRECTION ( 'NONE',  ( 0.7071067811865466846, 0.000000000000000000, 0.7071067811865482389 ) ) ;
#6040 = CARTESIAN_POINT ( 'NONE',  ( 1.969594650744465048, 3.120710678118653991, 12.07928932188134397 ) ) ;
#6041 = DIRECTION ( 'NONE',  ( 0.6315887651184259877, 0.7753035739477678323, 0.000000000000000000 ) ) ;
#6042 = LINE ( 'NONE', #6802, #6700 ) ;
#6043 = LINE ( 'NONE', #7997, #3750 ) ;
#6044 = DIRECTION ( 'NONE',  ( 0.7071067811865474617, -0.7071067811865474617, 0.000000000000000000 ) ) ;
#6045 = CARTESIAN_POINT ( 'NONE',  ( 1.909351313647939863, 2.752070754658749951, 12.05000000000000071 ) ) ;
#6046 = ORIENTED_EDGE ( 'NONE', *, *, #7564, .F. ) ;
#6047 = ORIENTED_EDGE ( 'NONE', *, *, #5696, .F. ) ;
#6048 = CARTESIAN_POINT ( 'NONE',  ( 1.943184900355285682, 3.083283761372799692, 0.5971204285078337559 ) ) ;
#6049 = CARTESIAN_POINT ( 'NONE',  ( -2.049482311335309781, 3.139837828411979892, 12.14999999999999858 ) ) ;
#6050 = DIRECTION ( 'NONE',  ( 1.000000000000000000, 0.000000000000000000, 0.000000000000000000 ) ) ;
#6051 = CARTESIAN_POINT ( 'NONE',  ( 1.000000000000000666, 3.076876110206470116, 18.50000000000000355 ) ) ;
#6052 = EDGE_CURVE ( 'NONE', #1477, #1893, #7787, .T. ) ;
#6053 = VECTOR ( 'NONE', #7595, 1000.000000000000000 ) ;
#6054 = DIRECTION ( 'NONE',  ( 0.2460110547314106888, -0.9692670225226579506, 0.000000000000000000 ) ) ;
#6055 = VECTOR ( 'NONE', #8815, 1000.000000000000114 ) ;
#6056 = ORIENTED_EDGE ( 'NONE', *, *, #1609, .T. ) ;
#6057 = CARTESIAN_POINT ( 'NONE',  ( 1.526328195035567159, 6.150000000000000355, 8.346206644400899322 ) ) ;
#6058 = DIRECTION ( 'NONE',  ( -0.7071067811865466846, 0.000000000000000000, -0.7071067811865483499 ) ) ;
#6059 = ORIENTED_EDGE ( 'NONE', *, *, #8907, .T. ) ;
#6060 = ORIENTED_EDGE ( 'NONE', *, *, #2235, .T. ) ;
#6061 = CARTESIAN_POINT ( 'NONE',  ( 1.227650463412727655, 6.149999999999997691, 7.367607886493275693 ) ) ;
#6062 = VECTOR ( 'NONE', #5519, 1000.000000000000114 ) ;
#6063 = EDGE_CURVE ( 'NONE', #6716, #4083, #7744, .T. ) ;
#6064 = CARTESIAN_POINT ( 'NONE',  ( 1.940478040866315812, 3.056785031638665551, 0.5998272879968035154 ) ) ;
#6065 = DIRECTION ( 'NONE',  ( 1.000000000000000000, 0.000000000000000000, 0.000000000000000000 ) ) ;
#6066 = ORIENTED_EDGE ( 'NONE', *, *, #5413, .F. ) ;
#6067 = CARTESIAN_POINT ( 'NONE',  ( -2.008833624983249688, 2.741908583070740146, 7.049999999999999822 ) ) ;
#6068 = CARTESIAN_POINT ( 'NONE',  ( 1.257014306635649836, 6.149950000000000472, 10.60471559215579873 ) ) ;
#6069 = EDGE_CURVE ( 'NONE', #3088, #4344, #5808, .T. ) ;
#6070 = ORIENTED_EDGE ( 'NONE', *, *, #5760, .F. ) ;
#6071 = AXIS2_PLACEMENT_3D ( 'NONE', #4413, #7216, #3789 ) ;
#6072 = EDGE_CURVE ( 'NONE', #4300, #1065, #8248, .T. ) ;
#6073 = EDGE_CURVE ( 'NONE', #4449, #5009, #7115, .T. ) ;
#6074 = CARTESIAN_POINT ( 'NONE',  ( 0.9026112759629602023, 6.150000000000000355, 8.846206651851471037 ) ) ;
#6075 = ADVANCED_FACE ( 'NONE', ( #4997 ), #3686, .F. ) ;
#6076 = CARTESIAN_POINT ( 'NONE',  ( 1.896398432856900129, 6.149899700486680665, 10.83243034433339957 ) ) ;
#6077 = EDGE_CURVE ( 'NONE', #1459, #8412, #3022, .T. ) ;
#6078 = EDGE_LOOP ( 'NONE', ( #2672, #2132, #2647, #7342, #217 ) ) ;
#6079 = ORIENTED_EDGE ( 'NONE', *, *, #6237, .F. ) ;
#6080 = CARTESIAN_POINT ( 'NONE',  ( 1.152476217557649951, 6.150000000000000355, 10.73113374638960238 ) ) ;
#6081 = PLANE ( 'NONE',  #4318 ) ;
#6082 = LINE ( 'NONE', #2035, #7851 ) ;
#6083 = AXIS2_PLACEMENT_3D ( 'NONE', #6915, #756, #2960 ) ;
#6084 = CARTESIAN_POINT ( 'NONE',  ( 1.540644780878280162, 6.149899999999999700, 9.683321737259008799 ) ) ;
#6085 = CARTESIAN_POINT ( 'NONE',  ( 0.9598585739247140758, 6.150000000000000355, 3.000000000000000000 ) ) ;
#6086 = ORIENTED_EDGE ( 'NONE', *, *, #8856, .T. ) ;
#6087 = EDGE_LOOP ( 'NONE', ( #6555, #3425, #5733, #7055 ) ) ;
#6088 = DIRECTION ( 'NONE',  ( 0.000000000000000000, -1.000000000000000000, 0.000000000000000000 ) ) ;
#6089 = DIRECTION ( 'NONE',  ( 0.7071067811865470176, -0.7071067811865480168, 0.000000000000000000 ) ) ;
#6090 = CARTESIAN_POINT ( 'NONE',  ( 2.449999999999999734, 1.004596597366330002, 0.000000000000000000 ) ) ;
#6091 = AXIS2_PLACEMENT_3D ( 'NONE', #2991, #963, #3706 ) ;
#6092 = CARTESIAN_POINT ( 'NONE',  ( -0.4159166666666650469, -7.486083333333329648, 0.5860833333333339557 ) ) ;
#6093 = CYLINDRICAL_SURFACE ( 'NONE', #3362, 0.2000000000000000389 ) ;
#6094 = CARTESIAN_POINT ( 'NONE',  ( -2.057250000000000245, -5.844750000000000334, -5.200000000000000178 ) ) ;
#6095 = B_SPLINE_CURVE_WITH_KNOTS ( 'NONE', 3,
 ( #5604, #1561, #4204, #4887, #703, #5554, #1425, #6906 ),
 .UNSPECIFIED., .F., .F.,
 ( 4, 2, 2, 4 ),
 ( 0.000000000000000000, 0.2500000000000109912, 0.5000000000000219824, 1.000000000000000000 ),
 .UNSPECIFIED. ) ;
#6096 = ORIENTED_EDGE ( 'NONE', *, *, #8057, .T. ) ;
#6097 = CARTESIAN_POINT ( 'NONE',  ( -2.550000000000000266, 3.149999999999999911, 0.000000000000000000 ) ) ;
#6098 = PRODUCT_DEFINITION ( 'UNKNOWN', '', #6634, #7193 ) ;
#6099 = ORIENTED_EDGE ( 'NONE', *, *, #8464, .T. ) ;
#6100 = VERTEX_POINT ( 'NONE', #5083 ) ;
#6101 = VECTOR ( 'NONE', #6612, 1000.000000000000000 ) ;
#6102 = LINE ( 'NONE', #3322, #6062 ) ;
#6103 = CARTESIAN_POINT ( 'NONE',  ( 1.973283754570961834, 3.124216632767869317, 7.017021574292158448 ) ) ;
#6104 = DIRECTION ( 'NONE',  ( 1.000000000000000000, 1.586376439026039888E-16, 0.000000000000000000 ) ) ;
#6105 = EDGE_CURVE ( 'NONE', #4630, #7296, #226, .T. ) ;
#6106 = ORIENTED_EDGE ( 'NONE', *, *, #5643, .F. ) ;
#6107 = CIRCLE ( 'NONE', #4685, 0.1999999999999999833 ) ;
#6108 = DIRECTION ( 'NONE',  ( 0.000000000000000000, 0.000000000000000000, 1.000000000000000000 ) ) ;
#6109 = DIRECTION ( 'NONE',  ( 0.000000000000000000, -1.000000000000000000, 0.000000000000000000 ) ) ;
#6110 = EDGE_CURVE ( 'NONE', #5011, #7352, #5720, .T. ) ;
#6111 = ORIENTED_EDGE ( 'NONE', *, *, #1840, .T. ) ;
#6112 = CARTESIAN_POINT ( 'NONE',  ( -1.953160138207325147, 3.104276165581514757, 0.5871451906557944023 ) ) ;
#6113 = VERTEX_POINT ( 'NONE', #7836 ) ;
#6114 = SHAPE_DEFINITION_REPRESENTATION ( #8872, #8277 ) ;
#6115 = EDGE_CURVE ( 'NONE', #6685, #3767, #8920, .T. ) ;
#6116 = CARTESIAN_POINT ( 'NONE',  ( 1.902881415125298181, 6.150000000000000355, 11.80190631772086540 ) ) ;
#6117 = CARTESIAN_POINT ( 'NONE',  ( 0.3250000000000000111, -6.958578643762689531, 0.05857864376269050072 ) ) ;
#6118 = ORIENTED_EDGE ( 'NONE', *, *, #2308, .F. ) ;
#6119 = AXIS2_PLACEMENT_3D ( 'NONE', #6422, #1031, #4396 ) ;
#6120 = ORIENTED_EDGE ( 'NONE', *, *, #7176, .F. ) ;
#6121 = DIRECTION ( 'NONE',  ( 1.000000000000000000, 0.000000000000000000, 0.000000000000000000 ) ) ;
#6122 = CARTESIAN_POINT ( 'NONE',  ( -0.2999999999999999889, 3.120710678118653991, 12.07928932188134397 ) ) ;
#6123 = DIRECTION ( 'NONE',  ( 0.000000000000000000, 1.000000000000000000, 0.000000000000000000 ) ) ;
#6124 = CARTESIAN_POINT ( 'NONE',  ( -2.040305328863119882, 3.050000000000000266, 0.000000000000000000 ) ) ;
#6125 = CARTESIAN_POINT ( 'NONE',  ( 1.073123889793531571, 3.150000000000000355, 18.87312388979353273 ) ) ;
#6126 = VERTEX_POINT ( 'NONE', #1671 ) ;
#6127 = CARTESIAN_POINT ( 'NONE',  ( 1.919899243579869852, 6.149897924467699895, 7.097422184949770063 ) ) ;
#6128 = AXIS2_PLACEMENT_3D ( 'NONE', #7200, #8820, #5215 ) ;
#6129 = FACE_OUTER_BOUND ( 'NONE', #2924, .T. ) ;
#6130 = FACE_OUTER_BOUND ( 'NONE', #1591, .T. ) ;
#6131 = CARTESIAN_POINT ( 'NONE',  ( -2.229675656823970176, 3.050000000000000266, 6.949999999999999289 ) ) ;
#6132 = CARTESIAN_POINT ( 'NONE',  ( 0.001999999999997560153, -7.900000000000000355, 0.000000000000000000 ) ) ;
#6133 = FACE_OUTER_BOUND ( 'NONE', #5805, .T. ) ;
#6134 = VECTOR ( 'NONE', #6600, 1000.000000000000000 ) ;
#6135 = CIRCLE ( 'NONE', #6285, 0.2000000000000000944 ) ;
#6136 = ORIENTED_EDGE ( 'NONE', *, *, #8903, .F. ) ;
#6137 = ORIENTED_EDGE ( 'NONE', *, *, #6812, .F. ) ;
#6138 = CARTESIAN_POINT ( 'NONE',  ( 1.257014306635649836, 6.149950000000000472, 10.60471559215579873 ) ) ;
#6139 = ADVANCED_FACE ( 'NONE', ( #1042 ), #6530, .F. ) ;
#6140 = EDGE_LOOP ( 'NONE', ( #116, #6038, #1599, #8655 ) ) ;
#6141 = EDGE_LOOP ( 'NONE', ( #3697, #4353, #4347, #5621 ) ) ;
#6142 = CIRCLE ( 'NONE', #7592, 0.09999999999999985290 ) ;
#6143 = CARTESIAN_POINT ( 'NONE',  ( 0.9620386134233209763, 6.150000000000000355, 8.958038095981430970 ) ) ;
#6144 = CARTESIAN_POINT ( 'NONE',  ( 0.6302828521505700055, 5.349999999999999645, 13.10000000000000142 ) ) ;
#6145 = DIRECTION ( 'NONE',  ( 0.000000000000000000, 0.000000000000000000, -1.000000000000000000 ) ) ;
#6146 = ADVANCED_FACE ( 'NONE', ( #1129 ), #1219, .F. ) ;
#6147 =( GEOMETRIC_REPRESENTATION_CONTEXT ( 3 ) GLOBAL_UNCERTAINTY_ASSIGNED_CONTEXT ( ( #2869 ) ) GLOBAL_UNIT_ASSIGNED_CONTEXT ( ( #4629, #6014, #7463 ) ) REPRESENTATION_CONTEXT ( 'NONE', 'WORKASPACE' ) );
#6148 = ORIENTED_EDGE ( 'NONE', *, *, #5396, .F. ) ;
#6149 = AXIS2_PLACEMENT_3D ( 'NONE', #3198, #6089, #1961 ) ;
#6150 = DIRECTION ( 'NONE',  ( 0.7071067811865466846, 0.000000000000000000, 0.7071067811865482389 ) ) ;
#6151 = CARTESIAN_POINT ( 'NONE',  ( 0.4302828521505689952, 6.150000000000000355, 15.90000000000000036 ) ) ;
#6152 = EDGE_CURVE ( 'NONE', #4690, #7296, #3386, .T. ) ;
#6153 = ORIENTED_EDGE ( 'NONE', *, *, #4701, .F. ) ;
#6154 = LINE ( 'NONE', #3040, #6293 ) ;
#6155 = ORIENTED_EDGE ( 'NONE', *, *, #2725, .F. ) ;
#6156 =( NAMED_UNIT ( * ) SI_UNIT ( $, .STERADIAN. ) SOLID_ANGLE_UNIT ( ) );
#6157 = VECTOR ( 'NONE', #8363, 1000.000000000000000 ) ;
#6158 = VECTOR ( 'NONE', #5055, 1000.000000000000000 ) ;
#6159 = CARTESIAN_POINT ( 'NONE',  ( -0.2999999999999999889, 3.050000000000000266, 12.14999999999999858 ) ) ;
#6160 = FACE_OUTER_BOUND ( 'NONE', #6539, .T. ) ;
#6161 = ORIENTED_EDGE ( 'NONE', *, *, #7843, .T. ) ;
#6162 = B_SPLINE_CURVE_WITH_KNOTS ( 'NONE', 3,
 ( #4558, #1772, #5326, #3838 ),
 .UNSPECIFIED., .F., .F.,
 ( 4, 4 ),
 ( 0.000000000000000000, 1.000000000000000000 ),
 .UNSPECIFIED. ) ;
#6163 = VERTEX_POINT ( 'NONE', #5982 ) ;
#6164 = CARTESIAN_POINT ( 'NONE',  ( -1.275000000000000133, 3.120710678118654879, 0.2707106781186547351 ) ) ;
#6165 = AXIS2_PLACEMENT_3D ( 'NONE', #1687, #3175, #1821 ) ;
#6166 = ORIENTED_EDGE ( 'NONE', *, *, #4095, .T. ) ;
#6167 = DIRECTION ( 'NONE',  ( -0.7071067811865501263, -6.064755902340790428E-15, -0.7071067811865449082 ) ) ;
#6168 = PLANE ( 'NONE',  #225 ) ;
#6169 = FACE_OUTER_BOUND ( 'NONE', #1514, .T. ) ;
#6170 = CARTESIAN_POINT ( 'NONE',  ( 0.3250000000000000111, -6.817157287525379417, -0.2000000000000000111 ) ) ;
#6171 = ORIENTED_EDGE ( 'NONE', *, *, #1411, .F. ) ;
#6172 = EDGE_CURVE ( 'NONE', #4333, #2823, #7343, .T. ) ;
#6173 = DIRECTION ( 'NONE',  ( -1.000000000000000000, -3.469446951953610245E-16, 0.000000000000000000 ) ) ;
#6174 = VERTEX_POINT ( 'NONE', #1264 ) ;
#6175 = CARTESIAN_POINT ( 'NONE',  ( 1.000000000000000000, -6.150000000000000355, 0.000000000000000000 ) ) ;
#6176 = FACE_OUTER_BOUND ( 'NONE', #4712, .T. ) ;
#6177 = FACE_OUTER_BOUND ( 'NONE', #1665, .T. ) ;
#6178 = DIRECTION ( 'NONE',  ( 0.000000000000000000, 1.000000000000000000, 0.000000000000000000 ) ) ;
#6179 = CARTESIAN_POINT ( 'NONE',  ( 1.235134241479790340, 6.150000000000000355, 10.05752965730936488 ) ) ;
#6180 = LINE ( 'NONE', #3529, #4995 ) ;
#6181 = EDGE_CURVE ( 'NONE', #8163, #1403, #409, .T. ) ;
#6182 = CIRCLE ( 'NONE', #4029, 0.1000000000000000749 ) ;
#6183 =( BOUNDED_CURVE ( )  B_SPLINE_CURVE ( 3, ( #6266, #194, #7670, #108 ),
 .UNSPECIFIED., .F., .F. ) 
 B_SPLINE_CURVE_WITH_KNOTS ( ( 4, 4 ),
 ( 4.712388980384689674, 5.497787143782137065 ),
 .UNSPECIFIED. ) 
 CURVE ( )  GEOMETRIC_REPRESENTATION_ITEM ( )  RATIONAL_B_SPLINE_CURVE ( ( 1.000000000000000000, 0.9492530216741912330, 0.9492530216741912330, 1.000000000000000000 ) ) 
 REPRESENTATION_ITEM ( '' )  );
#6184 = EDGE_CURVE ( 'NONE', #3243, #5606, #4255, .T. ) ;
#6185 = ORIENTED_EDGE ( 'NONE', *, *, #8034, .F. ) ;
#6186 = EDGE_CURVE ( 'NONE', #8883, #6685, #6425, .T. ) ;
#6187 = EDGE_CURVE ( 'NONE', #4006, #5469, #3968, .T. ) ;
#6188 = VERTEX_POINT ( 'NONE', #4638 ) ;
#6189 = CYLINDRICAL_SURFACE ( 'NONE', #3002, 0.09999999999999997780 ) ;
#6190 = EDGE_CURVE ( 'NONE', #4999, #8252, #7136, .T. ) ;
#6191 = ORIENTED_EDGE ( 'NONE', *, *, #2847, .F. ) ;
#6192 = VERTEX_POINT ( 'NONE', #1849 ) ;
#6193 = DIRECTION ( 'NONE',  ( 1.000000000000000000, 0.000000000000000000, 0.000000000000000000 ) ) ;
#6194 = AXIS2_PLACEMENT_3D ( 'NONE', #8476, #2882, #4270 ) ;
#6195 = CARTESIAN_POINT ( 'NONE',  ( 0.4302828521505699944, 6.150000000000000355, 12.30000000000000071 ) ) ;
#6196 = B_SPLINE_CURVE_WITH_KNOTS ( 'NONE', 3,
 ( #3081, #1099, #424, #8632 ),
 .UNSPECIFIED., .F., .F.,
 ( 4, 4 ),
 ( 0.000000000000000000, 1.000000000000000000 ),
 .UNSPECIFIED. ) ;
#6197 = DIRECTION ( 'NONE',  ( 0.000000000000000000, 0.000000000000000000, -1.000000000000000000 ) ) ;
#6198 = VERTEX_POINT ( 'NONE', #3916 ) ;
#6199 = DIRECTION ( 'NONE',  ( 0.7071067811865474617, 0.7071067811865474617, 0.000000000000000000 ) ) ;
#6200 = CARTESIAN_POINT ( 'NONE',  ( 1.257014306635659828, 6.150000000000000355, 9.312981375176489607 ) ) ;
#6201 = ORIENTED_EDGE ( 'NONE', *, *, #5647, .T. ) ;
#6202 = AXIS2_PLACEMENT_3D ( 'NONE', #1320, #546, #5406 ) ;
#6203 = CARTESIAN_POINT ( 'NONE',  ( -1.943184900355285682, 3.083283761372799692, 0.5971204285078337559 ) ) ;
#6204 = ORIENTED_EDGE ( 'NONE', *, *, #5533, .F. ) ;
#6205 = VECTOR ( 'NONE', #533, 1000.000000000000000 ) ;
#6206 = DIRECTION ( 'NONE',  ( -9.251858538542969855E-16, 1.000000000000000000, 0.000000000000000000 ) ) ;
#6207 = STYLED_ITEM ( 'NONE', ( #4518 ), #1433 ) ;
#6208 = DIRECTION ( 'NONE',  ( 0.000000000000000000, 0.000000000000000000, 1.000000000000000000 ) ) ;
#6209 = CARTESIAN_POINT ( 'NONE',  ( 1.791251315006428868, 6.150000000000000355, 10.57192404136583264 ) ) ;
#6210 = ORIENTED_EDGE ( 'NONE', *, *, #4148, .T. ) ;
#6211 = ORIENTED_EDGE ( 'NONE', *, *, #2926, .F. ) ;
#6212 = ORIENTED_EDGE ( 'NONE', *, *, #4079, .F. ) ;
#6213 = DIRECTION ( 'NONE',  ( 1.000000000000000000, 0.000000000000000000, 0.000000000000000000 ) ) ;
#6214 = AXIS2_PLACEMENT_3D ( 'NONE', #6805, #4741, #3475 ) ;
#6215 = B_SPLINE_CURVE_WITH_KNOTS ( 'NONE', 3,
 ( #6456, #7625, #3705, #7132 ),
 .UNSPECIFIED., .F., .F.,
 ( 4, 4 ),
 ( 0.000000000000000000, 1.000000000000000000 ),
 .UNSPECIFIED. ) ;
#6216 = CARTESIAN_POINT ( 'NONE',  ( -0.3203243431760319782, 3.050000000000000266, 6.949999999999999289 ) ) ;
#6217 = CYLINDRICAL_SURFACE ( 'NONE', #4645, 0.09999999999999936717 ) ;
#6218 = DIRECTION ( 'NONE',  ( 0.000000000000000000, 0.000000000000000000, 1.000000000000000000 ) ) ;
#6219 = ORIENTED_EDGE ( 'NONE', *, *, #2447, .T. ) ;
#6220 = DIRECTION ( 'NONE',  ( 1.000000000000000000, 0.000000000000000000, 0.000000000000000000 ) ) ;
#6222 = VERTEX_POINT ( 'NONE', #5270 ) ;
#6221 = ADVANCED_FACE ( 'NONE', ( #1760 ), #2480, .T. ) ;
#6223 = CARTESIAN_POINT ( 'NONE',  ( 1.027678808890890139, 6.150000000000000355, 11.47181447055469938 ) ) ;
#6224 = CARTESIAN_POINT ( 'NONE',  ( -1.100000000000000089, 3.149999999999999911, 18.89999999999999858 ) ) ;
#6225 = CARTESIAN_POINT ( 'NONE',  ( 1.080623164082851861, 6.150000000000000355, 10.60471559215579873 ) ) ;
#6226 = DIRECTION ( 'NONE',  ( -0.7071067811865464625, 0.7071067811865486830, 0.000000000000000000 ) ) ;
#6227 = ORIENTED_EDGE ( 'NONE', *, *, #8617, .F. ) ;
#6228 = EDGE_CURVE ( 'NONE', #3641, #6685, #8705, .T. ) ;
#6229 = ORIENTED_EDGE ( 'NONE', *, *, #6445, .F. ) ;
#6230 = DIRECTION ( 'NONE',  ( 1.000000000000000000, 0.000000000000000000, 0.000000000000000000 ) ) ;
#6231 = AXIS2_PLACEMENT_3D ( 'NONE', #8550, #5071, #8648 ) ;
#6232 = ORIENTED_EDGE ( 'NONE', *, *, #5265, .F. ) ;
#6233 = ORIENTED_EDGE ( 'NONE', *, *, #7443, .T. ) ;
#6234 = CARTESIAN_POINT ( 'NONE',  ( 1.021152182091191740, 6.150000000000001243, 9.094180723617888873 ) ) ;
#6235 = SPHERICAL_SURFACE ( 'NONE', #8406, 0.2000000000000000111 ) ;
#6236 = EDGE_CURVE ( 'NONE', #4470, #3938, #8753, .T. ) ;
#6237 = EDGE_CURVE ( 'NONE', #986, #7067, #90, .T. ) ;
#6238 = CARTESIAN_POINT ( 'NONE',  ( 1.000000000000000000, 3.050000000000000266, 9.250000000000000000 ) ) ;
#6239 = ADVANCED_FACE ( 'NONE', ( #2524 ), #2569, .F. ) ;
#6240 = ORIENTED_EDGE ( 'NONE', *, *, #945, .F. ) ;
#6241 = CARTESIAN_POINT ( 'NONE',  ( 1.991875210492789261, 3.141005708178517875, 0.5484301183703306215 ) ) ;
#6242 = DIRECTION ( 'NONE',  ( -1.000000000000000000, 0.000000000000000000, 0.000000000000000000 ) ) ;
#6243 = ORIENTED_EDGE ( 'NONE', *, *, #3505, .F. ) ;
#6244 = CARTESIAN_POINT ( 'NONE',  ( 2.449999999999999734, 6.049999999999999822, 19.00000000000000000 ) ) ;
#6245 = EDGE_LOOP ( 'NONE', ( #8367, #5053, #4502, #6480 ) ) ;
#6246 =( LENGTH_UNIT ( ) NAMED_UNIT ( * ) SI_UNIT ( .MILLI., .METRE. ) );
#6247 = CARTESIAN_POINT ( 'NONE',  ( 2.442386859369360064, 3.120710678118654435, 12.07928932188134397 ) ) ;
#6248 = VECTOR ( 'NONE', #2246, 1000.000000000000000 ) ;
#6249 = CARTESIAN_POINT ( 'NONE',  ( -1.100000000000000089, 3.050000000000000266, 0.2999999999999999889 ) ) ;
#6250 = DIRECTION ( 'NONE',  ( 0.000000000000000000, 0.000000000000000000, 1.000000000000000000 ) ) ;
#6251 = ORIENTED_EDGE ( 'NONE', *, *, #1802, .F. ) ;
#6252 = VERTEX_POINT ( 'NONE', #7930 ) ;
#6253 = CARTESIAN_POINT ( 'NONE',  ( -1.000000000000000444, 3.076876110206468784, 0.2999999999999995448 ) ) ;
#6254 = VERTEX_POINT ( 'NONE', #1935 ) ;
#6255 = VECTOR ( 'NONE', #4370, 1000.000000000000000 ) ;
#6256 = AXIS2_PLACEMENT_3D ( 'NONE', #2582, #5328, #1365 ) ;
#6257 = FACE_OUTER_BOUND ( 'NONE', #1711, .T. ) ;
#6258 = VECTOR ( 'NONE', #6828, 1000.000000000000000 ) ;
#6259 = CARTESIAN_POINT ( 'NONE',  ( 1.920709616363420080, 6.150000000000000355, 7.834051045197059082 ) ) ;
#6260 = DIRECTION ( 'NONE',  ( 0.000000000000000000, 0.000000000000000000, 1.000000000000000000 ) ) ;
#6261 = CARTESIAN_POINT ( 'NONE',  ( 1.152476217557649951, 6.149950000000000472, 11.38510458271479919 ) ) ;
#6262 = EDGE_LOOP ( 'NONE', ( #1488, #5110, #2172, #4165, #6271 ) ) ;
#6263 = CARTESIAN_POINT ( 'NONE',  ( 1.784566988726939973, 6.149950000000000472, 11.60876747097469952 ) ) ;
#6264 = ORIENTED_EDGE ( 'NONE', *, *, #2166, .F. ) ;
#6265 = LINE ( 'NONE', #1419, #1553 ) ;
#6266 = CARTESIAN_POINT ( 'NONE',  ( -2.442386859369360064, 3.050000000000000266, 7.049999999999999822 ) ) ;
#6267 = CARTESIAN_POINT ( 'NONE',  ( 1.703529710371920025, 6.150000000000000355, 7.669545370136329865 ) ) ;
#6268 = FACE_OUTER_BOUND ( 'NONE', #3605, .T. ) ;
#6269 = EDGE_CURVE ( 'NONE', #6026, #7398, #6489, .T. ) ;
#6270 = CARTESIAN_POINT ( 'NONE',  ( 0.009351313679485179914, 0.1499999999999999944, 18.50000000000000000 ) ) ;
#6271 = ORIENTED_EDGE ( 'NONE', *, *, #7753, .T. ) ;
#6272 = ORIENTED_EDGE ( 'NONE', *, *, #1690, .F. ) ;
#6273 = CARTESIAN_POINT ( 'NONE',  ( 1.784566988726939973, 6.149950000000000472, 12.05528287471100057 ) ) ;
#6274 = VERTEX_POINT ( 'NONE', #2435 ) ;
#6275 = ORIENTED_EDGE ( 'NONE', *, *, #7620, .F. ) ;
#6276 = VERTEX_POINT ( 'NONE', #453 ) ;
#6277 = CARTESIAN_POINT ( 'NONE',  ( 1.782946243159839961, 6.149899999999999700, 10.83972369938540048 ) ) ;
#6278 = AXIS2_PLACEMENT_3D ( 'NONE', #7973, #987, #2675 ) ;
#6279 = CARTESIAN_POINT ( 'NONE',  ( 1.000000000000000000, -6.150000000000000355, 0.000000000000000000 ) ) ;
#6280 = CARTESIAN_POINT ( 'NONE',  ( -0.4302828521505729920, 5.349999999999999645, 3.200000000000000178 ) ) ;
#6281 = ORIENTED_EDGE ( 'NONE', *, *, #7949, .F. ) ;
#6282 = LINE ( 'NONE', #4987, #8437 ) ;
#6283 = DIRECTION ( 'NONE',  ( 0.000000000000000000, 1.000000000000000000, 0.000000000000000000 ) ) ;
#6284 = CIRCLE ( 'NONE', #5863, 0.1999999999999996503 ) ;
#6285 = AXIS2_PLACEMENT_3D ( 'NONE', #3432, #6173, #5461 ) ;
#6286 = EDGE_LOOP ( 'NONE', ( #5123, #8526, #8293, #6513 ) ) ;
#6287 = ADVANCED_FACE ( 'NONE', ( #3205 ), #1308, .F. ) ;
#6288 = CARTESIAN_POINT ( 'NONE',  ( 2.456612575086844608, 3.121334389868082315, 7.021222229906587842 ) ) ;
#6289 = ORIENTED_EDGE ( 'NONE', *, *, #8018, .T. ) ;
#6290 = SHAPE_DEFINITION_REPRESENTATION ( #5332, #1544 ) ;
#6291 = DIRECTION ( 'NONE',  ( 0.000000000000000000, -1.000000000000000000, 0.000000000000000000 ) ) ;
#6292 = CIRCLE ( 'NONE', #3141, 0.1999999999999999833 ) ;
#6293 = VECTOR ( 'NONE', #7558, 1000.000000000000000 ) ;
#6294 = CARTESIAN_POINT ( 'NONE',  ( -1.000000000000000000, 3.050000000000000266, 0.5999999999999999778 ) ) ;
#6295 = EDGE_CURVE ( 'NONE', #6276, #1120, #2103, .T. ) ;
#6296 = EDGE_CURVE ( 'NONE', #4787, #5244, #8153, .T. ) ;
#6297 = CARTESIAN_POINT ( 'NONE',  ( 0.5717042083878823844, 6.150000000000000355, 3.058578643762690508 ) ) ;
#6298 = ADVANCED_FACE ( 'NONE', ( #3364 ), #7471, .T. ) ;
#6299 = ORIENTED_EDGE ( 'NONE', *, *, #4212, .F. ) ;
#6300 = ADVANCED_FACE ( 'NONE', ( #5442 ), #3407, .F. ) ;
#6301 = ORIENTED_EDGE ( 'NONE', *, *, #2458, .T. ) ;
#6302 = ADVANCED_FACE ( 'NONE', ( #8199 ), #4808, .T. ) ;
#6303 = DIRECTION ( 'NONE',  ( -0.7071067811865466846, 0.000000000000000000, 0.7071067811865483499 ) ) ;
#6304 = AXIS2_PLACEMENT_3D ( 'NONE', #1706, #2293, #7286 ) ;
#6305 = ORIENTED_EDGE ( 'NONE', *, *, #4709, .F. ) ;
#6306 = ADVANCED_FACE ( 'NONE', ( #669 ), #2150, .F. ) ;
#6307 = CARTESIAN_POINT ( 'NONE',  ( -2.449999999999999734, 6.049999999999999822, 0.000000000000000000 ) ) ;
#6308 = DIRECTION ( 'NONE',  ( -0.9948231133531090231, -0.1016217158801570042, 0.000000000000000000 ) ) ;
#6309 = CARTESIAN_POINT ( 'NONE',  ( 1.029289321881345476, 3.120710678118654879, 0.2999999999999999889 ) ) ;
#6310 = ORIENTED_EDGE ( 'NONE', *, *, #4491, .T. ) ;
#6311 = DIRECTION ( 'NONE',  ( 0.000000000000000000, 0.000000000000000000, 1.000000000000000000 ) ) ;
#6312 = ORIENTED_EDGE ( 'NONE', *, *, #7236, .F. ) ;
#6313 = CARTESIAN_POINT ( 'NONE',  ( -2.449999999999999734, 6.049999999999999822, 19.09999999999999787 ) ) ;
#6314 = DIRECTION ( 'NONE',  ( 0.5506908908668940450, -0.8347092563978349977, 0.000000000000000000 ) ) ;
#6315 = CARTESIAN_POINT ( 'NONE',  ( 1.792719128025763942, 6.150000000000001243, 7.220312285513069916 ) ) ;
#6316 = DIRECTION ( 'NONE',  ( 0.000000000000000000, 0.000000000000000000, 1.000000000000000000 ) ) ;
#6317 = DIRECTION ( 'NONE',  ( -1.040834085586085982E-16, 1.040834085586083887E-16, -1.000000000000000000 ) ) ;
#6318 = ORIENTED_EDGE ( 'NONE', *, *, #5421, .T. ) ;
#6319 = VERTEX_POINT ( 'NONE', #5568 ) ;
#6320 = ORIENTED_EDGE ( 'NONE', *, *, #7021, .T. ) ;
#6321 = ORIENTED_EDGE ( 'NONE', *, *, #434, .F. ) ;
#6322 = ORIENTED_EDGE ( 'NONE', *, *, #6190, .T. ) ;
#6323 = CARTESIAN_POINT ( 'NONE',  ( 2.449999999999999734, 6.049999999999999822, 19.00000000000000000 ) ) ;
#6324 = CARTESIAN_POINT ( 'NONE',  ( -0.4302828521505699944, 5.349999999999999645, 12.30000000000000071 ) ) ;
#6325 = AXIS2_PLACEMENT_3D ( 'NONE', #7167, #5771, #7036 ) ;
#6326 = DIRECTION ( 'NONE',  ( 0.000000000000000000, 1.000000000000000000, 0.000000000000000000 ) ) ;
#6327 = B_SPLINE_CURVE_WITH_KNOTS ( 'NONE', 3,
 ( #2005, #4748, #7495, #1336 ),
 .UNSPECIFIED., .F., .F.,
 ( 4, 4 ),
 ( 0.000000000000000000, 1.000000000000000000 ),
 .UNSPECIFIED. ) ;
#6328 = VERTEX_POINT ( 'NONE', #8879 ) ;
#6329 = CARTESIAN_POINT ( 'NONE',  ( 1.134648016319549813, 6.149948524861880372, 7.800015388287939722 ) ) ;
#6330 = FACE_OUTER_BOUND ( 'NONE', #2855, .T. ) ;
#6331 = ORIENTED_EDGE ( 'NONE', *, *, #1014, .T. ) ;
#6332 = ORIENTED_EDGE ( 'NONE', *, *, #6848, .T. ) ;
#6333 = AXIS2_PLACEMENT_3D ( 'NONE', #4315, #176, #806 ) ;
#6334 = CARTESIAN_POINT ( 'NONE',  ( 1.222168276942983578, 6.150000000000000355, 10.81622288866240034 ) ) ;
#6335 = ORIENTED_EDGE ( 'NONE', *, *, #6354, .T. ) ;
#6336 = EDGE_CURVE ( 'NONE', #1441, #8742, #2652, .T. ) ;
#6337 = DIRECTION ( 'NONE',  ( 0.000000000000000000, 0.000000000000000000, -1.000000000000000000 ) ) ;
#6338 = CONTEXT_DEPENDENT_SHAPE_REPRESENTATION ( #3599, #589 ) ;
#6339 = CARTESIAN_POINT ( 'NONE',  ( 1.048293601660257313, 3.139714957897566272, 18.54829360166025509 ) ) ;
#6340 = AXIS2_PLACEMENT_3D ( 'NONE', #5392, #212, #7730 ) ;
#6341 = ADVANCED_FACE ( 'NONE', ( #1390 ), #5480, .F. ) ;
#6342 = DIRECTION ( 'NONE',  ( -0.7071067811865470176, -0.7071067811865480168, 0.000000000000000000 ) ) ;
#6343 = FACE_OUTER_BOUND ( 'NONE', #118, .T. ) ;
#6344 = VECTOR ( 'NONE', #1539, 1000.000000000000000 ) ;
#6345 = ORIENTED_EDGE ( 'NONE', *, *, #3471, .T. ) ;
#6346 = AXIS2_PLACEMENT_3D ( 'NONE', #6323, #7327, #3235 ) ;
#6347 = CARTESIAN_POINT ( 'NONE',  ( 1.152476217557649951, 6.149950000000000472, 11.38510458271479919 ) ) ;
#6348 = CARTESIAN_POINT ( 'NONE',  ( 1.776463260891439910, 6.150000000000000355, 9.800825790873821219 ) ) ;
#6349 = EDGE_CURVE ( 'NONE', #4595, #5675, #4967, .T. ) ;
#6350 = VECTOR ( 'NONE', #555, 1000.000000000000000 ) ;
#6351 = ADVANCED_FACE ( 'NONE', ( #6875 ), #3500, .T. ) ;
#6352 = EDGE_CURVE ( 'NONE', #5009, #7933, #1437, .T. ) ;
#6353 = EDGE_CURVE ( 'NONE', #7429, #3581, #3154, .T. ) ;
#6354 = EDGE_CURVE ( 'NONE', #6524, #3591, #7476, .T. ) ;
#6355 = CYLINDRICAL_SURFACE ( 'NONE', #1670, 0.2000000000000002887 ) ;
#6356 = DIRECTION ( 'NONE',  ( 0.000000000000000000, 0.000000000000000000, 1.000000000000000000 ) ) ;
#6357 = CARTESIAN_POINT ( 'NONE',  ( 1.402611283413533583, 6.150000000000000355, 11.38510458271479919 ) ) ;
#6358 = ORIENTED_EDGE ( 'NONE', *, *, #7969, .T. ) ;
#6359 = CARTESIAN_POINT ( 'NONE',  ( 2.449999999999999734, 3.250000000000000000, 12.14999999999999858 ) ) ;
#6360 = VERTEX_POINT ( 'NONE', #4171 ) ;
#6361 = CARTESIAN_POINT ( 'NONE',  ( 1.152476217557650173, 6.150000000000000355, 10.75949679381386659 ) ) ;
#6362 = CARTESIAN_POINT ( 'NONE',  ( -0.4302828521505699944, 5.349999999999999645, 12.30000000000000071 ) ) ;
#6363 = FACE_OUTER_BOUND ( 'NONE', #1036, .T. ) ;
#6364 = CARTESIAN_POINT ( 'NONE',  ( 1.324275247670340105, 6.150000000000000355, 7.568248772192540663 ) ) ;
#6365 = CARTESIAN_POINT ( 'NONE',  ( 1.100000000000000089, 3.050000000000000266, 0.2999999999999999889 ) ) ;
#6366 = B_SPLINE_CURVE_WITH_KNOTS ( 'NONE', 3,
 ( #7611, #1451, #4188, #7659 ),
 .UNSPECIFIED., .F., .F.,
 ( 4, 4 ),
 ( 0.000000000000000000, 1.000000000000000000 ),
 .UNSPECIFIED. ) ;
#6367 = DIRECTION ( 'NONE',  ( 1.000000000000000000, 1.314081478514699877E-16, 0.000000000000000000 ) ) ;
#6368 = ORIENTED_EDGE ( 'NONE', *, *, #3005, .F. ) ;
#6369 = VERTEX_POINT ( 'NONE', #6967 ) ;
#6370 = ORIENTED_EDGE ( 'NONE', *, *, #3944, .T. ) ;
#6371 = EDGE_LOOP ( 'NONE', ( #5658, #4244, #5307, #7287, #1476, #8251 ) ) ;
#6372 = ORIENTED_EDGE ( 'NONE', *, *, #4534, .T. ) ;
#6373 = UNCERTAINTY_MEASURE_WITH_UNIT (LENGTH_MEASURE( 1.000000000000000082E-05 ), #6246, 'distance_accuracy_value', 'NONE');
#6374 = CARTESIAN_POINT ( 'NONE',  ( 2.497212160645410073, 3.161843715975289903, 6.950769810156879558 ) ) ;
#6375 = DIRECTION ( 'NONE',  ( -1.665334536937735797E-16, 0.7071067811865467956, -0.7071067811865482389 ) ) ;
#6376 = DIRECTION ( 'NONE',  ( 0.000000000000000000, 0.000000000000000000, 1.000000000000000000 ) ) ;
#6377 = ORIENTED_EDGE ( 'NONE', *, *, #2399, .F. ) ;
#6378 = AXIS2_PLACEMENT_3D ( 'NONE', #2478, #5217, #7879 ) ;
#6379 = LINE ( 'NONE', #7732, #5701 ) ;
#6380 = LINE ( 'NONE', #4988, #5725 ) ;
#6381 = ORIENTED_EDGE ( 'NONE', *, *, #8429, .T. ) ;
#6382 = DIRECTION ( 'NONE',  ( 0.000000000000000000, 1.000000000000000000, 0.000000000000000000 ) ) ;
#6383 = ORIENTED_EDGE ( 'NONE', *, *, #4872, .F. ) ;
#6384 = CARTESIAN_POINT ( 'NONE',  ( 1.151286225820166376, 6.150000000000000355, 7.669311778431678661 ) ) ;
#6385 = PRODUCT_CONTEXT ( 'NONE', #3149, 'mechanical' ) ;
#6386 = CIRCLE ( 'NONE', #1932, 0.2000000000000000944 ) ;
#6387 = EDGE_CURVE ( 'NONE', #7617, #850, #5433, .T. ) ;
#6388 = ORIENTED_EDGE ( 'NONE', *, *, #3829, .F. ) ;
#6389 = EDGE_CURVE ( 'NONE', #2096, #3767, #8836, .T. ) ;
#6390 = DIRECTION ( 'NONE',  ( 0.000000000000000000, 0.000000000000000000, -1.000000000000000000 ) ) ;
#6391 = LINE ( 'NONE', #8431, #7499 ) ;
#6392 = EDGE_LOOP ( 'NONE', ( #7196, #5538, #6931, #3875, #6136, #4443, #4436, #2978, #893, #6744, #2732, #7510, #6240, #7738, #1311, #761, #7720, #705 ) ) ;
#6393 = CARTESIAN_POINT ( 'NONE',  ( 1.566576709951900126, 6.150000000000000355, 7.915898696335649909 ) ) ;
#6394 = CARTESIAN_POINT ( 'NONE',  ( 0.3250000000000000111, 7.900000000000000355, 0.000000000000000000 ) ) ;
#6395 = CARTESIAN_POINT ( 'NONE',  ( -0.5717042083878783876, 6.150000000000000355, 16.04142135623731136 ) ) ;
#6396 = CARTESIAN_POINT ( 'NONE',  ( 0.9798668146614301078, 6.150000000000000355, 8.848367645940941273 ) ) ;
#6397 = DIRECTION ( 'NONE',  ( 0.000000000000000000, 0.000000000000000000, 1.000000000000000000 ) ) ;
#6398 = CIRCLE ( 'NONE', #2530, 0.09999999999999982514 ) ;
#6399 = ORIENTED_EDGE ( 'NONE', *, *, #7712, .T. ) ;
#6400 = DIRECTION ( 'NONE',  ( 0.000000000000000000, -1.000000000000000000, 0.000000000000000000 ) ) ;
#6401 = ORIENTED_EDGE ( 'NONE', *, *, #452, .F. ) ;
#6402 = CARTESIAN_POINT ( 'NONE',  ( -1.000000000000000000, 3.050000000000000266, 18.50000000000000000 ) ) ;
#6403 = CARTESIAN_POINT ( 'NONE',  ( 0.1093513136794850016, 0.1499999999999999944, 0.6999999999999999556 ) ) ;
#6404 = EDGE_CURVE ( 'NONE', #8730, #1889, #6282, .T. ) ;
#6405 = DIRECTION ( 'NONE',  ( 0.7071067811865474617, 0.7071067811865474617, 0.000000000000000000 ) ) ;
#6406 = SPHERICAL_SURFACE ( 'NONE', #6091, 0.2000000000000000111 ) ;
#6407 = AXIS2_PLACEMENT_3D ( 'NONE', #2072, #4817, #1490 ) ;
#6408 = LINE ( 'NONE', #3800, #3561 ) ;
#6409 = CARTESIAN_POINT ( 'NONE',  ( 1.517684218677703534, 6.150000000000000355, 6.827568048027489844 ) ) ;
#6410 = ORIENTED_EDGE ( 'NONE', *, *, #8602, .F. ) ;
#6411 = ORIENTED_EDGE ( 'NONE', *, *, #4846, .T. ) ;
#6412 = EDGE_CURVE ( 'NONE', #8124, #4143, #6379, .T. ) ;
#6413 = ORIENTED_EDGE ( 'NONE', *, *, #7221, .T. ) ;
#6414 = VERTEX_POINT ( 'NONE', #4941 ) ;
#6415 = EDGE_LOOP ( 'NONE', ( #927, #2326, #4932, #6509, #7054 ) ) ;
#6416 = CARTESIAN_POINT ( 'NONE',  ( 1.910444894438440233, 6.150000000000000355, 10.42364229574244128 ) ) ;
#6417 = CARTESIAN_POINT ( 'NONE',  ( 0.9598585739247149640, 6.150000000000000355, 12.09999999999999964 ) ) ;
#6418 = B_SPLINE_CURVE_WITH_KNOTS ( 'NONE', 3,
 ( #7404, #558, #2495, #1867 ),
 .UNSPECIFIED., .F., .F.,
 ( 4, 4 ),
 ( 0.000000000000000000, 1.000000000000000000 ),
 .UNSPECIFIED. ) ;
#6419 = CARTESIAN_POINT ( 'NONE',  ( -2.449999999999999734, 3.250000000000000000, 19.00000000000000000 ) ) ;
#6420 = VERTEX_POINT ( 'NONE', #214 ) ;
#6421 = ADVANCED_FACE ( 'NONE', ( #2965 ), #8509, .F. ) ;
#6422 = CARTESIAN_POINT ( 'NONE',  ( -2.449999999999999734, 3.250000000000000000, 0.1000000000000000056 ) ) ;
#6423 = FILL_AREA_STYLE ('',( #6564 ) ) ;
#6424 = EDGE_LOOP ( 'NONE', ( #1185, #6413, #2579, #8048, #5841, #4431, #4556, #8817, #5797, #491, #888, #3466, #433, #2588, #798, #1447, #8204, #4652 ) ) ;
#6425 =( BOUNDED_CURVE ( )  B_SPLINE_CURVE ( 3, ( #1084, #6710, #3823, #6665 ),
 .UNSPECIFIED., .F., .F. ) 
 B_SPLINE_CURVE_WITH_KNOTS ( ( 4, 4 ),
 ( 2.708638981309183347, 2.922269934266896740 ),
 .UNSPECIFIED. ) 
 CURVE ( )  GEOMETRIC_REPRESENTATION_ITEM ( )  RATIONAL_B_SPLINE_CURVE ( ( 1.000000000000000000, 0.9962004326682372124, 0.9962004326682372124, 1.000000000000000000 ) ) 
 REPRESENTATION_ITEM ( '' )  );
#6426 = FACE_OUTER_BOUND ( 'NONE', #1610, .T. ) ;
#6427 = ORIENTED_EDGE ( 'NONE', *, *, #3748, .F. ) ;
#6428 = AXIS2_PLACEMENT_3D ( 'NONE', #3796, #6544, #381 ) ;
#6429 = CARTESIAN_POINT ( 'NONE',  ( -1.998671453395229891, 2.642426271735430099, 6.025000000000000355 ) ) ;
#6430 = ITEM_DEFINED_TRANSFORMATION ( 'NONE', 'NONE', #1747,  #7203 ) ;
#6431 = B_SPLINE_CURVE_WITH_KNOTS ( 'NONE', 3,
 ( #3675, #5208, #7280, #7147 ),
 .UNSPECIFIED., .F., .F.,
 ( 4, 4 ),
 ( 0.000000000000000000, 1.000000000000000000 ),
 .UNSPECIFIED. ) ;
#6432 = DIRECTION ( 'NONE',  ( -1.000000000000000000, 0.000000000000000000, 0.000000000000000000 ) ) ;
#6433 = ORIENTED_EDGE ( 'NONE', *, *, #4179, .T. ) ;
#6434 = ADVANCED_FACE ( 'NONE', ( #2292 ), #5029, .F. ) ;
#6435 = CARTESIAN_POINT ( 'NONE',  ( 1.100000000000000089, 3.149999999999999911, 18.59999999999999787 ) ) ;
#6436 = EDGE_CURVE ( 'NONE', #4044, #4866, #4263, .T. ) ;
#6437 = AXIS2_PLACEMENT_3D ( 'NONE', #6841, #6121, #682 ) ;
#6438 = CARTESIAN_POINT ( 'NONE',  ( 2.449999999999999734, 3.149999999999999911, 0.000000000000000000 ) ) ;
#6439 = CARTESIAN_POINT ( 'NONE',  ( 0.5717042083878774994, 5.349999999999999645, 16.04142135623731136 ) ) ;
#6440 = ORIENTED_EDGE ( 'NONE', *, *, #3657, .F. ) ;
#6441 = SPHERICAL_SURFACE ( 'NONE', #414, 0.2000000000000000111 ) ;
#6442 = FACE_OUTER_BOUND ( 'NONE', #6696, .T. ) ;
#6443 = VECTOR ( 'NONE', #4727, 1000.000000000000000 ) ;
#6444 = VECTOR ( 'NONE', #2107, 1000.000000000000000 ) ;
#6445 = EDGE_CURVE ( 'NONE', #7040, #2902, #3678, .T. ) ;
#6446 = CARTESIAN_POINT ( 'NONE',  ( -0.6302828521505690063, 6.150000000000000355, 15.90000000000000036 ) ) ;
#6447 = CARTESIAN_POINT ( 'NONE',  ( -2.550000000000000266, 6.049999999999999822, 0.000000000000000000 ) ) ;
#6448 = CARTESIAN_POINT ( 'NONE',  ( -2.445132268476472248, 3.076876110206469228, 12.04999999999999716 ) ) ;
#6449 = ORIENTED_EDGE ( 'NONE', *, *, #4367, .T. ) ;
#6450 = DIRECTION ( 'NONE',  ( 0.7071067811865484609, -1.016439536705160777E-16, 0.7071067811865465735 ) ) ;
#6451 = PLANE ( 'NONE',  #5144 ) ;
#6452 = ORIENTED_EDGE ( 'NONE', *, *, #1262, .T. ) ;
#6453 = CARTESIAN_POINT ( 'NONE',  ( 0.5717042083878823844, 5.208578643762690419, 4.000000000000000000 ) ) ;
#6454 = DIRECTION ( 'NONE',  ( 1.000000000000000000, 0.000000000000000000, 0.000000000000000000 ) ) ;
#6455 = ADVANCED_FACE ( 'NONE', ( #2876 ), #7105, .T. ) ;
#6456 = CARTESIAN_POINT ( 'NONE',  ( 0.8518279148604700479, 6.150000000000000355, 8.975866297219530665 ) ) ;
#6457 = CARTESIAN_POINT ( 'NONE',  ( 1.324275247670340327, 6.150000000000000355, 7.570409766282006458 ) ) ;
#6458 = AXIS2_PLACEMENT_3D ( 'NONE', #6809, #3985, #2721 ) ;
#6459 = DIRECTION ( 'NONE',  ( 0.000000000000000000, 0.000000000000000000, 1.000000000000000000 ) ) ;
#6460 = EDGE_CURVE ( 'NONE', #2417, #6917, #5118, .T. ) ;
#6461 = LINE ( 'NONE', #5694, #543 ) ;
#6462 = VERTEX_POINT ( 'NONE', #2197 ) ;
#6463 = ORIENTED_EDGE ( 'NONE', *, *, #479, .F. ) ;
#6464 = ORIENTED_EDGE ( 'NONE', *, *, #5366, .F. ) ;
#6465 = VERTEX_POINT ( 'NONE', #261 ) ;
#6466 = ORIENTED_EDGE ( 'NONE', *, *, #2354, .T. ) ;
#6467 = AXIS2_PLACEMENT_3D ( 'NONE', #2461, #5013, #7807 ) ;
#6468 = CARTESIAN_POINT ( 'NONE',  ( 2.497690080505440058, 3.162104287810009851, 6.949999999999999289 ) ) ;
#6469 = FACE_OUTER_BOUND ( 'NONE', #8646, .T. ) ;
#6470 = EDGE_CURVE ( 'NONE', #7424, #3511, #7151, .T. ) ;
#6471 = EDGE_CURVE ( 'NONE', #8342, #6877, #4985, .T. ) ;
#6472 = FACE_OUTER_BOUND ( 'NONE', #4699, .T. ) ;
#6473 = EDGE_CURVE ( 'NONE', #3388, #8593, #168, .T. ) ;
#6474 = ADVANCED_FACE ( 'NONE', ( #3011 ), #2337, .T. ) ;
#6475 = VERTEX_POINT ( 'NONE', #7823 ) ;
#6476 = DIRECTION ( 'NONE',  ( -0.000000000000000000, 1.000000000000000000, 0.000000000000000000 ) ) ;
#6477 = CARTESIAN_POINT ( 'NONE',  ( -2.229675656823970176, 3.120710678118654879, 7.020710678118654791 ) ) ;
#6478 = ORIENTED_EDGE ( 'NONE', *, *, #1645, .T. ) ;
#6479 = LINE ( 'NONE', #3058, #4583 ) ;
#6480 = ORIENTED_EDGE ( 'NONE', *, *, #5263, .F. ) ;
#6481 = CARTESIAN_POINT ( 'NONE',  ( -0.3250000000000000111, -7.576999999999999957, -0.6769999999999999352 ) ) ;
#6482 =( GEOMETRIC_REPRESENTATION_CONTEXT ( 3 ) GLOBAL_UNCERTAINTY_ASSIGNED_CONTEXT ( ( #1786 ) ) GLOBAL_UNIT_ASSIGNED_CONTEXT ( ( #7889, #904, #5724 ) ) REPRESENTATION_CONTEXT ( 'NONE', 'WORKASPACE' ) );
#6483 = APPLICATION_PROTOCOL_DEFINITION ( 'draft international standard', 'automotive_design', 1998, #385 ) ;
#6484 = CARTESIAN_POINT ( 'NONE',  ( 1.224650129526619891, -6.150000000000000355, 7.799999999999999822 ) ) ;
#6485 = ORIENTED_EDGE ( 'NONE', *, *, #8853, .F. ) ;
#6486 = CARTESIAN_POINT ( 'NONE',  ( 1.444210419635800102, 6.149950000282250251, 6.950744711127149422 ) ) ;
#6487 = DIRECTION ( 'NONE',  ( -0.7071067811865480168, 0.7071067811865470176, 0.000000000000000000 ) ) ;
#6488 = VECTOR ( 'NONE', #6789, 1000.000000000000000 ) ;
#6489 =( BOUNDED_CURVE ( )  B_SPLINE_CURVE ( 3, ( #6067, #4504, #5221, #7978 ),
 .UNSPECIFIED., .F., .F. ) 
 B_SPLINE_CURVE_WITH_KNOTS ( ( 4, 4 ),
 ( -4.440892098500626162E-14, 0.7853981633974498333 ),
 .UNSPECIFIED. ) 
 CURVE ( )  GEOMETRIC_REPRESENTATION_ITEM ( )  RATIONAL_B_SPLINE_CURVE ( ( 1.000000000000000000, 0.9492530216741853488, 0.9492530216741853488, 1.000000000000000000 ) ) 
 REPRESENTATION_ITEM ( '' )  );
#6490 = DIRECTION ( 'NONE',  ( 0.000000000000000000, 5.551115123125780336E-15, 1.000000000000000000 ) ) ;
#6491 = ORIENTED_EDGE ( 'NONE', *, *, #4701, .T. ) ;
#6492 = CARTESIAN_POINT ( 'NONE',  ( 0.6302828521505730031, 5.349999999999999645, 3.200000000000000178 ) ) ;
#6493 = DIRECTION ( 'NONE',  ( 0.000000000000000000, -1.000000000000000000, 0.000000000000000000 ) ) ;
#6494 = AXIS2_PLACEMENT_3D ( 'NONE', #5165, #3676, #7195 ) ;
#6495 = AXIS2_PLACEMENT_3D ( 'NONE', #5287, #5243, #4480 ) ;
#6496 = DIRECTION ( 'NONE',  ( 0.7071067811865461294, -0.7071067811865490160, -2.886579864025407005E-15 ) ) ;
#6497 = DIRECTION ( 'NONE',  ( 0.000000000000000000, -0.7071067811865344721, 0.7071067811865605623 ) ) ;
#6498 = FACE_OUTER_BOUND ( 'NONE', #991, .T. ) ;
#6499 = ORIENTED_EDGE ( 'NONE', *, *, #3539, .T. ) ;
#6500 = LINE ( 'NONE', #8580, #8044 ) ;
#6501 = CARTESIAN_POINT ( 'NONE',  ( 1.775814124512419045, 6.150000000000001243, 11.17933394565922889 ) ) ;
#6502 = ORIENTED_EDGE ( 'NONE', *, *, #7845, .F. ) ;
#6503 = CARTESIAN_POINT ( 'NONE',  ( 2.449999999999999734, 6.049999999999999822, 19.00000000000000000 ) ) ;
#6504 = CARTESIAN_POINT ( 'NONE',  ( 1.814550781718320183, 6.150000000000000355, 7.877555268313972903 ) ) ;
#6505 = CIRCLE ( 'NONE', #3912, 0.09999999999999982514 ) ;
#6506 = DIRECTION ( 'NONE',  ( 0.5558414053436417923, 0.6155134058435893785, -0.5587339074482861045 ) ) ;
#6507 = CARTESIAN_POINT ( 'NONE',  ( -1.502601913132799893, -6.150000000000000355, 11.29999999999999893 ) ) ;
#6508 = DIRECTION ( 'NONE',  ( 0.000000000000000000, 0.000000000000000000, 1.000000000000000000 ) ) ;
#6509 = ORIENTED_EDGE ( 'NONE', *, *, #1409, .F. ) ;
#6510 = ADVANCED_FACE ( 'NONE', ( #1659 ), #982, .T. ) ;
#6511 = ORIENTED_EDGE ( 'NONE', *, *, #3779, .T. ) ;
#6512 = VERTEX_POINT ( 'NONE', #2598 ) ;
#6513 = ORIENTED_EDGE ( 'NONE', *, *, #53, .F. ) ;
#6514 = CARTESIAN_POINT ( 'NONE',  ( 1.477165579500173687, 6.150000000000000355, 8.808929503808160533 ) ) ;
#6515 = AXIS2_PLACEMENT_3D ( 'NONE', #3268, #1199, #8774 ) ;
#6516 = DIRECTION ( 'NONE',  ( -0.9948231133531089121, -0.1016217158801569903, 0.000000000000000000 ) ) ;
#6517 = CARTESIAN_POINT ( 'NONE',  ( 2.449999999999999734, 6.150000000000000355, 0.1000000000000000056 ) ) ;
#6518 = EDGE_CURVE ( 'NONE', #8784, #7277, #6974, .T. ) ;
#6519 = ORIENTED_EDGE ( 'NONE', *, *, #5954, .F. ) ;
#6520 = CARTESIAN_POINT ( 'NONE',  ( 2.445897849675559677, 3.084370747208040164, 7.043907676663629935 ) ) ;
#6521 = DIRECTION ( 'NONE',  ( 0.000000000000000000, 0.000000000000000000, 1.000000000000000000 ) ) ;
#6522 = ORIENTED_EDGE ( 'NONE', *, *, #4053, .F. ) ;
#6523 = CARTESIAN_POINT ( 'NONE',  ( 1.324275247670340105, 6.150000000000000355, 7.574731754460939825 ) ) ;
#6524 = VERTEX_POINT ( 'NONE', #7239 ) ;
#6525 = CARTESIAN_POINT ( 'NONE',  ( -1.387778780781450113E-16, 5.150000000000000355, 14.09999999999999964 ) ) ;
#6526 = DIRECTION ( 'NONE',  ( 0.7034461695330939124, 0.07185740441466675898, -0.7071067811865509034 ) ) ;
#6527 = ORIENTED_EDGE ( 'NONE', *, *, #5262, .T. ) ;
#6528 = CARTESIAN_POINT ( 'NONE',  ( 1.444210419635798104, 6.150000000000000355, 7.082835474845859736 ) ) ;
#6529 = VECTOR ( 'NONE', #1974, 1000.000000000000000 ) ;
#6530 = CYLINDRICAL_SURFACE ( 'NONE', #2669, 0.2000000000000000389 ) ;
#6531 = CARTESIAN_POINT ( 'NONE',  ( 0.4302828521505729920, 5.349999999999999645, 3.200000000000000178 ) ) ;
#6532 = ORIENTED_EDGE ( 'NONE', *, *, #1629, .F. ) ;
#6533 = CARTESIAN_POINT ( 'NONE',  ( 2.057250000000000245, -5.844750000000000334, 5.200000000000000178 ) ) ;
#6534 = AXIS2_PLACEMENT_3D ( 'NONE', #5102, #2366, #1778 ) ;
#6535 =( BOUNDED_CURVE ( )  B_SPLINE_CURVE ( 3, ( #601, #6125, #8897, #5459 ),
 .UNSPECIFIED., .F., .F. ) 
 B_SPLINE_CURVE_WITH_KNOTS ( ( 4, 4 ),
 ( 1.570796326794895892, 2.356194490192326629 ),
 .UNSPECIFIED. ) 
 CURVE ( )  GEOMETRIC_REPRESENTATION_ITEM ( )  RATIONAL_B_SPLINE_CURVE ( ( 1.000000000000000000, 0.9492530216741933424, 0.9492530216741933424, 1.000000000000000000 ) ) 
 REPRESENTATION_ITEM ( '' )  );
#6536 = CARTESIAN_POINT ( 'NONE',  ( -1.275000000000000133, 3.120710678118655323, 18.82928932188134752 ) ) ;
#6537 = CARTESIAN_POINT ( 'NONE',  ( 1.713254183774519879, 6.149899999999999700, 8.346206644400899322 ) ) ;
#6538 = CYLINDRICAL_SURFACE ( 'NONE', #2523, 0.09999999999999996392 ) ;
#6539 = EDGE_LOOP ( 'NONE', ( #6204, #869, #2130, #2775 ) ) ;
#6540 = CARTESIAN_POINT ( 'NONE',  ( 0.1093513136794850016, 0.1499999999999999944, 18.50000000000000000 ) ) ;
#6541 = DIRECTION ( 'NONE',  ( 0.000000000000000000, -0.3826834323650923908, 0.9238795325112856283 ) ) ;
#6542 = VERTEX_POINT ( 'NONE', #4536 ) ;
#6543 = AXIS2_PLACEMENT_3D ( 'NONE', #2801, #5546, #8350 ) ;
#6544 = DIRECTION ( 'NONE',  ( 1.000000000000000000, 0.000000000000000000, 0.000000000000000000 ) ) ;
#6545 = CARTESIAN_POINT ( 'NONE',  ( 1.814550781718320183, 6.150000000000000355, 7.809415810873653108 ) ) ;
#6546 = FACE_OUTER_BOUND ( 'NONE', #6941, .T. ) ;
#6547 = FACE_OUTER_BOUND ( 'NONE', #1044, .T. ) ;
#6548 = AXIS2_PLACEMENT_3D ( 'NONE', #1224, #8078, #590 ) ;
#6549 = FACE_OUTER_BOUND ( 'NONE', #8628, .T. ) ;
#6550 = FACE_OUTER_BOUND ( 'NONE', #4728, .T. ) ;
#6551 = ORIENTED_EDGE ( 'NONE', *, *, #825, .T. ) ;
#6552 = ORIENTED_EDGE ( 'NONE', *, *, #7793, .T. ) ;
#6553 = CARTESIAN_POINT ( 'NONE',  ( 1.257014306635659828, 6.149950000000000472, 9.227892232903698755 ) ) ;
#6554 = VERTEX_POINT ( 'NONE', #3949 ) ;
#6555 = ORIENTED_EDGE ( 'NONE', *, *, #301, .F. ) ;
#6556 = AXIS2_PLACEMENT_3D ( 'NONE', #911, #8484, #5857 ) ;
#6557 = FACE_OUTER_BOUND ( 'NONE', #7816, .T. ) ;
#6558 = EDGE_CURVE ( 'NONE', #5791, #1426, #1075, .T. ) ;
#6559 = CARTESIAN_POINT ( 'NONE',  ( 1.940823017527810057, 3.060162171588010072, 18.50051768866470070 ) ) ;
#6560 = CARTESIAN_POINT ( 'NONE',  ( 2.444770149275813154, 3.073331153821069694, 12.05205176896356178 ) ) ;
#6561 = ORIENTED_EDGE ( 'NONE', *, *, #5091, .T. ) ;
#6562 = VECTOR ( 'NONE', #8523, 1000.000000000000000 ) ;
#6563 = CARTESIAN_POINT ( 'NONE',  ( -1.000000000000000000, 1.500000000000000000, 18.50000000000000000 ) ) ;
#6564 = FILL_AREA_STYLE_COLOUR ( '', #7455 ) ;
#6565 = EDGE_LOOP ( 'NONE', ( #4936, #2522, #6499, #5745 ) ) ;
#6566 = DIRECTION ( 'NONE',  ( 0.000000000000000000, 0.000000000000000000, -1.000000000000000000 ) ) ;
#6567 = EDGE_LOOP ( 'NONE', ( #789, #6381, #3733, #5067 ) ) ;
#6568 = CARTESIAN_POINT ( 'NONE',  ( -1.956349721180278278, 2.736931278386698807, 12.06028504210243213 ) ) ;
#6569 = CARTESIAN_POINT ( 'NONE',  ( -0.1029208345352116000, 0.1619462978953498944, 0.5999999999999999778 ) ) ;
#6570 = B_SPLINE_CURVE_WITH_KNOTS ( 'NONE', 3,
 ( #1119, #1795, #8468, #3098 ),
 .UNSPECIFIED., .F., .F.,
 ( 4, 4 ),
 ( 0.000000000000000000, 1.000000000000000000 ),
 .UNSPECIFIED. ) ;
#6571 = CARTESIAN_POINT ( 'NONE',  ( -0.05552309676571959979, 0.2500000000000000000, 0.5999999999999999778 ) ) ;
#6572 = CARTESIAN_POINT ( 'NONE',  ( -2.442386859369360064, 3.050000000000000266, 6.949999999999999289 ) ) ;
#6573 = EDGE_CURVE ( 'NONE', #4813, #3671, #2310, .T. ) ;
#6574 = FACE_OUTER_BOUND ( 'NONE', #5877, .T. ) ;
#6575 = VERTEX_POINT ( 'NONE', #6563 ) ;
#6576 = CIRCLE ( 'NONE', #3842, 0.09999999999999982514 ) ;
#6577 = CARTESIAN_POINT ( 'NONE',  ( -1.940823017527810057, 3.060162171588010072, 0.000000000000000000 ) ) ;
#6578 = AXIS2_PLACEMENT_3D ( 'NONE', #6365, #785, #6226 ) ;
#6579 = CIRCLE ( 'NONE', #1116, 0.09999999999999996392 ) ;
#6580 = EDGE_CURVE ( 'NONE', #4311, #4083, #5966, .T. ) ;
#6581 = EDGE_CURVE ( 'NONE', #5915, #6542, #3281, .T. ) ;
#6582 = EDGE_CURVE ( 'NONE', #1459, #8512, #4532, .T. ) ;
#6583 = DIRECTION ( 'NONE',  ( 1.000000000000000000, 0.000000000000000000, 0.000000000000000000 ) ) ;
#6584 = ADVANCED_FACE ( 'NONE', ( #2512 ), #3904, .T. ) ;
#6585 = CARTESIAN_POINT ( 'NONE',  ( 1.473864446069222289, 6.150000000000000355, 7.757516920035852692 ) ) ;
#6586 = EDGE_CURVE ( 'NONE', #1568, #5388, #4581, .T. ) ;
#6587 = CARTESIAN_POINT ( 'NONE',  ( 0.6000000000174630088, 3.149999999999999911, 18.10000000003200071 ) ) ;
#6588 = VERTEX_POINT ( 'NONE', #5884 ) ;
#6589 = DIRECTION ( 'NONE',  ( -0.9948231133531089121, -0.1016217158801569903, 0.000000000000000000 ) ) ;
#6590 = CARTESIAN_POINT ( 'NONE',  ( -0.08125000000000000278, -6.817157287525379417, -0.2000000000000000111 ) ) ;
#6591 = AXIS2_PLACEMENT_3D ( 'NONE', #5085, #2393, #5851 ) ;
#6592 = ORIENTED_EDGE ( 'NONE', *, *, #2178, .T. ) ;
#6593 = VECTOR ( 'NONE', #8848, 1000.000000000000000 ) ;
#6594 = DIRECTION ( 'NONE',  ( 0.000000000000000000, 0.000000000000000000, 1.000000000000000000 ) ) ;
#6595 = DIRECTION ( 'NONE',  ( -4.625929269271579591E-16, -1.000000000000000000, -4.625929269271489858E-16 ) ) ;
#6596 =( NAMED_UNIT ( * ) SI_UNIT ( $, .STERADIAN. ) SOLID_ANGLE_UNIT ( ) );
#6597 = CARTESIAN_POINT ( 'NONE',  ( -0.009351313679485140015, -4.575000000000000178, 18.50000000000000000 ) ) ;
#6598 = VECTOR ( 'NONE', #5471, 1000.000000000000000 ) ;
#6599 = AXIS2_PLACEMENT_3D ( 'NONE', #6244, #2340, #5757 ) ;
#6600 = DIRECTION ( 'NONE',  ( 0.000000000000000000, 1.000000000000000000, 0.000000000000000000 ) ) ;
#6601 = CARTESIAN_POINT ( 'NONE',  ( 1.809688545017010153, 6.149950000282250251, 9.954796619748389475 ) ) ;
#6602 = ORIENTED_EDGE ( 'NONE', *, *, #7134, .T. ) ;
#6603 = VERTEX_POINT ( 'NONE', #5931 ) ;
#6604 = LINE ( 'NONE', #1917, #5105 ) ;
#6605 = ORIENTED_EDGE ( 'NONE', *, *, #1840, .F. ) ;
#6606 = VERTEX_POINT ( 'NONE', #8013 ) ;
#6607 = CIRCLE ( 'NONE', #8916, 0.09999999999999936717 ) ;
#6608 = PLANE ( 'NONE',  #7500 ) ;
#6609 = LINE ( 'NONE', #2288, #3791 ) ;
#6610 = CARTESIAN_POINT ( 'NONE',  ( 1.820763639725533567, 6.150000000000000355, 10.37213860327680059 ) ) ;
#6611 = VERTEX_POINT ( 'NONE', #7970 ) ;
#6612 = DIRECTION ( 'NONE',  ( -4.625929269271479997E-16, -1.000000000000000000, 4.625929269271479997E-16 ) ) ;
#6613 = PRODUCT_DEFINITION ( 'UNKNOWN', '', #8511, #2956 ) ;
#6614 = AXIS2_PLACEMENT_3D ( 'NONE', #8905, #696, #8264 ) ;
#6615 = ORIENTED_EDGE ( 'NONE', *, *, #2462, .F. ) ;
#6616 = CARTESIAN_POINT ( 'NONE',  ( -2.229675656823970176, 3.050000000000000266, 6.949999999999999289 ) ) ;
#6617 = ORIENTED_EDGE ( 'NONE', *, *, #3810, .T. ) ;
#6618 = DIRECTION ( 'NONE',  ( 0.000000000000000000, 0.000000000000000000, -1.000000000000000000 ) ) ;
#6619 = CARTESIAN_POINT ( 'NONE',  ( 1.257014306635660050, 6.150000000000000355, 9.284618327752225397 ) ) ;
#6620 = CARTESIAN_POINT ( 'NONE',  ( 1.029289321881345476, 3.120710678118654879, 0.5707106781186548350 ) ) ;
#6621 = DIRECTION ( 'NONE',  ( -4.625929269271449429E-16, 1.000000000000000000, -4.625929269271489858E-16 ) ) ;
#6622 = DIRECTION ( 'NONE',  ( -1.000000000000000000, 0.000000000000000000, 0.000000000000000000 ) ) ;
#6623 = EDGE_LOOP ( 'NONE', ( #3727, #8797, #8471, #5623 ) ) ;
#6624 = EDGE_CURVE ( 'NONE', #2345, #7696, #2946, .T. ) ;
#6625 = CARTESIAN_POINT ( 'NONE',  ( -2.406762870324489878, 2.701259896718680054, 12.05000000000000071 ) ) ;
#6626 = DIRECTION ( 'NONE',  ( -0.9948231133531090231, -0.1016217158801570042, 0.000000000000000000 ) ) ;
#6627 = CARTESIAN_POINT ( 'NONE',  ( 1.152476217557659943, 6.149899999999999700, 8.219788490167038830 ) ) ;
#6628 = DIRECTION ( 'NONE',  ( 0.000000000000000000, 1.000000000000000000, 0.000000000000000000 ) ) ;
#6629 = ORIENTED_EDGE ( 'NONE', *, *, #4716, .F. ) ;
#6630 = DIRECTION ( 'NONE',  ( -0.000000000000000000, 1.000000000000000000, 0.000000000000000000 ) ) ;
#6631 = CARTESIAN_POINT ( 'NONE',  ( 0.9999999999999997780, 3.076876110206469672, 0.6000000000000004219 ) ) ;
#6632 = EDGE_LOOP ( 'NONE', ( #3795, #891, #179, #1226 ) ) ;
#6633 = ADVANCED_FACE ( 'NONE', ( #1878 ), #1163, .T. ) ;
#6634 = PRODUCT_DEFINITION_FORMATION_WITH_SPECIFIED_SOURCE ( 'ANY', '', #2025, .NOT_KNOWN. ) ;
#6635 = CIRCLE ( 'NONE', #7490, 0.2000000000000000389 ) ;
#6636 = CARTESIAN_POINT ( 'NONE',  ( -0.3250000000000000111, -7.576999999999999957, 5.200000000000000178 ) ) ;
#6637 = CARTESIAN_POINT ( 'NONE',  ( 1.814550781718319961, 6.150000000000000355, 7.829188808495758600 ) ) ;
#6638 = CARTESIAN_POINT ( 'NONE',  ( 1.807257426666360134, 6.150000000000000355, 10.48072855627260047 ) ) ;
#6639 = EDGE_CURVE ( 'NONE', #7684, #4232, #7417, .T. ) ;
#6640 = ADVANCED_FACE ( 'NONE', ( #5972 ), #8740, .T. ) ;
#6641 = CARTESIAN_POINT ( 'NONE',  ( 1.407965683684610836, 6.150000000000001243, 7.343945414490815615 ) ) ;
#6642 = EDGE_CURVE ( 'NONE', #8163, #4166, #4628, .T. ) ;
#6643 = PLANE ( 'NONE',  #7728 ) ;
#6644 = CARTESIAN_POINT ( 'NONE',  ( 1.712139616416399557, 6.149999999999999467, 10.16094460174116421 ) ) ;
#6645 = ORIENTED_EDGE ( 'NONE', *, *, #6470, .F. ) ;
#6646 = ORIENTED_EDGE ( 'NONE', *, *, #1853, .F. ) ;
#6647 = AXIS2_PLACEMENT_3D ( 'NONE', #6034, #3925, #2623 ) ;
#6648 = CARTESIAN_POINT ( 'NONE',  ( 1.940823017527810057, 3.060162171588010072, 0.5994823113353109356 ) ) ;
#6649 = AXIS2_PLACEMENT_3D ( 'NONE', #8055, #4623, #3945 ) ;
#6650 = ORIENTED_EDGE ( 'NONE', *, *, #5417, .T. ) ;
#6651 = LINE ( 'NONE', #1785, #7328 ) ;
#6652 = DIRECTION ( 'NONE',  ( 0.7071067811865443531, -0.7071067811865507924, 1.118083490375675856E-15 ) ) ;
#6653 = LINE ( 'NONE', #5965, #5241 ) ;
#6654 = CARTESIAN_POINT ( 'NONE',  ( 1.472303342798873427, 6.150000000000000355, 9.101474078669850698 ) ) ;
#6655 = ORIENTED_EDGE ( 'NONE', *, *, #4521, .F. ) ;
#6656 = CARTESIAN_POINT ( 'NONE',  ( 1.152476217557649951, 6.149899999999999700, 10.83243034433339957 ) ) ;
#6657 = DIRECTION ( 'NONE',  ( 0.000000000000000000, 0.000000000000000000, 1.000000000000000000 ) ) ;
#6658 = APPLICATION_CONTEXT ( 'automotive_design' ) ;
#6659 = ORIENTED_EDGE ( 'NONE', *, *, #6069, .F. ) ;
#6660 = VERTEX_POINT ( 'NONE', #1925 ) ;
#6661 = CARTESIAN_POINT ( 'NONE',  ( 2.463517715972229905, 3.131654496794670006, 12.09118170442677709 ) ) ;
#6662 = CARTESIAN_POINT ( 'NONE',  ( 1.257014306635649836, 6.149899999999999700, 11.19142548744630083 ) ) ;
#6663 = CARTESIAN_POINT ( 'NONE',  ( -2.008833624983249688, 2.741908583070740146, 6.025000000000000355 ) ) ;
#6664 = EDGE_LOOP ( 'NONE', ( #3321, #3994, #5641, #5306 ) ) ;
#6665 = CARTESIAN_POINT ( 'NONE',  ( 2.445897849675559677, 3.084370747208040164, 7.043907676663629935 ) ) ;
#6666 = CARTESIAN_POINT ( 'NONE',  ( -0.4302828521505719928, 5.349999999999999645, 7.000000000000000000 ) ) ;
#6667 = ORIENTED_EDGE ( 'NONE', *, *, #6518, .T. ) ;
#6668 = CARTESIAN_POINT ( 'NONE',  ( -0.3250000000000000111, -7.576999999999999957, 0.000000000000000000 ) ) ;
#6669 = SURFACE_SIDE_STYLE ('',( #1765 ) ) ;
#6670 = B_SPLINE_CURVE_WITH_KNOTS ( 'NONE', 3,
 ( #7281, #6610, #5753, #8692 ),
 .UNSPECIFIED., .F., .F.,
 ( 4, 4 ),
 ( 0.000000000000000000, 1.000000000000000000 ),
 .UNSPECIFIED. ) ;
#6671 = EDGE_CURVE ( 'NONE', #1999, #2143, #4673, .T. ) ;
#6672 = FACE_OUTER_BOUND ( 'NONE', #7525, .T. ) ;
#6673 = CARTESIAN_POINT ( 'NONE',  ( 1.785069973479121552, 6.150000000000001243, 10.26063796912585069 ) ) ;
#6674 = ORIENTED_EDGE ( 'NONE', *, *, #483, .F. ) ;
#6675 = AXIS2_PLACEMENT_3D ( 'NONE', #5936, #7927, #3732 ) ;
#6676 = ORIENTED_EDGE ( 'NONE', *, *, #2308, .T. ) ;
#6677 = CARTESIAN_POINT ( 'NONE',  ( -2.550000000000000266, 3.250000000000000000, 0.000000000000000000 ) ) ;
#6678 = DIRECTION ( 'NONE',  ( -1.000000000000000000, 0.000000000000000000, 0.000000000000000000 ) ) ;
#6679 = DIRECTION ( 'NONE',  ( 0.000000000000000000, 1.000000000000000000, 0.000000000000000000 ) ) ;
#6680 = CARTESIAN_POINT ( 'NONE',  ( 1.902881415125300180, 6.150000000000000355, 9.185752848159083328 ) ) ;
#6681 = CARTESIAN_POINT ( 'NONE',  ( 2.520710678118654791, 6.120710678118654435, 19.00000000000000000 ) ) ;
#6682 = DIRECTION ( 'NONE',  ( 1.000000000000000000, 0.000000000000000000, 0.000000000000000000 ) ) ;
#6683 = DIRECTION ( 'NONE',  ( -0.5773502691896281735, 0.5773502691896238437, -0.5773502691896252870 ) ) ;
#6684 = LINE ( 'NONE', #1824, #1915 ) ;
#6685 = VERTEX_POINT ( 'NONE', #6520 ) ;
#6686 = ORIENTED_EDGE ( 'NONE', *, *, #1194, .T. ) ;
#6687 = ADVANCED_FACE ( 'NONE', ( #353 ), #5167, .F. ) ;
#6688 = CARTESIAN_POINT ( 'NONE',  ( -1.100000000000000089, 3.149999999999999911, 0.5000000000000000000 ) ) ;
#6689 = ORIENTED_EDGE ( 'NONE', *, *, #4641, .F. ) ;
#6690 = ORIENTED_EDGE ( 'NONE', *, *, #6812, .T. ) ;
#6691 = DIRECTION ( 'NONE',  ( 1.000000000000000000, 0.000000000000000000, 0.000000000000000000 ) ) ;
#6692 = DIRECTION ( 'NONE',  ( 0.000000000000000000, -1.000000000000000000, 0.000000000000000000 ) ) ;
#6693 = VECTOR ( 'NONE', #7893, 1000.000000000000000 ) ;
#6694 = DIRECTION ( 'NONE',  ( -1.000000000000000000, 0.000000000000000000, 0.000000000000000000 ) ) ;
#6695 = ADVANCED_FACE ( 'NONE', ( #1253 ), #1548, .T. ) ;
#6696 = EDGE_LOOP ( 'NONE', ( #7956, #4774, #4767, #2794, #8689, #443 ) ) ;
#6697 = DIRECTION ( 'NONE',  ( 0.000000000000000000, 0.000000000000000000, 1.000000000000000000 ) ) ;
#6698 = DIRECTION ( 'NONE',  ( 0.000000000000000000, 0.000000000000000000, -1.000000000000000000 ) ) ;
#6699 = AXIS2_PLACEMENT_3D ( 'NONE', #4552, #6759, #2484 ) ;
#6700 = VECTOR ( 'NONE', #3264, 1000.000000000000000 ) ;
#6701 = ORIENTED_EDGE ( 'NONE', *, *, #4955, .T. ) ;
#6702 = ORIENTED_EDGE ( 'NONE', *, *, #2166, .T. ) ;
#6703 = DIRECTION ( 'NONE',  ( 0.000000000000000000, -1.000000000000000000, 0.000000000000000000 ) ) ;
#6704 = CARTESIAN_POINT ( 'NONE',  ( 1.919899243579870296, 6.150000000000001243, 7.067783134178162285 ) ) ;
#6705 = LINE ( 'NONE', #3404, #876 ) ;
#6706 = EDGE_CURVE ( 'NONE', #5762, #8271, #7709, .T. ) ;
#6707 = VECTOR ( 'NONE', #8614, 1000.000000000000114 ) ;
#6708 = ADVANCED_FACE ( 'NONE', ( #3476 ), #612, .T. ) ;
#6709 = ORIENTED_EDGE ( 'NONE', *, *, #2718, .T. ) ;
#6710 = CARTESIAN_POINT ( 'NONE',  ( 2.447988444637073879, 3.097913794552550115, 7.038083788035518928 ) ) ;
#6711 = DIRECTION ( 'NONE',  ( -1.000000000000000000, 0.000000000000000000, 0.000000000000000000 ) ) ;
#6712 = EDGE_LOOP ( 'NONE', ( #1016, #8609, #7776, #4215, #6511, #614, #2371, #862, #6864, #521, #5940, #3327, #1427 ) ) ;
#6713 = SPHERICAL_SURFACE ( 'NONE', #2425, 0.2000000000000000111 ) ;
#6714 = CARTESIAN_POINT ( 'NONE',  ( -0.4302828521505691062, 5.208578643762690419, 16.04142135623731136 ) ) ;
#6715 = DIRECTION ( 'NONE',  ( 0.000000000000000000, 0.000000000000000000, -1.000000000000000000 ) ) ;
#6716 = VERTEX_POINT ( 'NONE', #8440 ) ;
#6717 = ORIENTED_EDGE ( 'NONE', *, *, #1578, .F. ) ;
#6718 = CARTESIAN_POINT ( 'NONE',  ( 2.449999999999999734, 6.049999999999999822, 0.1000000000000000056 ) ) ;
#6719 = DIRECTION ( 'NONE',  ( 0.000000000000000000, 0.000000000000000000, -1.000000000000000000 ) ) ;
#6720 = EDGE_CURVE ( 'NONE', #914, #3453, #4956, .T. ) ;
#6721 = CARTESIAN_POINT ( 'NONE',  ( 0.9369170571332551267, 6.150000000000000355, 10.68899436164500116 ) ) ;
#6722 = CARTESIAN_POINT ( 'NONE',  ( -2.040305328863119882, 3.050000000000000266, 0.000000000000000000 ) ) ;
#6723 = CIRCLE ( 'NONE', #1835, 0.1000000000000002554 ) ;
#6724 = LINE ( 'NONE', #5996, #6350 ) ;
#6725 = DIRECTION ( 'NONE',  ( 0.000000000000000000, -1.000000000000000000, 0.000000000000000000 ) ) ;
#6726 = DIRECTION ( 'NONE',  ( 0.7071067811865594521, 0.000000000000000000, -0.7071067811865355823 ) ) ;
#6727 = ORIENTED_EDGE ( 'NONE', *, *, #2119, .T. ) ;
#6728 = VECTOR ( 'NONE', #1103, 1000.000000000000000 ) ;
#6729 = VERTEX_POINT ( 'NONE', #3565 ) ;
#6730 = LINE ( 'NONE', #3136, #4240 ) ;
#6731 = EDGE_CURVE ( 'NONE', #5244, #5224, #2128, .T. ) ;
#6732 = CARTESIAN_POINT ( 'NONE',  ( 2.497690080505440058, 3.162104287810009851, 6.949999999999999289 ) ) ;
#6733 = CARTESIAN_POINT ( 'NONE',  ( -0.1093513136794850016, -2.731029988927639707, 0.5999999999999999778 ) ) ;
#6734 = AXIS2_PLACEMENT_3D ( 'NONE', #1484, #6968, #890 ) ;
#6735 = AXIS2_PLACEMENT_3D ( 'NONE', #3367, #5400, #8156 ) ;
#6736 = FACE_OUTER_BOUND ( 'NONE', #5474, .T. ) ;
#6737 = EDGE_CURVE ( 'NONE', #7111, #5401, #7033, .T. ) ;
#6738 = CARTESIAN_POINT ( 'NONE',  ( -0.3250000000000000111, -7.576999999999999957, -5.200000000000000178 ) ) ;
#6739 = ORIENTED_EDGE ( 'NONE', *, *, #5971, .F. ) ;
#6740 = DIRECTION ( 'NONE',  ( 0.8347092563978354418, 0.5506908908668933789, 0.000000000000000000 ) ) ;
#6741 = DIRECTION ( 'NONE',  ( 0.000000000000000000, 0.7071067811865470176, 0.7071067811865480168 ) ) ;
#6742 = CIRCLE ( 'NONE', #2859, 0.1000000000000000333 ) ;
#6743 = EDGE_LOOP ( 'NONE', ( #5446, #8016, #3701, #1145 ) ) ;
#6744 = ORIENTED_EDGE ( 'NONE', *, *, #8436, .F. ) ;
#6746 = EDGE_CURVE ( 'NONE', #5537, #3047, #7775, .T. ) ;
#6745 = DIRECTION ( 'NONE',  ( -0.000000000000000000, 1.000000000000000000, 0.000000000000000000 ) ) ;
#6747 = EDGE_CURVE ( 'NONE', #2299, #8582, #2644, .T. ) ;
#6748 = DIRECTION ( 'NONE',  ( 1.000000000000000000, 0.000000000000000000, 0.000000000000000000 ) ) ;
#6749 = EDGE_CURVE ( 'NONE', #3886, #2805, #4194, .T. ) ;
#6750 = EDGE_CURVE ( 'NONE', #7686, #105, #7145, .T. ) ;
#6751 = LINE ( 'NONE', #7509, #3191 ) ;
#6752 = AXIS2_PLACEMENT_3D ( 'NONE', #5688, #7715, #8445 ) ;
#6753 = ORIENTED_EDGE ( 'NONE', *, *, #7131, .T. ) ;
#6754 = DIRECTION ( 'NONE',  ( 1.000000000000000000, 0.000000000000000000, 0.000000000000000000 ) ) ;
#6755 = CARTESIAN_POINT ( 'NONE',  ( -2.229675656823970176, 3.050000000000000266, 6.949999999999999289 ) ) ;
#6756 = ORIENTED_EDGE ( 'NONE', *, *, #3161, .F. ) ;
#6757 = PLANE ( 'NONE',  #4003 ) ;
#6758 = AXIS2_PLACEMENT_3D ( 'NONE', #8040, #4377, #468 ) ;
#6759 = DIRECTION ( 'NONE',  ( 0.1016217158801571985, -0.9948231133531090231, -2.927345865710880214E-16 ) ) ;
#6760 = DIRECTION ( 'NONE',  ( 0.000000000000000000, -1.000000000000000000, 0.000000000000000000 ) ) ;
#6761 = ORIENTED_EDGE ( 'NONE', *, *, #6052, .T. ) ;
#6762 = VERTEX_POINT ( 'NONE', #4031 ) ;
#6763 = CARTESIAN_POINT ( 'NONE',  ( -0.08125000000000000278, -6.958578643762689531, -0.05857864376269039663 ) ) ;
#6764 = CARTESIAN_POINT ( 'NONE',  ( 1.275000000000000133, 6.049999999999999822, 0.000000000000000000 ) ) ;
#6765 = FACE_OUTER_BOUND ( 'NONE', #5852, .T. ) ;
#6766 = PRESENTATION_LAYER_ASSIGNMENT (  '', '', ( #1017 ) ) ;
#6767 = DIRECTION ( 'NONE',  ( 1.000000000000000000, 0.000000000000000000, 0.000000000000000000 ) ) ;
#6768 = DIRECTION ( 'NONE',  ( 0.9948231133531090231, 0.1016217158801570042, 0.000000000000000000 ) ) ;
#6769 = ORIENTED_EDGE ( 'NONE', *, *, #8464, .F. ) ;
#6770 = ORIENTED_EDGE ( 'NONE', *, *, #719, .T. ) ;
#6771 = CARTESIAN_POINT ( 'NONE',  ( -1.275000000000000133, 3.179289321881345831, 19.07071067811865461 ) ) ;
#6772 = CARTESIAN_POINT ( 'NONE',  ( -0.6000000000320139248, -6.150000000000000355, 18.10000000003200071 ) ) ;
#6773 = DIRECTION ( 'NONE',  ( 1.000000000000000000, 0.000000000000000000, 0.000000000000000000 ) ) ;
#6774 = CARTESIAN_POINT ( 'NONE',  ( -2.449609993155674292, 3.120710678118654879, 7.020710678118654791 ) ) ;
#6775 = DIRECTION ( 'NONE',  ( 0.000000000000000000, 0.000000000000000000, -1.000000000000000000 ) ) ;
#6776 = CIRCLE ( 'NONE', #8809, 0.09999999999999982514 ) ;
#6777 = FACE_BOUND ( 'NONE', #5668, .T. ) ;
#6778 = ADVANCED_FACE ( 'NONE', ( #4959 ), #6987, .F. ) ;
#6779 = AXIS2_PLACEMENT_3D ( 'NONE', #3609, #6936, #815 ) ;
#6780 = ORIENTED_EDGE ( 'NONE', *, *, #10, .F. ) ;
#6781 = CYLINDRICAL_SURFACE ( 'NONE', #6543, 0.1000000000000000611 ) ;
#6782 = CARTESIAN_POINT ( 'NONE',  ( 0.5717042083878788317, 5.208578643762689531, 12.30000000000000071 ) ) ;
#6783 = ORIENTED_EDGE ( 'NONE', *, *, #196, .F. ) ;
#6784 = B_SPLINE_CURVE_WITH_KNOTS ( 'NONE', 3,
 ( #3391, #1420, #5339, #4155 ),
 .UNSPECIFIED., .F., .F.,
 ( 4, 4 ),
 ( 0.000000000000000000, 1.000000000000000000 ),
 .UNSPECIFIED. ) ;
#6785 = EDGE_LOOP ( 'NONE', ( #7770, #6909, #6118, #7874 ) ) ;
#6786 = CARTESIAN_POINT ( 'NONE',  ( 1.813221139764204182, 6.150000000000002132, 7.382545206497655776 ) ) ;
#6787 = EDGE_CURVE ( 'NONE', #3000, #3243, #8398, .T. ) ;
#6788 = CARTESIAN_POINT ( 'NONE',  ( 1.131406525185360001, 6.149899998944220236, 7.128216350724679629 ) ) ;
#6789 = DIRECTION ( 'NONE',  ( 0.000000000000000000, -1.000000000000000000, 0.000000000000000000 ) ) ;
#6790 = ORIENTED_EDGE ( 'NONE', *, *, #5646, .F. ) ;
#6791 = DIRECTION ( 'NONE',  ( 0.000000000000000000, 0.000000000000000000, 1.000000000000000000 ) ) ;
#6792 = ORIENTED_EDGE ( 'NONE', *, *, #6671, .T. ) ;
#6793 = DIRECTION ( 'NONE',  ( 0.000000000000000000, 0.000000000000000000, -1.000000000000000000 ) ) ;
#6794 = ORIENTED_EDGE ( 'NONE', *, *, #323, .T. ) ;
#6795 = CIRCLE ( 'NONE', #2921, 0.09973273910881474968 ) ;
#6796 = CARTESIAN_POINT ( 'NONE',  ( -1.973283754570961834, 3.124216632767869317, 0.000000000000000000 ) ) ;
#6797 = CARTESIAN_POINT ( 'NONE',  ( 1.309789282777355401, 6.150000000000001243, 6.852021569441238746 ) ) ;
#6798 = ORIENTED_EDGE ( 'NONE', *, *, #6999, .F. ) ;
#6799 = VERTEX_POINT ( 'NONE', #60 ) ;
#6800 = FACE_OUTER_BOUND ( 'NONE', #3220, .T. ) ;
#6801 = CARTESIAN_POINT ( 'NONE',  ( -1.275000000000000133, 3.050000000000000266, 0.5000000000000000000 ) ) ;
#6802 = CARTESIAN_POINT ( 'NONE',  ( -0.4302828521505719928, 5.150000000000000355, 6.000000000000000000 ) ) ;
#6803 = ADVANCED_FACE ( 'NONE', ( #7462 ), #6781, .F. ) ;
#6804 = CYLINDRICAL_SURFACE ( 'NONE', #5142, 0.1000000000000000333 ) ;
#6805 = CARTESIAN_POINT ( 'NONE',  ( 5.551115123125779744E-16, 0.6879400221447089514, 18.50000000000000000 ) ) ;
#6806 = ORIENTED_EDGE ( 'NONE', *, *, #1029, .F. ) ;
#6807 = CARTESIAN_POINT ( 'NONE',  ( -2.449999999999999734, 3.250000000000000000, 19.00000000000000000 ) ) ;
#6808 = CARTESIAN_POINT ( 'NONE',  ( 1.363983514064309954, 6.150000000000000355, 8.079593998612820016 ) ) ;
#6809 = CARTESIAN_POINT ( 'NONE',  ( -0.05552309676571959979, 0.2500000000000000000, 0.5999999999999999778 ) ) ;
#6810 = VECTOR ( 'NONE', #2225, 1000.000000000000000 ) ;
#6811 = CYLINDRICAL_SURFACE ( 'NONE', #6924, 0.2000000000000000666 ) ;
#6812 = EDGE_CURVE ( 'NONE', #914, #1459, #816, .T. ) ;
#6813 = CARTESIAN_POINT ( 'NONE',  ( 1.010285042102434749, 3.101706398339744375, 18.51028504210243852 ) ) ;
#6814 = DIRECTION ( 'NONE',  ( 1.000000000000000000, 0.000000000000000000, 0.000000000000000000 ) ) ;
#6815 = EDGE_CURVE ( 'NONE', #2742, #1389, #5638, .T. ) ;
#6816 =( BOUNDED_CURVE ( )  B_SPLINE_CURVE ( 3, ( #7171, #2485, #5858, #5944 ),
 .UNSPECIFIED., .F., .F. ) 
 B_SPLINE_CURVE_WITH_KNOTS ( ( 4, 4 ),
 ( 0.7853981633974439491, 0.8362968839904674212 ),
 .UNSPECIFIED. ) 
 CURVE ( )  GEOMETRIC_REPRESENTATION_ITEM ( )  RATIONAL_B_SPLINE_CURVE ( ( 1.000000000000000000, 0.9997841216720353419, 0.9997841216720353419, 1.000000000000000000 ) ) 
 REPRESENTATION_ITEM ( '' )  );
#6817 = ORIENTED_EDGE ( 'NONE', *, *, #1277, .T. ) ;
#6818 = DIRECTION ( 'NONE',  ( 0.000000000000000000, 0.000000000000000000, 1.000000000000000000 ) ) ;
#6819 = ORIENTED_EDGE ( 'NONE', *, *, #7339, .F. ) ;
#6820 = VERTEX_POINT ( 'NONE', #2898 ) ;
#6821 = EDGE_CURVE ( 'NONE', #5675, #1307, #4414, .T. ) ;
#6822 = AXIS2_PLACEMENT_3D ( 'NONE', #866, #1969, #102 ) ;
#6823 = CARTESIAN_POINT ( 'NONE',  ( 1.064372063880546948, 6.150000000000001243, 9.105525942587588517 ) ) ;
#6824 = CARTESIAN_POINT ( 'NONE',  ( -1.000000000000000444, 3.076876110206470560, 18.80000000000000071 ) ) ;
#6825 = CYLINDRICAL_SURFACE ( 'NONE', #5337, 0.09999999999999996392 ) ;
#6826 = EDGE_LOOP ( 'NONE', ( #3713, #7785, #6887, #270 ) ) ;
#6827 = VECTOR ( 'NONE', #5500, 1000.000000000000000 ) ;
#6828 = DIRECTION ( 'NONE',  ( 0.000000000000000000, 0.000000000000000000, 1.000000000000000000 ) ) ;
#6829 = B_SPLINE_CURVE_WITH_KNOTS ( 'NONE', 3,
 ( #3429, #774, #7531, #8348 ),
 .UNSPECIFIED., .F., .F.,
 ( 4, 4 ),
 ( 0.000000000000000000, 1.000000000000000000 ),
 .UNSPECIFIED. ) ;
#6830 = DIRECTION ( 'NONE',  ( -0.07549805503750177393, 0.7390862229986198129, -0.6693665652385011322 ) ) ;
#6831 = ORIENTED_EDGE ( 'NONE', *, *, #5, .T. ) ;
#6832 = CARTESIAN_POINT ( 'NONE',  ( 1.257014306635649836, 6.149950000000000472, 10.37213860327680059 ) ) ;
#6833 = ORIENTED_EDGE ( 'NONE', *, *, #3116, .F. ) ;
#6834 = SHAPE_REPRESENTATION_RELATIONSHIP ( 'NONE' , 'NONE' ,  #1544, #4760 ) ;
#6835 = AXIS2_PLACEMENT_3D ( 'NONE', #2976, #272, #8563 ) ;
#6836 = EDGE_CURVE ( 'NONE', #6799, #2155, #7994, .T. ) ;
#6837 = CARTESIAN_POINT ( 'NONE',  ( 1.902881415125299958, 6.150000000000000355, 11.60876747097469952 ) ) ;
#6838 = DIRECTION ( 'NONE',  ( 0.000000000000000000, -1.000000000000000000, 0.000000000000000000 ) ) ;
#6839 = ORIENTED_EDGE ( 'NONE', *, *, #250, .F. ) ;
#6840 = ORIENTED_EDGE ( 'NONE', *, *, #195, .T. ) ;
#6841 = CARTESIAN_POINT ( 'NONE',  ( -0.3250000000000000111, -6.817157287525379417, 0.2000000000000000111 ) ) ;
#6842 = ORIENTED_EDGE ( 'NONE', *, *, #1963, .T. ) ;
#6843 = PLANE ( 'NONE',  #2316 ) ;
#6844 = FACE_OUTER_BOUND ( 'NONE', #4986, .T. ) ;
#6845 = EDGE_CURVE ( 'NONE', #5883, #6886, #8624, .T. ) ;
#6846 = ADVANCED_FACE ( 'NONE', ( #1004 ), #3744, .F. ) ;
#6847 = EDGE_CURVE ( 'NONE', #4866, #5990, #7802, .T. ) ;
#6848 = EDGE_CURVE ( 'NONE', #5758, #6917, #1637, .T. ) ;
#6849 = ADVANCED_FACE ( 'NONE', ( #6498 ), #328, .T. ) ;
#6850 = CARTESIAN_POINT ( 'NONE',  ( -0.3250000000000000111, 3.250000000000000000, -4.700000000000000178 ) ) ;
#6851 = CARTESIAN_POINT ( 'NONE',  ( 2.449999999999999734, 6.120710678118652659, 19.07071067811865461 ) ) ;
#6852 = ORIENTED_EDGE ( 'NONE', *, *, #134, .T. ) ;
#6853 = CARTESIAN_POINT ( 'NONE',  ( 1.235134241479800110, 6.150000000000000355, 7.135509705776639677 ) ) ;
#6854 = ORIENTED_EDGE ( 'NONE', *, *, #4356, .T. ) ;
#6855 = VECTOR ( 'NONE', #7760, 1000.000000000000000 ) ;
#6856 = CARTESIAN_POINT ( 'NONE',  ( 0.4302828521505719928, 5.349999999999999645, 6.799999999999999822 ) ) ;
#6857 = CARTESIAN_POINT ( 'NONE',  ( -1.000000000000000000, -6.150000000000000355, 0.5999999999999999778 ) ) ;
#6858 = DIRECTION ( 'NONE',  ( 1.000000000000000000, 0.000000000000000000, 0.000000000000000000 ) ) ;
#6859 = DIRECTION ( 'NONE',  ( -1.682156097916909997E-16, 1.000000000000000000, 0.000000000000000000 ) ) ;
#6860 = DIRECTION ( 'NONE',  ( 1.000000000000000000, 0.000000000000000000, 0.000000000000000000 ) ) ;
#6861 = VECTOR ( 'NONE', #515, 1000.000000000000000 ) ;
#6862 = CARTESIAN_POINT ( 'NONE',  ( -0.4302828521505689952, 5.349999999999999645, 15.90000000000000036 ) ) ;
#6863 = ORIENTED_EDGE ( 'NONE', *, *, #6582, .F. ) ;
#6864 = ORIENTED_EDGE ( 'NONE', *, *, #7249, .T. ) ;
#6865 = CARTESIAN_POINT ( 'NONE',  ( -0.3250000000000000111, -6.817157287525379417, -0.2000000000000000111 ) ) ;
#6866 = VERTEX_POINT ( 'NONE', #5138 ) ;
#6867 = ORIENTED_EDGE ( 'NONE', *, *, #8637, .F. ) ;
#6868 = TOROIDAL_SURFACE ( 'NONE', #263, 0.2000000000000000111, 0.1000000000000000056 ) ;
#6869 = VECTOR ( 'NONE', #8118, 1000.000000000000000 ) ;
#6870 = CARTESIAN_POINT ( 'NONE',  ( 1.237456605220391914, 6.150000000000002132, 7.376752398458467752 ) ) ;
#6871 = DIRECTION ( 'NONE',  ( 0.6315887651184259877, 0.7753035739477678323, 0.000000000000000000 ) ) ;
#6872 = CIRCLE ( 'NONE', #5731, 0.1999999999999999833 ) ;
#6873 = ORIENTED_EDGE ( 'NONE', *, *, #8906, .F. ) ;
#6874 = AXIS2_PLACEMENT_3D ( 'NONE', #5574, #4226, #4310 ) ;
#6875 = FACE_OUTER_BOUND ( 'NONE', #4098, .T. ) ;
#6876 = CARTESIAN_POINT ( 'NONE',  ( 1.809688545017020145, 6.149999999999997691, 7.072899220667734355 ) ) ;
#6877 = VERTEX_POINT ( 'NONE', #7849 ) ;
#6878 = PLANE ( 'NONE',  #6735 ) ;
#6879 = VERTEX_POINT ( 'NONE', #7080 ) ;
#6880 = DIRECTION ( 'NONE',  ( 1.000000000000000000, 0.000000000000000000, 0.000000000000000000 ) ) ;
#6881 = VERTEX_POINT ( 'NONE', #282 ) ;
#6882 = CARTESIAN_POINT ( 'NONE',  ( 1.807257426666360134, 6.150000000000000355, 10.48072855627260047 ) ) ;
#6883 = EDGE_CURVE ( 'NONE', #569, #5833, #7261, .T. ) ;
#6884 = CARTESIAN_POINT ( 'NONE',  ( 1.902881415125304176, 6.150000000000000355, 8.304067259656278566 ) ) ;
#6885 = DIRECTION ( 'NONE',  ( -0.7071067811865466846, 0.000000000000000000, -0.7071067811865483499 ) ) ;
#6886 = VERTEX_POINT ( 'NONE', #2486 ) ;
#6887 = ORIENTED_EDGE ( 'NONE', *, *, #525, .F. ) ;
#6888 = DIRECTION ( 'NONE',  ( 0.000000000000000000, 0.000000000000000000, 1.000000000000000000 ) ) ;
#6889 = VECTOR ( 'NONE', #5194, 1000.000000000000000 ) ;
#6890 = VERTEX_POINT ( 'NONE', #3028 ) ;
#6891 = CARTESIAN_POINT ( 'NONE',  ( 0.4302828521505729920, 6.150000000000000355, 3.200000000000000178 ) ) ;
#6892 = EDGE_CURVE ( 'NONE', #8260, #5095, #236, .T. ) ;
#6893 = EDGE_CURVE ( 'NONE', #6957, #2336, #4330, .T. ) ;
#6894 = CARTESIAN_POINT ( 'NONE',  ( 0.3250000000000000111, -6.817157287525379417, 0.2000000000000000111 ) ) ;
#6895 = DIRECTION ( 'NONE',  ( 1.000000000000000000, 0.000000000000000000, 0.000000000000000000 ) ) ;
#6896 = VERTEX_POINT ( 'NONE', #5775 ) ;
#6897 = CARTESIAN_POINT ( 'NONE',  ( 0.3250000000000000111, -2.233589289206860062, -4.700000000000000178 ) ) ;
#6898 = EDGE_LOOP ( 'NONE', ( #2729, #2415, #4460, #2359 ) ) ;
#6899 = EDGE_CURVE ( 'NONE', #7685, #3252, #43, .T. ) ;
#6900 = EDGE_CURVE ( 'NONE', #1829, #5312, #1726, .T. ) ;
#6901 = PLANE ( 'NONE',  #5714 ) ;
#6902 = LINE ( 'NONE', #6403, #3164 ) ;
#6903 = EDGE_CURVE ( 'NONE', #6369, #2969, #4466, .T. ) ;
#6904 = CARTESIAN_POINT ( 'NONE',  ( -2.449873833286303260, 3.123293534134287786, 7.018055046814832387 ) ) ;
#6905 = CARTESIAN_POINT ( 'NONE',  ( -1.275000000000000133, 3.120710678118653991, 18.52928932188134326 ) ) ;
#6906 = CARTESIAN_POINT ( 'NONE',  ( 1.807257426666350142, 6.149899999999999700, 10.94102029732920123 ) ) ;
#6907 = CIRCLE ( 'NONE', #7629, 0.2000000000000000389 ) ;
#6908 = VERTEX_POINT ( 'NONE', #2982 ) ;
#6909 = ORIENTED_EDGE ( 'NONE', *, *, #8842, .T. ) ;
#6910 = CARTESIAN_POINT ( 'NONE',  ( 0.4302828521505699944, 5.150000000000000355, 12.30000000000000071 ) ) ;
#6911 = ORIENTED_EDGE ( 'NONE', *, *, #3917, .T. ) ;
#6912 = VERTEX_POINT ( 'NONE', #3168 ) ;
#6913 = DIRECTION ( 'NONE',  ( 0.9948231133531089121, -0.1016217158801569903, 0.000000000000000000 ) ) ;
#6914 = AXIS2_PLACEMENT_3D ( 'NONE', #5795, #7870, #1657 ) ;
#6915 = CARTESIAN_POINT ( 'NONE',  ( -0.4302828521505719928, 6.150000000000000355, 6.799999999999999822 ) ) ;
#6916 = LINE ( 'NONE', #6238, #7641 ) ;
#6917 = VERTEX_POINT ( 'NONE', #6587 ) ;
#6918 = CARTESIAN_POINT ( 'NONE',  ( 1.973283754570961834, 3.124216632767869317, 0.5670215742921581592 ) ) ;
#6919 = CYLINDRICAL_SURFACE ( 'NONE', #5579, 0.1000000000000001443 ) ;
#6920 = ORIENTED_EDGE ( 'NONE', *, *, #6473, .F. ) ;
#6921 = CIRCLE ( 'NONE', #3050, 0.2000000000000000389 ) ;
#6922 = CARTESIAN_POINT ( 'NONE',  ( 1.917468125229210063, 6.150000000000000355, 10.51233309483099987 ) ) ;
#6923 = ORIENTED_EDGE ( 'NONE', *, *, #4792, .T. ) ;
#6924 = AXIS2_PLACEMENT_3D ( 'NONE', #4668, #6050, #1246 ) ;
#6925 = CYLINDRICAL_SURFACE ( 'NONE', #1891, 0.2000000000000000666 ) ;
#6926 = CARTESIAN_POINT ( 'NONE',  ( 1.471763094276499872, 6.149899999999999700, 9.683321737259008799 ) ) ;
#6927 = CARTESIAN_POINT ( 'NONE',  ( -2.449999999999999734, 3.250000000000000000, 6.949999999999999289 ) ) ;
#6928 = ORIENTED_EDGE ( 'NONE', *, *, #3177, .F. ) ;
#6929 = EDGE_LOOP ( 'NONE', ( #3001, #7002, #6655, #2866 ) ) ;
#6930 = DIRECTION ( 'NONE',  ( 1.000000000000000000, 0.000000000000000000, 0.000000000000000000 ) ) ;
#6931 = ORIENTED_EDGE ( 'NONE', *, *, #3831, .F. ) ;
#6932 = DIRECTION ( 'NONE',  ( 0.000000000000000000, -1.000000000000000000, 0.000000000000000000 ) ) ;
#6933 = AXIS2_PLACEMENT_3D ( 'NONE', #978, #8506, #5929 ) ;
#6934 = ADVANCED_FACE ( 'NONE', ( #3790 ), #6538, .T. ) ;
#6935 = DIRECTION ( 'NONE',  ( 0.000000000000000000, 1.000000000000000000, 0.000000000000000000 ) ) ;
#6936 = DIRECTION ( 'NONE',  ( -1.734723475976804876E-16, 1.734723475976804876E-16, -1.000000000000000000 ) ) ;
#6937 = CARTESIAN_POINT ( 'NONE',  ( 2.449999999999999734, 1.004596597366330002, 0.1000000000000000056 ) ) ;
#6938 = ORIENTED_EDGE ( 'NONE', *, *, #8711, .T. ) ;
#6939 = B_SPLINE_CURVE_WITH_KNOTS ( 'NONE', 3,
 ( #7394, #6074, #5229, #8760 ),
 .UNSPECIFIED., .F., .F.,
 ( 4, 4 ),
 ( 0.000000000000000000, 1.000000000000000000 ),
 .UNSPECIFIED. ) ;
#6940 = CARTESIAN_POINT ( 'NONE',  ( 1.917468125229199849, 6.149899987271909119, 10.97262483588770010 ) ) ;
#6941 = EDGE_LOOP ( 'NONE', ( #207, #5975, #6264, #7451, #8049 ) ) ;
#6942 = B_SPLINE_CURVE_WITH_KNOTS ( 'NONE', 3,
 ( #2134, #8492, #6223, #6944 ),
 .UNSPECIFIED., .F., .F.,
 ( 4, 4 ),
 ( 0.000000000000000000, 1.000000000000000000 ),
 .UNSPECIFIED. ) ;
#6943 = DIRECTION ( 'NONE',  ( 0.000000000000000000, 0.000000000000000000, -1.000000000000000000 ) ) ;
#6944 = CARTESIAN_POINT ( 'NONE',  ( 1.027678808890889917, 6.150000000000000355, 11.51962646478420105 ) ) ;
#6945 = CYLINDRICAL_SURFACE ( 'NONE', #34, 0.1000000000000001443 ) ;
#6946 = DIRECTION ( 'NONE',  ( -1.000000000000000000, 0.000000000000000000, 2.081668171172169746E-16 ) ) ;
#6947 = AXIS2_PLACEMENT_3D ( 'NONE', #3540, #1434, #4168 ) ;
#6948 = DIRECTION ( 'NONE',  ( 0.5773502691896207351, -0.5773502691896217343, 0.5773502691896348349 ) ) ;
#6949 = EDGE_CURVE ( 'NONE', #7480, #2085, #5900, .T. ) ;
#6950 = DIRECTION ( 'NONE',  ( 0.7071067811865426878, 0.000000000000000000, 0.7071067811865523467 ) ) ;
#6951 = EDGE_LOOP ( 'NONE', ( #6709, #4256, #8364, #4032 ) ) ;
#6952 = ORIENTED_EDGE ( 'NONE', *, *, #3005, .T. ) ;
#6953 = AXIS2_PLACEMENT_3D ( 'NONE', #2297, #4826, #989 ) ;
#6954 = CARTESIAN_POINT ( 'NONE',  ( 1.257014306635649836, 6.149899999999999700, 11.27651462971900109 ) ) ;
#6955 = VECTOR ( 'NONE', #1922, 1000.000000000000000 ) ;
#6956 = ORIENTED_EDGE ( 'NONE', *, *, #2563, .F. ) ;
#6957 = VERTEX_POINT ( 'NONE', #3882 ) ;
#6958 = ORIENTED_EDGE ( 'NONE', *, *, #3116, .T. ) ;
#6959 = CARTESIAN_POINT ( 'NONE',  ( 0.6302828521505720039, 6.150000000000000355, 7.000000000000000000 ) ) ;
#6960 = DIRECTION ( 'NONE',  ( 0.000000000000000000, -1.000000000000000000, 0.000000000000000000 ) ) ;
#6961 = EDGE_CURVE ( 'NONE', #8273, #973, #3690, .T. ) ;
#6962 = EDGE_CURVE ( 'NONE', #4585, #7277, #8716, .T. ) ;
#6963 = LINE ( 'NONE', #4849, #8087 ) ;
#6964 = EDGE_CURVE ( 'NONE', #758, #4386, #4816, .T. ) ;
#6965 = EDGE_CURVE ( 'NONE', #3070, #4742, #6604, .T. ) ;
#6966 = ORIENTED_EDGE ( 'NONE', *, *, #4205, .F. ) ;
#6967 = CARTESIAN_POINT ( 'NONE',  ( -0.6000000000320139248, -6.150000000000000355, 1.000000000000000000 ) ) ;
#6968 = DIRECTION ( 'NONE',  ( 9.825582188149885511E-15, -0.6721300772424587677, -0.7404330889864703114 ) ) ;
#6969 = ORIENTED_EDGE ( 'NONE', *, *, #858, .T. ) ;
#6970 = CARTESIAN_POINT ( 'NONE',  ( 1.152476217557649951, 6.149899999999999700, 10.83243034433339957 ) ) ;
#6971 = ORIENTED_EDGE ( 'NONE', *, *, #7679, .F. ) ;
#6972 = EDGE_CURVE ( 'NONE', #5990, #8593, #8135, .T. ) ;
#6973 = CARTESIAN_POINT ( 'NONE',  ( 1.943184900355286349, 3.083283761372799692, 7.047120428507833267 ) ) ;
#6974 = CIRCLE ( 'NONE', #7120, 0.1999999999999996503 ) ;
#6975 = CARTESIAN_POINT ( 'NONE',  ( -0.6302828521505730031, 6.150000000000000355, 3.500000000000000000 ) ) ;
#6976 = LINE ( 'NONE', #5674, #2129 ) ;
#6977 = ORIENTED_EDGE ( 'NONE', *, *, #3438, .T. ) ;
#6978 = VERTEX_POINT ( 'NONE', #3940 ) ;
#6979 = DIRECTION ( 'NONE',  ( 0.000000000000000000, -1.000000000000000000, 0.000000000000000000 ) ) ;
#6980 = ORIENTED_EDGE ( 'NONE', *, *, #2693, .F. ) ;
#6981 = AXIS2_PLACEMENT_3D ( 'NONE', #6249, #6208, #807 ) ;
#6982 = B_SPLINE_CURVE_WITH_KNOTS ( 'NONE', 3,
 ( #5300, #655, #8824, #5384 ),
 .UNSPECIFIED., .F., .F.,
 ( 4, 4 ),
 ( 0.000000000000000000, 1.000000000000000000 ),
 .UNSPECIFIED. ) ;
#6983 = CARTESIAN_POINT ( 'NONE',  ( 1.793736649614578793, 6.150000000000001243, 9.847296068353703191 ) ) ;
#6984 = VECTOR ( 'NONE', #4682, 1000.000000000000000 ) ;
#6985 = CYLINDRICAL_SURFACE ( 'NONE', #1812, 0.1000000000000000749 ) ;
#6986 = CARTESIAN_POINT ( 'NONE',  ( -1.949999999999999956, 3.149999999999999911, 0.000000000000000000 ) ) ;
#6987 = CYLINDRICAL_SURFACE ( 'NONE', #6822, 0.09999999999999921452 ) ;
#6988 = EDGE_CURVE ( 'NONE', #3399, #5485, #6730, .T. ) ;
#6989 = ORIENTED_EDGE ( 'NONE', *, *, #2002, .F. ) ;
#6990 = DIRECTION ( 'NONE',  ( 0.000000000000000000, 0.000000000000000000, -1.000000000000000000 ) ) ;
#6991 = ORIENTED_EDGE ( 'NONE', *, *, #8831, .F. ) ;
#6992 = CARTESIAN_POINT ( 'NONE',  ( -0.08006199179814109390, 0.1499999999999999944, 18.42928932188134539 ) ) ;
#6993 = CARTESIAN_POINT ( 'NONE',  ( -0.2999999999999999889, 3.050000000000000266, 12.14999999999999858 ) ) ;
#6994 = CARTESIAN_POINT ( 'NONE',  ( 2.449999999999999734, 3.250000000000000000, 12.14999999999999858 ) ) ;
#6995 = CARTESIAN_POINT ( 'NONE',  ( -0.6302828521505720039, 6.150000000000000355, 7.000000000000000000 ) ) ;
#6996 = DIRECTION ( 'NONE',  ( 0.000000000000000000, 0.000000000000000000, 1.000000000000000000 ) ) ;
#6997 = CARTESIAN_POINT ( 'NONE',  ( 1.494723656477106699, 6.150000000000000355, 6.827568048027489844 ) ) ;
#6998 = ORIENTED_EDGE ( 'NONE', *, *, #195, .F. ) ;
#6999 = EDGE_CURVE ( 'NONE', #1942, #5216, #5292, .T. ) ;
#7000 = EDGE_LOOP ( 'NONE', ( #2547, #3531, #3368, #6792 ) ) ;
#7001 = ORIENTED_EDGE ( 'NONE', *, *, #4085, .T. ) ;
#7002 = ORIENTED_EDGE ( 'NONE', *, *, #469, .T. ) ;
#7003 = VERTEX_POINT ( 'NONE', #5376 ) ;
#7004 = CARTESIAN_POINT ( 'NONE',  ( -1.949999999999999956, 3.149999999999999911, 12.14999999999999858 ) ) ;
#7005 = EDGE_CURVE ( 'NONE', #7731, #5418, #1601, .T. ) ;
#7006 = EDGE_CURVE ( 'NONE', #1477, #2011, #3230, .T. ) ;
#7007 = AXIS2_PLACEMENT_3D ( 'NONE', #427, #3845, #4340 ) ;
#7008 = AXIS2_PLACEMENT_3D ( 'NONE', #1554, #1732, #193 ) ;
#7009 = LINE ( 'NONE', #2242, #5816 ) ;
#7010 = CARTESIAN_POINT ( 'NONE',  ( 1.152476217557659943, 6.149899999999999700, 8.346206644400888663 ) ) ;
#7011 = EDGE_LOOP ( 'NONE', ( #7928, #3919, #500, #2268 ) ) ;
#7012 = DIRECTION ( 'NONE',  ( 0.000000000000000000, 0.000000000000000000, -1.000000000000000000 ) ) ;
#7013 = DIRECTION ( 'NONE',  ( 0.5773502691896281735, 0.5773502691896238437, -0.5773502691896252870 ) ) ;
#7014 = AXIS2_PLACEMENT_3D ( 'NONE', #305, #5755, #1076 ) ;
#7015 = AXIS2_PLACEMENT_3D ( 'NONE', #5992, #4654, #421 ) ;
#7016 = EDGE_CURVE ( 'NONE', #4258, #6660, #8860, .T. ) ;
#7017 = ORIENTED_EDGE ( 'NONE', *, *, #5752, .T. ) ;
#7018 = DIRECTION ( 'NONE',  ( 1.682156097916909997E-16, -1.000000000000000000, 0.000000000000000000 ) ) ;
#7019 = ORIENTED_EDGE ( 'NONE', *, *, #2894, .F. ) ;
#7021 = EDGE_CURVE ( 'NONE', #3070, #5833, #1945, .T. ) ;
#7020 = DIRECTION ( 'NONE',  ( 0.000000000000000000, 0.000000000000000000, -1.000000000000000000 ) ) ;
#7022 = APPLICATION_PROTOCOL_DEFINITION ( 'draft international standard', 'automotive_design', 1998, #1424 ) ;
#7023 = EDGE_CURVE ( 'NONE', #3065, #2153, #2521, .T. ) ;
#7024 = EDGE_CURVE ( 'NONE', #8283, #683, #5920, .T. ) ;
#7025 = ADVANCED_FACE ( 'NONE', ( #7324 ), #2499, .F. ) ;
#7026 = VERTEX_POINT ( 'NONE', #8644 ) ;
#7027 = B_SPLINE_CURVE_WITH_KNOTS ( 'NONE', 3,
 ( #4178, #898, #5040, #223 ),
 .UNSPECIFIED., .F., .F.,
 ( 4, 4 ),
 ( 0.000000000000000000, 1.000000000000000000 ),
 .UNSPECIFIED. ) ;
#7028 = VECTOR ( 'NONE', #7209, 1000.000000000000000 ) ;
#7029 = AXIS2_PLACEMENT_3D ( 'NONE', #1944, #6930, #4867 ) ;
#7030 = CARTESIAN_POINT ( 'NONE',  ( -0.08006199179813983102, -4.575000000000000178, 0.6707106781186548128 ) ) ;
#7031 = CARTESIAN_POINT ( 'NONE',  ( -1.573999651243420006, -0.5308455194065050398, 7.799999999999999822 ) ) ;
#7032 = VERTEX_POINT ( 'NONE', #5338 ) ;
#7033 = B_SPLINE_CURVE_WITH_KNOTS ( 'NONE', 3,
 ( #2939, #7616, #3317, #3993 ),
 .UNSPECIFIED., .F., .F.,
 ( 4, 4 ),
 ( 0.000000000000000000, 1.000000000000000000 ),
 .UNSPECIFIED. ) ;
#7034 = AXIS2_PLACEMENT_3D ( 'NONE', #7896, #1146, #507 ) ;
#7035 = ORIENTED_EDGE ( 'NONE', *, *, #1585, .F. ) ;
#7036 = DIRECTION ( 'NONE',  ( -0.6702157429215804818, 0.7421663276786907293, 0.000000000000000000 ) ) ;
#7037 = DIRECTION ( 'NONE',  ( 0.000000000000000000, -1.000000000000000000, 0.000000000000000000 ) ) ;
#7038 = DIRECTION ( 'NONE',  ( 1.000000000000000000, 0.000000000000000000, 0.000000000000000000 ) ) ;
#7039 = CARTESIAN_POINT ( 'NONE',  ( 1.713254183774519879, 6.149899999999999700, 8.346206644400899322 ) ) ;
#7040 = VERTEX_POINT ( 'NONE', #7275 ) ;
#7041 = CARTESIAN_POINT ( 'NONE',  ( 1.909351313647939863, 2.752070754658749951, 7.799999999999999822 ) ) ;
#7042 = ORIENTED_EDGE ( 'NONE', *, *, #639, .T. ) ;
#7043 = CARTESIAN_POINT ( 'NONE',  ( 1.257014306635654277, 6.150000000000000355, 10.90995600729306503 ) ) ;
#7044 = DIRECTION ( 'NONE',  ( 1.000000000000000000, 0.000000000000000000, 0.000000000000000000 ) ) ;
#7045 = DIRECTION ( 'NONE',  ( 0.7071067811865466846, -0.7071067811865483499, 0.000000000000000000 ) ) ;
#7046 = DIRECTION ( 'NONE',  ( 0.000000000000000000, 0.7071067811865431318, -0.7071067811865519026 ) ) ;
#7047 = B_SPLINE_CURVE_WITH_KNOTS ( 'NONE', 3,
 ( #6940, #3522, #956, #1683, #7082, #1550, #4418, #2313, #5141, #3747, #1598, #6501, #1503, #3078, #3569 ),
 .UNSPECIFIED., .F., .F.,
 ( 4, 1, 2, 2, 1, 2, 2, 1, 4 ),
 ( 0.000000000000000000, 0.2499999999999372169, 0.2812499999999338862, 0.3124999999999305000, 0.3749999999999366063, 0.4999999999999488187, 0.6249999999999610312, 0.7499999999999732436, 1.000000000000000000 ),
 .UNSPECIFIED. ) ;
#7048 = CARTESIAN_POINT ( 'NONE',  ( 1.402611283413533583, 6.150000000000000355, 11.51152273694870054 ) ) ;
#7049 = CARTESIAN_POINT ( 'NONE',  ( 0.4302828521505729920, 5.349999999999999645, 3.000000000000000000 ) ) ;
#7050 = ORIENTED_EDGE ( 'NONE', *, *, #6836, .T. ) ;
#7051 = ORIENTED_EDGE ( 'NONE', *, *, #6186, .F. ) ;
#7052 = EDGE_CURVE ( 'NONE', #4675, #4300, #8113, .T. ) ;
#7053 = ORIENTED_EDGE ( 'NONE', *, *, #6558, .T. ) ;
#7054 = ORIENTED_EDGE ( 'NONE', *, *, #2508, .F. ) ;
#7055 = ORIENTED_EDGE ( 'NONE', *, *, #7519, .F. ) ;
#7056 = CARTESIAN_POINT ( 'NONE',  ( 1.918727257671502873, 6.150000000000003020, 8.627991169037381169 ) ) ;
#7057 = EDGE_CURVE ( 'NONE', #4241, #2651, #1702, .T. ) ;
#7058 = CARTESIAN_POINT ( 'NONE',  ( 0.4302828521505729920, 5.349999999999999645, 3.200000000000000178 ) ) ;
#7059 = DIRECTION ( 'NONE',  ( 0.000000000000000000, 0.000000000000000000, 1.000000000000000000 ) ) ;
#7060 = ORIENTED_EDGE ( 'NONE', *, *, #5316, .F. ) ;
#7061 = CARTESIAN_POINT ( 'NONE',  ( 2.449999999999999734, 3.250000000000000000, 19.00000000000000000 ) ) ;
#7062 = CARTESIAN_POINT ( 'NONE',  ( 1.540644780878290154, 6.149899879328749819, 7.347017002283290132 ) ) ;
#7063 = CARTESIAN_POINT ( 'NONE',  ( 2.449999999999999734, 3.250000000000000000, 0.000000000000000000 ) ) ;
#7064 = ORIENTED_EDGE ( 'NONE', *, *, #3382, .T. ) ;
#7065 = VECTOR ( 'NONE', #5763, 1000.000000000000000 ) ;
#7066 = CARTESIAN_POINT ( 'NONE',  ( 1.786577398029129515, 6.150000000000000355, 8.637892763104535021 ) ) ;
#7067 = VERTEX_POINT ( 'NONE', #1156 ) ;
#7068 = EDGE_CURVE ( 'NONE', #1403, #6575, #1243, .T. ) ;
#7069 = DIRECTION ( 'NONE',  ( 0.000000000000000000, 0.000000000000000000, 1.000000000000000000 ) ) ;
#7070 = ORIENTED_EDGE ( 'NONE', *, *, #6186, .T. ) ;
#7071 = CARTESIAN_POINT ( 'NONE',  ( 0.8963984179557320520, 6.149950000000000472, 11.37619048209569961 ) ) ;
#7072 = FACE_OUTER_BOUND ( 'NONE', #3853, .T. ) ;
#7073 = CARTESIAN_POINT ( 'NONE',  ( 0.3250000000000000111, -2.233589289206860062, 4.700000000000000178 ) ) ;
#7074 = TOROIDAL_SURFACE ( 'NONE', #5483, 0.2000000000000000111, 0.1000000000000000056 ) ;
#7075 = ORIENTED_EDGE ( 'NONE', *, *, #233, .F. ) ;
#7076 = DIRECTION ( 'NONE',  ( 0.7034461695330961328, 0.07185740441466653694, 0.7071067811865487940 ) ) ;
#7077 = CARTESIAN_POINT ( 'NONE',  ( 2.497690080505440058, 3.162104287810009851, 12.14999999999999858 ) ) ;
#7078 = CARTESIAN_POINT ( 'NONE',  ( 1.902881415125289966, 6.150000000000000355, 12.18818401121320072 ) ) ;
#7079 = DIRECTION ( 'NONE',  ( 0.000000000000000000, -1.000000000000000000, 0.000000000000000000 ) ) ;
#7080 = CARTESIAN_POINT ( 'NONE',  ( -2.452605380715029870, 3.150033945804940227, 6.949999999999999289 ) ) ;
#7081 = ORIENTED_EDGE ( 'NONE', *, *, #483, .T. ) ;
#7082 = CARTESIAN_POINT ( 'NONE',  ( 1.869740708251557804, 6.149999999999998579, 11.12181240957511008 ) ) ;
#7083 = ORIENTED_EDGE ( 'NONE', *, *, #3861, .T. ) ;
#7084 = CARTESIAN_POINT ( 'NONE',  ( 1.257014306635649836, 6.149950000282250251, 10.83243034433339957 ) ) ;
#7085 = DIRECTION ( 'NONE',  ( 0.1016217158801569903, -0.9948231133531089121, 0.000000000000000000 ) ) ;
#7086 = CARTESIAN_POINT ( 'NONE',  ( 1.597370875726820127, 6.150000000000000355, 7.780566441482740458 ) ) ;
#7087 = B_SPLINE_CURVE_WITH_KNOTS ( 'NONE', 3,
 ( #3064, #3870, #6619, #449 ),
 .UNSPECIFIED., .F., .F.,
 ( 4, 4 ),
 ( 0.000000000000000000, 1.000000000000000000 ),
 .UNSPECIFIED. ) ;
#7088 = CARTESIAN_POINT ( 'NONE',  ( 2.449999999999999734, 6.120710678118654435, 0.02928932188134531975 ) ) ;
#7089 = EDGE_CURVE ( 'NONE', #1563, #672, #335, .T. ) ;
#7090 = DIRECTION ( 'NONE',  ( 0.000000000000000000, -1.000000000000000000, 0.000000000000000000 ) ) ;
#7091 = DIRECTION ( 'NONE',  ( 0.7071067811865426878, 0.000000000000000000, 0.7071067811865523467 ) ) ;
#7092 = ORIENTED_EDGE ( 'NONE', *, *, #2231, .T. ) ;
#7093 = B_SPLINE_CURVE_WITH_KNOTS ( 'NONE', 3,
 ( #912, #6396, #2309, #5593 ),
 .UNSPECIFIED., .F., .F.,
 ( 4, 4 ),
 ( 0.000000000000000000, 1.000000000000000000 ),
 .UNSPECIFIED. ) ;
#7094 = ORIENTED_EDGE ( 'NONE', *, *, #3062, .T. ) ;
#7095 = ORIENTED_EDGE ( 'NONE', *, *, #1920, .F. ) ;
#7096 = EDGE_CURVE ( 'NONE', #6908, #2634, #5572, .T. ) ;
#7097 = ORIENTED_EDGE ( 'NONE', *, *, #2779, .F. ) ;
#7098 = ORIENTED_EDGE ( 'NONE', *, *, #238, .F. ) ;
#7099 = DIRECTION ( 'NONE',  ( 2.775557561562890365E-16, 0.000000000000000000, -1.000000000000000000 ) ) ;
#7100 = EDGE_CURVE ( 'NONE', #641, #341, #2702, .T. ) ;
#7101 = LINE ( 'NONE', #394, #2789 ) ;
#7102 = DIRECTION ( 'NONE',  ( -1.000000000000000000, 0.000000000000000000, 0.000000000000000000 ) ) ;
#7103 = ORIENTED_EDGE ( 'NONE', *, *, #1524, .T. ) ;
#7104 = VECTOR ( 'NONE', #8149, 1000.000000000000000 ) ;
#7105 = SPHERICAL_SURFACE ( 'NONE', #6119, 0.1000000000000000056 ) ;
#7106 =( LENGTH_UNIT ( ) NAMED_UNIT ( * ) SI_UNIT ( .MILLI., .METRE. ) );
#7107 = B_SPLINE_CURVE_WITH_KNOTS ( 'NONE', 3,
 ( #7084, #7043, #2943, #5780 ),
 .UNSPECIFIED., .F., .F.,
 ( 4, 4 ),
 ( 0.000000000000000000, 1.000000000000000000 ),
 .UNSPECIFIED. ) ;
#7108 = ADVANCED_FACE ( 'NONE', ( #1332 ), #2001, .T. ) ;
#7109 = VERTEX_POINT ( 'NONE', #4067 ) ;
#7110 = CARTESIAN_POINT ( 'NONE',  ( -0.009351313679485110525, -6.150000000000000355, 0.6999999999999999556 ) ) ;
#7111 = VERTEX_POINT ( 'NONE', #6263 ) ;
#7112 = CARTESIAN_POINT ( 'NONE',  ( 1.175391202123423628, 6.150000000000001243, 7.593015837943648094 ) ) ;
#7113 = DIRECTION ( 'NONE',  ( -0.7071067811865594521, 0.000000000000000000, -0.7071067811865355823 ) ) ;
#7114 = ORIENTED_EDGE ( 'NONE', *, *, #4871, .F. ) ;
#7115 = LINE ( 'NONE', #6438, #5408 ) ;
#7116 =( BOUNDED_CURVE ( )  B_SPLINE_CURVE ( 3, ( #7418, #568, #1966, #1923 ),
 .UNSPECIFIED., .F., .F. ) 
 B_SPLINE_CURVE_WITH_KNOTS ( ( 4, 4 ),
 ( 3.926990816987239619, 3.977889537580255208 ),
 .UNSPECIFIED. ) 
 CURVE ( )  GEOMETRIC_REPRESENTATION_ITEM ( )  RATIONAL_B_SPLINE_CURVE ( ( 1.000000000000000000, 0.9997841216720353419, 0.9997841216720353419, 1.000000000000000000 ) ) 
 REPRESENTATION_ITEM ( '' )  );
#7117 = DIRECTION ( 'NONE',  ( -1.000000000000000000, 0.000000000000000000, -6.938893903907220489E-16 ) ) ;
#7118 = EDGE_LOOP ( 'NONE', ( #881, #2663, #2589, #4227 ) ) ;
#7119 = DIRECTION ( 'NONE',  ( 0.7071067811865484609, -1.016439536705160777E-16, 0.7071067811865465735 ) ) ;
#7120 = AXIS2_PLACEMENT_3D ( 'NONE', #8695, #2469, #3146 ) ;
#7121 = LINE ( 'NONE', #3026, #224 ) ;
#7122 = CARTESIAN_POINT ( 'NONE',  ( 0.5717042083878817182, 5.208578643762691307, 6.799999999999998934 ) ) ;
#7123 = VECTOR ( 'NONE', #1270, 1000.000000000000000 ) ;
#7124 = VERTEX_POINT ( 'NONE', #6897 ) ;
#7125 = CARTESIAN_POINT ( 'NONE',  ( 0.4302828521505699944, 5.349999999999999645, 12.30000000000000071 ) ) ;
#7126 = DIRECTION ( 'NONE',  ( 0.000000000000000000, -0.3826834323650923908, -0.9238795325112856283 ) ) ;
#7127 = EDGE_LOOP ( 'NONE', ( #131, #4945, #5904, #3150, #3785 ) ) ;
#7128 = EDGE_CURVE ( 'NONE', #2009, #4821, #2719, .T. ) ;
#7129 = CARTESIAN_POINT ( 'NONE',  ( 2.449999999999999734, 1.004596597366330002, 19.09999999999999787 ) ) ;
#7130 = CARTESIAN_POINT ( 'NONE',  ( 1.782946243159839961, 6.149899999999999700, 10.83243034433339957 ) ) ;
#7131 = EDGE_CURVE ( 'NONE', #8114, #4975, #4880, .T. ) ;
#7132 = CARTESIAN_POINT ( 'NONE',  ( 0.8639835066137269148, 6.150000000000000355, 8.846206651851471037 ) ) ;
#7133 = EDGE_CURVE ( 'NONE', #4210, #8521, #791, .T. ) ;
#7134 = EDGE_CURVE ( 'NONE', #8163, #4832, #4996, .T. ) ;
#7135 = DIRECTION ( 'NONE',  ( -0.5773502691896253980, -0.5773502691896280625, -0.5773502691896237327 ) ) ;
#7136 = CIRCLE ( 'NONE', #7428, 0.2000000000000000111 ) ;
#7137 = B_SPLINE_CURVE_WITH_KNOTS ( 'NONE', 3,
 ( #7457, #1247, #4071, #4624 ),
 .UNSPECIFIED., .F., .F.,
 ( 4, 4 ),
 ( 0.000000000000000000, 1.000000000000000000 ),
 .UNSPECIFIED. ) ;
#7138 = CARTESIAN_POINT ( 'NONE',  ( 1.000000000000000000, 1.500000000000000000, 18.80000000000000071 ) ) ;
#7139 = CARTESIAN_POINT ( 'NONE',  ( 1.100000000000000089, 3.149999999999999911, 0.2999999999999999889 ) ) ;
#7140 = ORIENTED_EDGE ( 'NONE', *, *, #1014, .F. ) ;
#7141 = ORIENTED_EDGE ( 'NONE', *, *, #4969, .F. ) ;
#7142 = VERTEX_POINT ( 'NONE', #6127 ) ;
#7143 = VERTEX_POINT ( 'NONE', #8901 ) ;
#7144 = ORIENTED_EDGE ( 'NONE', *, *, #7963, .F. ) ;
#7145 = B_SPLINE_CURVE_WITH_KNOTS ( 'NONE', 3,
 ( #6261, #6357, #4239, #5682 ),
 .UNSPECIFIED., .F., .F.,
 ( 4, 4 ),
 ( 0.000000000000000000, 1.000000000000000000 ),
 .UNSPECIFIED. ) ;
#7146 = CARTESIAN_POINT ( 'NONE',  ( 2.462159884122632647, 3.129656503977708226, 7.011254804505131055 ) ) ;
#7147 = CARTESIAN_POINT ( 'NONE',  ( 1.718926793259379915, 6.149899999999999700, 6.841344385347849943 ) ) ;
#7148 = CYLINDRICAL_SURFACE ( 'NONE', #7213, 0.09999999999999951983 ) ;
#7149 = AXIS2_PLACEMENT_3D ( 'NONE', #1037, #7573, #8426 ) ;
#7150 = ORIENTED_EDGE ( 'NONE', *, *, #8602, .T. ) ;
#7151 = LINE ( 'NONE', #843, #5394 ) ;
#7152 = ORIENTED_EDGE ( 'NONE', *, *, #2510, .F. ) ;
#7153 = DIRECTION ( 'NONE',  ( 0.000000000000000000, 1.000000000000000000, 0.000000000000000000 ) ) ;
#7154 = ORIENTED_EDGE ( 'NONE', *, *, #3649, .F. ) ;
#7155 = VECTOR ( 'NONE', #6594, 1000.000000000000000 ) ;
#7156 = FACE_OUTER_BOUND ( 'NONE', #6006, .T. ) ;
#7157 = APPLICATION_PROTOCOL_DEFINITION ( 'draft international standard', 'automotive_design', 1998, #3149 ) ;
#7158 = FACE_OUTER_BOUND ( 'NONE', #7396, .T. ) ;
#7159 = ORIENTED_EDGE ( 'NONE', *, *, #2280, .F. ) ;
#7160 = LINE ( 'NONE', #992, #1885 ) ;
#7161 = AXIS2_PLACEMENT_3D ( 'NONE', #1013, #1779, #4429 ) ;
#7162 = CIRCLE ( 'NONE', #4720, 0.1000000000000001860 ) ;
#7163 = CYLINDRICAL_SURFACE ( 'NONE', #2964, 0.1000000000000010464 ) ;
#7164 = DIRECTION ( 'NONE',  ( -0.7071067811865467956, 0.000000000000000000, 0.7071067811865481278 ) ) ;
#7165 = ORIENTED_EDGE ( 'NONE', *, *, #1688, .T. ) ;
#7166 = CYLINDRICAL_SURFACE ( 'NONE', #4862, 0.2000000000000000389 ) ;
#7167 = CARTESIAN_POINT ( 'NONE',  ( 2.040305328863119882, 3.050000000000000266, 0.000000000000000000 ) ) ;
#7168 = AXIS2_PLACEMENT_3D ( 'NONE', #8891, #642, #8253 ) ;
#7169 = EDGE_CURVE ( 'NONE', #1394, #32, #6135, .T. ) ;
#7170 = DIRECTION ( 'NONE',  ( 0.000000000000000000, -0.7071067811865474617, 0.7071067811865474617 ) ) ;
#7171 = CARTESIAN_POINT ( 'NONE',  ( 1.969594650744465048, 3.120710678118653991, 12.07928932188134397 ) ) ;
#7172 = CARTESIAN_POINT ( 'NONE',  ( -2.442386859369360064, 3.050000000000000266, 12.05000000000000071 ) ) ;
#7173 = AXIS2_PLACEMENT_3D ( 'NONE', #6097, #2599, #6698 ) ;
#7174 = ORIENTED_EDGE ( 'NONE', *, *, #7298, .T. ) ;
#7175 = DIRECTION ( 'NONE',  ( 0.000000000000000000, 0.000000000000000000, -1.000000000000000000 ) ) ;
#7176 = EDGE_CURVE ( 'NONE', #1608, #2626, #8219, .T. ) ;
#7177 = CARTESIAN_POINT ( 'NONE',  ( 1.127354661267599978, 6.150000000000000355, 9.227892232903698755 ) ) ;
#7178 = VERTEX_POINT ( 'NONE', #2761 ) ;
#7179 = CARTESIAN_POINT ( 'NONE',  ( -0.9999999999999995559, 3.076876110206468784, 18.50000000000000000 ) ) ;
#7180 = LINE ( 'NONE', #7224, #4017 ) ;
#7181 = B_SPLINE_CURVE_WITH_KNOTS ( 'NONE', 3,
 ( #1604, #5017, #5106, #7861 ),
 .UNSPECIFIED., .F., .F.,
 ( 4, 4 ),
 ( 0.000000000000000000, 1.000000000000000000 ),
 .UNSPECIFIED. ) ;
#7182 = EDGE_CURVE ( 'NONE', #4161, #7003, #3849, .T. ) ;
#7183 = FACE_OUTER_BOUND ( 'NONE', #3445, .T. ) ;
#7184 = CYLINDRICAL_SURFACE ( 'NONE', #5718, 0.09999999999999951983 ) ;
#7185 = CARTESIAN_POINT ( 'NONE',  ( -0.2999999999999999889, 3.050000000000000266, 12.05000000000000071 ) ) ;
#7186 = ORIENTED_EDGE ( 'NONE', *, *, #5265, .T. ) ;
#7187 = ORIENTED_EDGE ( 'NONE', *, *, #8385, .T. ) ;
#7188 = ADVANCED_FACE ( 'NONE', ( #7492 ), #604, .F. ) ;
#7189 = EDGE_CURVE ( 'NONE', #4718, #7980, #2125, .T. ) ;
#7190 = ORIENTED_EDGE ( 'NONE', *, *, #7349, .F. ) ;
#7191 = ORIENTED_EDGE ( 'NONE', *, *, #2119, .F. ) ;
#7192 = AXIS2_PLACEMENT_3D ( 'NONE', #6993, #7044, #872 ) ;
#7193 = PRODUCT_DEFINITION_CONTEXT ( 'detailed design', #385, 'design' ) ;
#7194 = CARTESIAN_POINT ( 'NONE',  ( 1.152476217557659943, 6.149899999999999700, 8.808929503808160533 ) ) ;
#7195 = DIRECTION ( 'NONE',  ( 0.7034461695330935793, 0.07185740441467106110, -0.7071067811865505703 ) ) ;
#7196 = ORIENTED_EDGE ( 'NONE', *, *, #4475, .F. ) ;
#7197 = DIRECTION ( 'NONE',  ( 0.000000000000000000, 0.000000000000000000, 1.000000000000000000 ) ) ;
#7198 = CARTESIAN_POINT ( 'NONE',  ( -0.4302828521505689952, 5.150000000000000355, 15.10000000000000142 ) ) ;
#7199 = ORIENTED_EDGE ( 'NONE', *, *, #3006, .T. ) ;
#7200 = CARTESIAN_POINT ( 'NONE',  ( -0.6000000000320139248, -6.150000000000000355, 1.000000000000000000 ) ) ;
#7201 = EDGE_LOOP ( 'NONE', ( #6211, #4960, #7114, #2733, #2567, #5790, #1575, #2250, #2042, #7159, #7035, #3625, #8720, #4843, #8927, #3013, #2120, #574, #1512, #1699, #7141 ) ) ;
#7202 = DIRECTION ( 'NONE',  ( -0.5773502691896259531, -0.5773502691896257311, 0.5773502691896257311 ) ) ;
#7203 = AXIS2_PLACEMENT_3D ( 'NONE', #2574, #5986, #5226 ) ;
#7204 = DIRECTION ( 'NONE',  ( 1.000000000000000000, 0.000000000000000000, 0.000000000000000000 ) ) ;
#7205 = EDGE_LOOP ( 'NONE', ( #8306, #7466, #7232, #722, #8859, #4676, #4896, #1983, #6873, #3826, #1256, #1353, #3614, #3433 ) ) ;
#7206 = DIRECTION ( 'NONE',  ( -0.1016217158801569903, -0.9948231133531089121, 0.000000000000000000 ) ) ;
#7207 = CARTESIAN_POINT ( 'NONE',  ( 2.442386859369360064, 3.050000000000000266, 7.049999999999999822 ) ) ;
#7208 = CIRCLE ( 'NONE', #3034, 0.09999999999999982514 ) ;
#7209 = DIRECTION ( 'NONE',  ( 0.000000000000000000, -1.000000000000000000, 0.000000000000000000 ) ) ;
#7210 = ORIENTED_EDGE ( 'NONE', *, *, #3161, .T. ) ;
#7211 = CARTESIAN_POINT ( 'NONE',  ( 1.554691242459823375, 6.150000000000000355, 9.552851719107410489 ) ) ;
#7212 = FILL_AREA_STYLE ('',( #7984 ) ) ;
#7213 = AXIS2_PLACEMENT_3D ( 'NONE', #3144, #2333, #5882 ) ;
#7214 = CIRCLE ( 'NONE', #6515, 0.1000000000000002554 ) ;
#7215 = CARTESIAN_POINT ( 'NONE',  ( 0.4302828521505729920, 6.150000000000000355, 3.200000000000000178 ) ) ;
#7216 = DIRECTION ( 'NONE',  ( 1.000000000000000000, 0.000000000000000000, 0.000000000000000000 ) ) ;
#7217 = CARTESIAN_POINT ( 'NONE',  ( -0.6000000000320139248, -6.150000000000000355, 0.5000000000000000000 ) ) ;
#7218 = ORIENTED_EDGE ( 'NONE', *, *, #8184, .F. ) ;
#7219 = CARTESIAN_POINT ( 'NONE',  ( -1.973283754570961834, 3.124216632767869317, 12.14999999999999858 ) ) ;
#7220 = CARTESIAN_POINT ( 'NONE',  ( 1.940823017527810057, 3.060162171588010072, 12.05051768866469786 ) ) ;
#7222 = ORIENTED_EDGE ( 'NONE', *, *, #2218, .F. ) ;
#7221 = EDGE_CURVE ( 'NONE', #319, #6360, #3598, .T. ) ;
#7223 = LINE ( 'NONE', #6453, #677 ) ;
#7224 = CARTESIAN_POINT ( 'NONE',  ( -2.250000000000000000, 3.149999999999999911, 12.14999999999999858 ) ) ;
#7225 = AXIS2_PLACEMENT_3D ( 'NONE', #5660, #1069, #5249 ) ;
#7226 = CARTESIAN_POINT ( 'NONE',  ( -0.4302828521505729364, 5.208578643762690419, 3.058578643762690508 ) ) ;
#7227 = CARTESIAN_POINT ( 'NONE',  ( 0.4302828521505729920, 6.150000000000000355, 3.000000000000000000 ) ) ;
#7228 = DIRECTION ( 'NONE',  ( 0.1016217158801560189, 0.9948231133531091341, 0.000000000000000000 ) ) ;
#7229 = ORIENTED_EDGE ( 'NONE', *, *, #4525, .T. ) ;
#7230 = ORIENTED_EDGE ( 'NONE', *, *, #7781, .F. ) ;
#7231 = ORIENTED_EDGE ( 'NONE', *, *, #250, .T. ) ;
#7232 = ORIENTED_EDGE ( 'NONE', *, *, #5219, .F. ) ;
#7233 = DIRECTION ( 'NONE',  ( 0.000000000000000000, 0.000000000000000000, 1.000000000000000000 ) ) ;
#7234 = VECTOR ( 'NONE', #6860, 1000.000000000000000 ) ;
#7235 = CARTESIAN_POINT ( 'NONE',  ( 0.4302828521505729920, 6.150000000000000355, 3.200000000000000178 ) ) ;
#7236 = EDGE_CURVE ( 'NONE', #1914, #3688, #4127, .T. ) ;
#7237 = CARTESIAN_POINT ( 'NONE',  ( 1.275632952074269522, 6.150000000000000355, 7.950744726028309728 ) ) ;
#7238 = EDGE_LOOP ( 'NONE', ( #2785, #1345, #4483, #6840, #4590, #260, #5116, #3076, #1086, #5984, #7283, #2880 ) ) ;
#7239 = CARTESIAN_POINT ( 'NONE',  ( 1.127354661267599978, 6.150000000000000355, 9.227892232903698755 ) ) ;
#7240 = ORIENTED_EDGE ( 'NONE', *, *, #2578, .T. ) ;
#7241 = LINE ( 'NONE', #6772, #8478 ) ;
#7242 = ORIENTED_EDGE ( 'NONE', *, *, #479, .T. ) ;
#7244 = EDGE_CURVE ( 'NONE', #8274, #6465, #2674, .T. ) ;
#7243 = CARTESIAN_POINT ( 'NONE',  ( 2.497212160645410073, 3.161843715975289903, 12.14923018984310055 ) ) ;
#7245 = EDGE_CURVE ( 'NONE', #8512, #3217, #4744, .T. ) ;
#7246 = EDGE_CURVE ( 'NONE', #1870, #4975, #3996, .T. ) ;
#7247 = EDGE_CURVE ( 'NONE', #7032, #5589, #7047, .T. ) ;
#7248 = CARTESIAN_POINT ( 'NONE',  ( -1.275000000000000133, 3.050000000000000266, 0.5000000000000000000 ) ) ;
#7249 = EDGE_CURVE ( 'NONE', #1798, #4109, #4462, .T. ) ;
#7250 = EDGE_CURVE ( 'NONE', #6879, #683, #7162, .T. ) ;
#7251 = CARTESIAN_POINT ( 'NONE',  ( 2.449999999999999734, 6.049999999999999822, 0.1000000000000000056 ) ) ;
#7252 = VECTOR ( 'NONE', #8608, 1000.000000000000000 ) ;
#7253 = CARTESIAN_POINT ( 'NONE',  ( -0.4302828521505719928, 5.349999999999999645, 6.799999999999999822 ) ) ;
#7254 = LINE ( 'NONE', #5177, #8766 ) ;
#7255 = ORIENTED_EDGE ( 'NONE', *, *, #5679, .T. ) ;
#7256 = DIRECTION ( 'NONE',  ( -1.000000000000000000, 0.000000000000000000, 0.000000000000000000 ) ) ;
#7257 = AXIS2_PLACEMENT_3D ( 'NONE', #2679, #3277, #8182 ) ;
#7258 = B_SPLINE_CURVE_WITH_KNOTS ( 'NONE', 3,
 ( #6080, #1402, #2076, #4059 ),
 .UNSPECIFIED., .F., .F.,
 ( 4, 4 ),
 ( 0.000000000000000000, 1.000000000000000000 ),
 .UNSPECIFIED. ) ;
#7259 = DIRECTION ( 'NONE',  ( 0.000000000000000000, 0.000000000000000000, -1.000000000000000000 ) ) ;
#7260 = PLANE ( 'NONE',  #6071 ) ;
#7261 = LINE ( 'NONE', #3696, #4091 ) ;
#7262 = VERTEX_POINT ( 'NONE', #4242 ) ;
#7263 = LINE ( 'NONE', #6677, #1996 ) ;
#7264 = DIRECTION ( 'NONE',  ( -1.000000000000000000, 0.000000000000000000, 0.000000000000000000 ) ) ;
#7265 = ORIENTED_EDGE ( 'NONE', *, *, #2895, .T. ) ;
#7266 = CARTESIAN_POINT ( 'NONE',  ( 1.100000000000000089, 3.149999999999999911, 9.250000000000000000 ) ) ;
#7267 = CARTESIAN_POINT ( 'NONE',  ( 1.919899243579859860, 6.149897924467699895, 9.953175874181290794 ) ) ;
#7268 = DIRECTION ( 'NONE',  ( -0.7071067811865561215, 0.000000000000000000, -0.7071067811865388020 ) ) ;
#7269 = CARTESIAN_POINT ( 'NONE',  ( -1.899189142059919844, 2.652588443323439904, 12.14999999999999858 ) ) ;
#7270 = CIRCLE ( 'NONE', #3378, 0.09999999999999936717 ) ;
#7271 = LINE ( 'NONE', #922, #4271 ) ;
#7272 = CARTESIAN_POINT ( 'NONE',  ( 1.792719128025631603, 6.150000000000001243, 10.07606597474486065 ) ) ;
#7273 = ORIENTED_EDGE ( 'NONE', *, *, #1652, .T. ) ;
#7274 = ORIENTED_EDGE ( 'NONE', *, *, #6737, .T. ) ;
#7275 = CARTESIAN_POINT ( 'NONE',  ( 2.406762870324489878, 2.701259896718680054, 12.05000000000000071 ) ) ;
#7276 = ORIENTED_EDGE ( 'NONE', *, *, #2624, .F. ) ;
#7277 = VERTEX_POINT ( 'NONE', #915 ) ;
#7278 = AXIS2_PLACEMENT_3D ( 'NONE', #177, #2929, #946 ) ;
#7279 = DIRECTION ( 'NONE',  ( -1.000000000000000000, 0.000000000000000000, 0.000000000000000000 ) ) ;
#7280 = CARTESIAN_POINT ( 'NONE',  ( 1.718926793259379915, 6.150000000000000355, 6.843775503698504181 ) ) ;
#7281 = CARTESIAN_POINT ( 'NONE',  ( 1.782946243159849953, 6.150000000000000355, 10.37213860327680059 ) ) ;
#7282 = ADVANCED_FACE ( 'NONE', ( #2941 ), #2901, .F. ) ;
#7283 = ORIENTED_EDGE ( 'NONE', *, *, #8746, .F. ) ;
#7284 = VECTOR ( 'NONE', #5524, 1000.000000000000000 ) ;
#7285 = CARTESIAN_POINT ( 'NONE',  ( 0.3250000000000000111, -2.233589289206860062, -4.700000000000000178 ) ) ;
#7286 = DIRECTION ( 'NONE',  ( 0.000000000000000000, 0.7071067811865482389, 0.7071067811865466846 ) ) ;
#7287 = ORIENTED_EDGE ( 'NONE', *, *, #6436, .T. ) ;
#7288 = CARTESIAN_POINT ( 'NONE',  ( 1.355858366533082116, 6.150000000000003020, 9.694648364374490512 ) ) ;
#7289 = EDGE_LOOP ( 'NONE', ( #8142, #2750, #3300, #7783 ) ) ;
#7290 = CARTESIAN_POINT ( 'NONE',  ( 0.9369170571332540165, 6.150000000000000355, 10.73113374638960238 ) ) ;
#7291 = CARTESIAN_POINT ( 'NONE',  ( -1.000000000000000000, -6.150000000000000355, 7.799999999999999822 ) ) ;
#7292 = CARTESIAN_POINT ( 'NONE',  ( -1.224650129526619891, -6.150000000000000355, 11.29999999999999893 ) ) ;
#7293 = CARTESIAN_POINT ( 'NONE',  ( -1.935512576883387403, 2.719956629130206416, 6.025000000000000355 ) ) ;
#7294 = ADVANCED_FACE ( 'NONE', ( #4332 ), #5097, .F. ) ;
#7295 = DIRECTION ( 'NONE',  ( 0.000000000000000000, 0.000000000000000000, 1.000000000000000000 ) ) ;
#7296 = VERTEX_POINT ( 'NONE', #3655 ) ;
#7297 = AXIS2_PLACEMENT_3D ( 'NONE', #2174, #7493, #4833 ) ;
#7298 = EDGE_CURVE ( 'NONE', #5947, #7178, #7798, .T. ) ;
#7299 = EDGE_CURVE ( 'NONE', #5768, #8599, #5010, .T. ) ;
#7300 = EDGE_CURVE ( 'NONE', #8283, #4718, #826, .T. ) ;
#7301 = CARTESIAN_POINT ( 'NONE',  ( 1.782946243159850175, 6.150000000000000355, 10.37700083997813216 ) ) ;
#7302 = EDGE_CURVE ( 'NONE', #7919, #6524, #909, .T. ) ;
#7303 = VECTOR ( 'NONE', #3042, 1000.000000000000114 ) ;
#7304 = AXIS2_PLACEMENT_3D ( 'NONE', #1417, #1461, #3348 ) ;
#7305 = CARTESIAN_POINT ( 'NONE',  ( 0.4302828521505729920, 5.349999999999999645, 3.200000000000000178 ) ) ;
#7306 = CARTESIAN_POINT ( 'NONE',  ( 1.485539431596869964, 6.150000000000000355, 7.707632890963199479 ) ) ;
#7307 = CARTESIAN_POINT ( 'NONE',  ( 1.807257426666350142, 6.150000000000000355, 10.91629880535006514 ) ) ;
#7308 = ORIENTED_EDGE ( 'NONE', *, *, #1194, .F. ) ;
#7309 = FACE_OUTER_BOUND ( 'NONE', #3248, .T. ) ;
#7310 = CARTESIAN_POINT ( 'NONE',  ( 1.000000000000000000, 3.050000000000000266, 0.5999999999999999778 ) ) ;
#7311 = AXIS2_PLACEMENT_3D ( 'NONE', #6755, #580, #3330 ) ;
#7312 = ORIENTED_EDGE ( 'NONE', *, *, #7652, .F. ) ;
#7313 = VECTOR ( 'NONE', #7981, 1000.000000000000000 ) ;
#7314 = CARTESIAN_POINT ( 'NONE',  ( 1.100000000000000089, 3.149999999999999911, 18.89999999999999858 ) ) ;
#7315 = CARTESIAN_POINT ( 'NONE',  ( 0.000000000000000000, 0.000000000000000000, 5.200000000000000178 ) ) ;
#7316 = CARTESIAN_POINT ( 'NONE',  ( -0.1093513136794850016, 0.1499999999999999944, 18.50000000000000000 ) ) ;
#7317 = DIRECTION ( 'NONE',  ( 0.000000000000000000, -1.000000000000000000, 0.000000000000000000 ) ) ;
#7318 = AXIS2_PLACEMENT_3D ( 'NONE', #5256, #1879, #6058 ) ;
#7319 = VECTOR ( 'NONE', #7018, 1000.000000000000000 ) ;
#7320 = CARTESIAN_POINT ( 'NONE',  ( -1.100000000000000089, 3.149999999999999911, 0.5000000000000000000 ) ) ;
#7321 = CARTESIAN_POINT ( 'NONE',  ( -2.449999999999999734, 3.250000000000000000, 0.1000000000000000056 ) ) ;
#7322 = VERTEX_POINT ( 'NONE', #818 ) ;
#7323 = ORIENTED_EDGE ( 'NONE', *, *, #846, .T. ) ;
#7324 = FACE_OUTER_BOUND ( 'NONE', #704, .T. ) ;
#7325 = ORIENTED_EDGE ( 'NONE', *, *, #667, .T. ) ;
#7326 = ORIENTED_EDGE ( 'NONE', *, *, #7246, .T. ) ;
#7327 = DIRECTION ( 'NONE',  ( -1.000000000000000000, -2.775557561562890168E-15, 0.000000000000000000 ) ) ;
#7328 = VECTOR ( 'NONE', #482, 1000.000000000000000 ) ;
#7329 = DIRECTION ( 'NONE',  ( 0.1016217158801569903, -0.9948231133531089121, 0.000000000000000000 ) ) ;
#7330 = LINE ( 'NONE', #2642, #616 ) ;
#7331 = ORIENTED_EDGE ( 'NONE', *, *, #2231, .F. ) ;
#7332 = CARTESIAN_POINT ( 'NONE',  ( 1.257014306635649836, 6.149950000282250251, 10.83243034433339957 ) ) ;
#7333 = EDGE_CURVE ( 'NONE', #1186, #1040, #4287, .T. ) ;
#7334 = FACE_OUTER_BOUND ( 'NONE', #2997, .T. ) ;
#7335 = CIRCLE ( 'NONE', #572, 0.2000000000000000389 ) ;
#7336 = ORIENTED_EDGE ( 'NONE', *, *, #8003, .F. ) ;
#7337 = B_SPLINE_CURVE_WITH_KNOTS ( 'NONE', 3,
 ( #8424, #6334, #5077, #2295 ),
 .UNSPECIFIED., .F., .F.,
 ( 4, 4 ),
 ( 0.000000000000000000, 1.000000000000000000 ),
 .UNSPECIFIED. ) ;
#7338 = ORIENTED_EDGE ( 'NONE', *, *, #5404, .F. ) ;
#7339 = EDGE_CURVE ( 'NONE', #8917, #5009, #112, .T. ) ;
#7340 = CARTESIAN_POINT ( 'NONE',  ( 2.497690080505440058, 3.162104287810009851, 12.14999999999999858 ) ) ;
#7341 = FACE_OUTER_BOUND ( 'NONE', #391, .T. ) ;
#7342 = ORIENTED_EDGE ( 'NONE', *, *, #8629, .T. ) ;
#7343 = LINE ( 'NONE', #3328, #950 ) ;
#7344 = LINE ( 'NONE', #7512, #4861 ) ;
#7345 = VERTEX_POINT ( 'NONE', #8442 ) ;
#7346 = CARTESIAN_POINT ( 'NONE',  ( -2.449999999999999734, 6.049999999999999822, 0.1000000000000000056 ) ) ;
#7347 =( LENGTH_UNIT ( ) NAMED_UNIT ( * ) SI_UNIT ( .MILLI., .METRE. ) );
#7348 = AXIS2_PLACEMENT_3D ( 'NONE', #231, #4366, #6493 ) ;
#7349 = EDGE_CURVE ( 'NONE', #2805, #3639, #7735, .T. ) ;
#7350 = CARTESIAN_POINT ( 'NONE',  ( 0.4302828521505719928, 6.150000000000000355, 7.000000000000000000 ) ) ;
#7351 = EDGE_LOOP ( 'NONE', ( #5514, #1542, #4909, #283 ) ) ;
#7352 = VERTEX_POINT ( 'NONE', #8489 ) ;
#7353 = CARTESIAN_POINT ( 'NONE',  ( 1.920709616363420080, 6.150000000000000355, 7.834051045197059082 ) ) ;
#7354 = DIRECTION ( 'NONE',  ( 0.000000000000000000, -1.000000000000000000, 0.000000000000000000 ) ) ;
#7355 = VECTOR ( 'NONE', #7206, 1000.000000000000114 ) ;
#7356 = CARTESIAN_POINT ( 'NONE',  ( -1.000000000000000000, 1.500000000000000000, 18.80000000000000071 ) ) ;
#7357 =( BOUNDED_CURVE ( )  B_SPLINE_CURVE ( 3, ( #7310, #6631, #1096, #3971 ),
 .UNSPECIFIED., .F., .F. ) 
 B_SPLINE_CURVE_WITH_KNOTS ( ( 4, 4 ),
 ( 1.387778780781448239E-15, 0.7853981633974518317 ),
 .UNSPECIFIED. ) 
 CURVE ( )  GEOMETRIC_REPRESENTATION_ITEM ( )  RATIONAL_B_SPLINE_CURVE ( ( 1.000000000000000000, 0.9492530216741910110, 0.9492530216741910110, 1.000000000000000000 ) ) 
 REPRESENTATION_ITEM ( '' )  );
#7358 = CARTESIAN_POINT ( 'NONE',  ( -0.3151414260752850027, 5.208578643762690419, 12.15857864376268971 ) ) ;
#7359 = CYLINDRICAL_SURFACE ( 'NONE', #3208, 0.2000000000000000944 ) ;
#7360 = ADVANCED_FACE ( 'NONE', ( #3699 ), #6451, .F. ) ;
#7361 = LINE ( 'NONE', #1396, #3463 ) ;
#7362 = DIRECTION ( 'NONE',  ( -0.7071067811865442421, -0.7071067811865506814, -2.775557561562891844E-16 ) ) ;
#7363 = CARTESIAN_POINT ( 'NONE',  ( 0.3250000000000000111, -2.233589289206860062, 4.700000000000000178 ) ) ;
#7364 = ORIENTED_EDGE ( 'NONE', *, *, #3383, .T. ) ;
#7365 = EDGE_LOOP ( 'NONE', ( #4275, #3967, #3817, #2102, #1743, #14 ) ) ;
#7366 = VECTOR ( 'NONE', #5819, 1000.000000000000114 ) ;
#7367 = CARTESIAN_POINT ( 'NONE',  ( -2.057250000000000245, -5.844750000000000334, 5.200000000000000178 ) ) ;
#7368 = VECTOR ( 'NONE', #3483, 1000.000000000000000 ) ;
#7369 = EDGE_LOOP ( 'NONE', ( #2912, #8171, #5598, #1296 ) ) ;
#7370 = EDGE_LOOP ( 'NONE', ( #5722, #1162, #2442, #1859 ) ) ;
#7371 = ADVANCED_FACE ( 'NONE', ( #8765 ), #3885, .T. ) ;
#7372 = DIRECTION ( 'NONE',  ( 0.000000000000000000, 0.000000000000000000, 1.000000000000000000 ) ) ;
#7373 = B_SPLINE_CURVE_WITH_KNOTS ( 'NONE', 3,
 ( #2396, #7211, #2483, #1133 ),
 .UNSPECIFIED., .F., .F.,
 ( 4, 4 ),
 ( 0.000000000000000000, 1.000000000000000000 ),
 .UNSPECIFIED. ) ;
#7374 = CARTESIAN_POINT ( 'NONE',  ( -2.442386859369360064, 3.050000000000000266, 12.05000000000000071 ) ) ;
#7375 = FACE_BOUND ( 'NONE', #8918, .T. ) ;
#7376 = PRESENTATION_LAYER_ASSIGNMENT (  '', '', ( #6207 ) ) ;
#7377 = ORIENTED_EDGE ( 'NONE', *, *, #4534, .F. ) ;
#7378 = CARTESIAN_POINT ( 'NONE',  ( -2.520710678118654791, 2.504596597366330002, 0.02928932188134530587 ) ) ;
#7379 = ORIENTED_EDGE ( 'NONE', *, *, #3990, .T. ) ;
#7380 = ORIENTED_EDGE ( 'NONE', *, *, #1197, .T. ) ;
#7381 = VECTOR ( 'NONE', #8397, 1000.000000000000000 ) ;
#7382 = CARTESIAN_POINT ( 'NONE',  ( 1.000000000000000000, 1.500000000000000000, 18.50000000000000000 ) ) ;
#7383 = PLANE ( 'NONE',  #3355 ) ;
#7384 = LINE ( 'NONE', #665, #4625 ) ;
#7385 = VERTEX_POINT ( 'NONE', #7944 ) ;
#7386 = DIRECTION ( 'NONE',  ( 0.000000000000000000, 0.000000000000000000, -1.000000000000000000 ) ) ;
#7387 = EDGE_CURVE ( 'NONE', #4821, #7473, #7409, .T. ) ;
#7388 = CARTESIAN_POINT ( 'NONE',  ( -2.550000000000000266, 3.250000000000000000, 19.00000000000000000 ) ) ;
#7389 = ORIENTED_EDGE ( 'NONE', *, *, #6642, .T. ) ;
#7390 = B_SPLINE_CURVE_WITH_KNOTS ( 'NONE', 3,
 ( #3222, #5826, #6504, #2364 ),
 .UNSPECIFIED., .F., .F.,
 ( 4, 4 ),
 ( 0.000000000000000000, 1.000000000000000000 ),
 .UNSPECIFIED. ) ;
#7391 = CARTESIAN_POINT ( 'NONE',  ( -1.970794474613136282, 3.121910501987325670, 0.5695108542499833781 ) ) ;
#7392 =( LENGTH_UNIT ( ) NAMED_UNIT ( * ) SI_UNIT ( .MILLI., .METRE. ) );
#7393 = EDGE_CURVE ( 'NONE', #4559, #4865, #6162, .T. ) ;
#7394 = CARTESIAN_POINT ( 'NONE',  ( 0.8639835066137269148, 6.150000000000000355, 8.846206651851471037 ) ) ;
#7395 = DIRECTION ( 'NONE',  ( 0.8347092563978357749, -0.5506908908668928238, 0.000000000000000000 ) ) ;
#7396 = EDGE_LOOP ( 'NONE', ( #4820, #3172, #2509, #5657, #5960 ) ) ;
#7397 = AXIS2_PLACEMENT_3D ( 'NONE', #7058, #5565, #5521 ) ;
#7398 = VERTEX_POINT ( 'NONE', #3794 ) ;
#7399 = DIRECTION ( 'NONE',  ( 0.1016217158801569903, 0.9948231133531089121, 0.000000000000000000 ) ) ;
#7400 = CARTESIAN_POINT ( 'NONE',  ( 1.753729005821638154, 6.150000000000000355, 8.028634407099998427 ) ) ;
#7401 = CARTESIAN_POINT ( 'NONE',  ( 1.152476217557649951, 6.149950000000000472, 11.38510458271479919 ) ) ;
#7402 = DIRECTION ( 'NONE',  ( 0.000000000000000000, 0.000000000000000000, -1.000000000000000000 ) ) ;
#7403 = DIRECTION ( 'NONE',  ( -0.7071067811865594521, 0.000000000000000000, -0.7071067811865355823 ) ) ;
#7404 = CARTESIAN_POINT ( 'NONE',  ( 1.152476217557659943, 6.149899999999999700, 8.808929503808160533 ) ) ;
#7405 = DIRECTION ( 'NONE',  ( 0.000000000000000000, -1.000000000000000000, 0.000000000000000000 ) ) ;
#7406 = ORIENTED_EDGE ( 'NONE', *, *, #5189, .T. ) ;
#7407 = ADVANCED_FACE ( 'NONE', ( #8719 ), #8086, .T. ) ;
#7408 = ORIENTED_EDGE ( 'NONE', *, *, #1685, .T. ) ;
#7409 =( BOUNDED_CURVE ( )  B_SPLINE_CURVE ( 3, ( #7220, #465, #1053, #1229 ),
 .UNSPECIFIED., .F., .F. ) 
 B_SPLINE_CURVE_WITH_KNOTS ( ( 4, 4 ),
 ( 0.1017974411859907946, 0.7853981633974439491 ),
 .UNSPECIFIED. ) 
 CURVE ( )  GEOMETRIC_REPRESENTATION_ITEM ( )  RATIONAL_B_SPLINE_CURVE ( ( 1.000000000000000000, 0.9614351605251668653, 0.9614351605251668653, 1.000000000000000000 ) ) 
 REPRESENTATION_ITEM ( '' )  );
#7410 = EDGE_CURVE ( 'NONE', #2875, #8365, #2528, .T. ) ;
#7411 = CARTESIAN_POINT ( 'NONE',  ( 1.152476217557659943, 6.150000000000000355, 8.896449764431599405 ) ) ;
#7412 = EDGE_CURVE ( 'NONE', #3537, #4470, #1903, .T. ) ;
#7413 = DIRECTION ( 'NONE',  ( -0.000000000000000000, 1.000000000000000000, 0.000000000000000000 ) ) ;
#7414 = EDGE_CURVE ( 'NONE', #7703, #2742, #7357, .T. ) ;
#7415 = CARTESIAN_POINT ( 'NONE',  ( 1.029289321881345476, 3.120710678118654879, 18.52928932188134681 ) ) ;
#7416 = CARTESIAN_POINT ( 'NONE',  ( 0.8639835066137269148, 6.150000000000000355, 8.846206651851471037 ) ) ;
#7417 = CIRCLE ( 'NONE', #3808, 0.09999999999999982514 ) ;
#7418 = CARTESIAN_POINT ( 'NONE',  ( 1.969594650744465048, 3.120710678118654879, 0.5707106781186547240 ) ) ;
#7419 = ORIENTED_EDGE ( 'NONE', *, *, #8117, .T. ) ;
#7420 = CARTESIAN_POINT ( 'NONE',  ( 1.152476217557650173, 6.150000000000000355, 11.24815158229476708 ) ) ;
#7421 = CARTESIAN_POINT ( 'NONE',  ( 1.152476217557659943, 6.149899999999999700, 8.219788490167038830 ) ) ;
#7422 = AXIS2_PLACEMENT_3D ( 'NONE', #4281, #7259, #1047 ) ;
#7423 = ORIENTED_EDGE ( 'NONE', *, *, #251, .F. ) ;
#7424 = VERTEX_POINT ( 'NONE', #1189 ) ;
#7425 = FACE_BOUND ( 'NONE', #5362, .T. ) ;
#7426 = CARTESIAN_POINT ( 'NONE',  ( 1.909351313647939863, 2.752070754658749951, 6.025000000000000355 ) ) ;
#7427 = CARTESIAN_POINT ( 'NONE',  ( -1.940823017527810057, 3.060162171588010072, 0.5994823113353109356 ) ) ;
#7428 = AXIS2_PLACEMENT_3D ( 'NONE', #3873, #4547, #8659 ) ;
#7429 = VERTEX_POINT ( 'NONE', #4514 ) ;
#7430 = DIRECTION ( 'NONE',  ( -1.000000000000000000, 0.000000000000000000, 0.000000000000000000 ) ) ;
#7431 = CARTESIAN_POINT ( 'NONE',  ( 1.000000000000000000, -6.150000000000000355, 7.799999999999999822 ) ) ;
#7432 = ORIENTED_EDGE ( 'NONE', *, *, #1956, .F. ) ;
#7433 = CARTESIAN_POINT ( 'NONE',  ( 1.152476217557659943, 6.150000000000000355, 9.227892232903698755 ) ) ;
#7434 = B_SPLINE_CURVE_WITH_KNOTS ( 'NONE', 3,
 ( #8764, #2443, #1095, #5140 ),
 .UNSPECIFIED., .F., .F.,
 ( 4, 4 ),
 ( 0.000000000000000000, 1.000000000000000000 ),
 .UNSPECIFIED. ) ;
#7435 = B_SPLINE_CURVE_WITH_KNOTS ( 'NONE', 3,
 ( #8415, #6416, #3003, #5025 ),
 .UNSPECIFIED., .F., .F.,
 ( 4, 4 ),
 ( 0.000000000000000000, 1.000000000000000000 ),
 .UNSPECIFIED. ) ;
#7436 = DIRECTION ( 'NONE',  ( 1.000000000000000000, 0.000000000000000000, 0.000000000000000000 ) ) ;
#7437 = CYLINDRICAL_SURFACE ( 'NONE', #6647, 0.1000000000000001443 ) ;
#7438 = ORIENTED_EDGE ( 'NONE', *, *, #8190, .T. ) ;
#7439 = ORIENTED_EDGE ( 'NONE', *, *, #5809, .F. ) ;
#7440 = DIRECTION ( 'NONE',  ( -1.682156097916909997E-16, 1.000000000000000000, 0.000000000000000000 ) ) ;
#7441 = DIRECTION ( 'NONE',  ( 1.000000000000000000, 0.000000000000000000, 0.000000000000000000 ) ) ;
#7442 = LINE ( 'NONE', #5412, #3735 ) ;
#7443 = EDGE_CURVE ( 'NONE', #1441, #189, #1269, .T. ) ;
#7444 = AXIS2_PLACEMENT_3D ( 'NONE', #1278, #2538, #3263 ) ;
#7445 = FACE_OUTER_BOUND ( 'NONE', #3852, .T. ) ;
#7446 = FACE_OUTER_BOUND ( 'NONE', #2431, .T. ) ;
#7447 = ADVANCED_FACE ( 'NONE', ( #5903 ), #3124, .T. ) ;
#7448 = ORIENTED_EDGE ( 'NONE', *, *, #7965, .F. ) ;
#7449 = AXIS2_PLACEMENT_3D ( 'NONE', #786, #3530, #113 ) ;
#7450 = AXIS2_PLACEMENT_3D ( 'NONE', #5505, #6088, #5597 ) ;
#7451 = ORIENTED_EDGE ( 'NONE', *, *, #910, .F. ) ;
#7452 = CARTESIAN_POINT ( 'NONE',  ( -2.449999999999999734, 3.149999999999999911, 0.000000000000000000 ) ) ;
#7453 = ADVANCED_FACE ( 'NONE', ( #8674 ), #8808, .T. ) ;
#7454 = DIRECTION ( 'NONE',  ( 0.5506908908668940450, -0.8347092563978349977, 0.000000000000000000 ) ) ;
#7455 = COLOUR_RGB ( '',0.7490196078431372584, 0.7490196078431372584, 0.7490196078431372584 ) ;
#7456 = CIRCLE ( 'NONE', #8038, 0.2000000000000000944 ) ;
#7457 = CARTESIAN_POINT ( 'NONE',  ( 1.235134241479800110, 6.150000000000000355, 7.135509705776639677 ) ) ;
#7458 = APPLICATION_CONTEXT ( 'automotive_design' ) ;
#7459 = CARTESIAN_POINT ( 'NONE',  ( 1.324275247670340105, 6.150000000000000355, 7.568248772192540663 ) ) ;
#7460 =( BOUNDED_CURVE ( )  B_SPLINE_CURVE ( 3, ( #4037, #6064, #8921, #1215 ),
 .UNSPECIFIED., .F., .F. ) 
 B_SPLINE_CURVE_WITH_KNOTS ( ( 4, 4 ),
 ( 1.468998885608910676, 1.570796326794897224 ),
 .UNSPECIFIED. ) 
 CURVE ( )  GEOMETRIC_REPRESENTATION_ITEM ( )  RATIONAL_B_SPLINE_CURVE ( ( 1.000000000000000000, 0.9991366264984999912, 0.9991366264984999912, 1.000000000000000000 ) ) 
 REPRESENTATION_ITEM ( '' )  );
#7461 = ORIENTED_EDGE ( 'NONE', *, *, #1522, .T. ) ;
#7462 = FACE_OUTER_BOUND ( 'NONE', #6078, .T. ) ;
#7463 =( NAMED_UNIT ( * ) SI_UNIT ( $, .STERADIAN. ) SOLID_ANGLE_UNIT ( ) );
#7464 = CIRCLE ( 'NONE', #8909, 0.2000000000000000666 ) ;
#7465 = ORIENTED_EDGE ( 'NONE', *, *, #2848, .T. ) ;
#7466 = ORIENTED_EDGE ( 'NONE', *, *, #5916, .F. ) ;
#7467 = CARTESIAN_POINT ( 'NONE',  ( -1.940823017527810057, 3.060162171588010072, 18.50051768866470070 ) ) ;
#7468 = CARTESIAN_POINT ( 'NONE',  ( -0.6302828521505730031, 6.150000000000000355, 3.200000000000000178 ) ) ;
#7469 = AXIS2_PLACEMENT_3D ( 'NONE', #5161, #7959, #1158 ) ;
#7470 = ORIENTED_EDGE ( 'NONE', *, *, #1645, .F. ) ;
#7471 = CYLINDRICAL_SURFACE ( 'NONE', #1536, 0.1000000000000000333 ) ;
#7472 = DIRECTION ( 'NONE',  ( 1.000000000000000000, 0.000000000000000000, 0.000000000000000000 ) ) ;
#7473 = VERTEX_POINT ( 'NONE', #6040 ) ;
#7474 = CARTESIAN_POINT ( 'NONE',  ( 1.222168276942983578, 6.150000000000000355, 10.37213860327680059 ) ) ;
#7475 = ORIENTED_EDGE ( 'NONE', *, *, #3779, .F. ) ;
#7476 = B_SPLINE_CURVE_WITH_KNOTS ( 'NONE', 3,
 ( #8327, #7646, #1483, #4223 ),
 .UNSPECIFIED., .F., .F.,
 ( 4, 4 ),
 ( 0.000000000000000000, 1.000000000000000000 ),
 .UNSPECIFIED. ) ;
#7477 = LINE ( 'NONE', #6796, #4538 ) ;
#7478 = DIRECTION ( 'NONE',  ( 6.098637220230962441E-16, -0.7071067811865452413, 0.7071067811865497932 ) ) ;
#7479 = ORIENTED_EDGE ( 'NONE', *, *, #196, .T. ) ;
#7480 = VERTEX_POINT ( 'NONE', #5235 ) ;
#7481 = CARTESIAN_POINT ( 'NONE',  ( 0.3151414260752860019, 5.349999999999999645, 6.799999999999999822 ) ) ;
#7482 = DIRECTION ( 'NONE',  ( 0.000000000000000000, 0.7071067811865480168, 0.7071067811865469066 ) ) ;
#7483 = DIRECTION ( 'NONE',  ( -0.7071067811865466846, 0.000000000000000000, 0.7071067811865482389 ) ) ;
#7484 = VECTOR ( 'NONE', #98, 1000.000000000000000 ) ;
#7485 = DIRECTION ( 'NONE',  ( -1.000000000000000000, 0.000000000000000000, 0.000000000000000000 ) ) ;
#7486 = PRODUCT_DEFINITION_SHAPE ( 'NONE', 'NONE',  #8928 ) ;
#7487 = CARTESIAN_POINT ( 'NONE',  ( 1.909351313647939863, 2.752070754658749951, 12.05000000000000071 ) ) ;
#7488 = EDGE_CURVE ( 'NONE', #5915, #5557, #408, .T. ) ;
#7489 = VERTEX_POINT ( 'NONE', #1147 ) ;
#7490 = AXIS2_PLACEMENT_3D ( 'NONE', #451, #8610, #3204 ) ;
#7491 = B_SPLINE_CURVE_WITH_KNOTS ( 'NONE', 3,
 ( #3170, #2488, #5948, #7353 ),
 .UNSPECIFIED., .F., .F.,
 ( 4, 4 ),
 ( 0.000000000000000000, 1.000000000000000000 ),
 .UNSPECIFIED. ) ;
#7492 = FACE_OUTER_BOUND ( 'NONE', #3995, .T. ) ;
#7493 = DIRECTION ( 'NONE',  ( 1.000000000000000000, 0.000000000000000000, 0.000000000000000000 ) ) ;
#7494 = DIRECTION ( 'NONE',  ( 0.7034461695330939124, 0.07185740441466675898, -0.7071067811865509034 ) ) ;
#7495 = CARTESIAN_POINT ( 'NONE',  ( 1.257014306635656276, 6.150000000000000355, 9.033132640590425311 ) ) ;
#7496 = PLANE ( 'NONE',  #2933 ) ;
#7497 = AXIS2_PLACEMENT_3D ( 'NONE', #1574, #2961, #5616 ) ;
#7498 = DIRECTION ( 'NONE',  ( 1.000000000000000000, 0.000000000000000000, 0.000000000000000000 ) ) ;
#7499 = VECTOR ( 'NONE', #2792, 1000.000000000000000 ) ;
#7500 = AXIS2_PLACEMENT_3D ( 'NONE', #1021, #347, #3091 ) ;
#7501 = EDGE_LOOP ( 'NONE', ( #4535, #1495, #6370, #3132 ) ) ;
#7502 = CARTESIAN_POINT ( 'NONE',  ( 1.376139105817556718, 6.150000000000000355, 10.60471559215579873 ) ) ;
#7503 = ORIENTED_EDGE ( 'NONE', *, *, #5563, .F. ) ;
#7504 = EDGE_LOOP ( 'NONE', ( #6780, #1826, #3269, #6645 ) ) ;
#7505 = PLANE ( 'NONE',  #7650 ) ;
#7506 = ADVANCED_FACE ( 'NONE', ( #7990 ), #2537, .T. ) ;
#7507 = VECTOR ( 'NONE', #8041, 1000.000000000000000 ) ;
#7508 = CARTESIAN_POINT ( 'NONE',  ( 1.970794474613137170, 3.121910501987326114, 7.019510854249984000 ) ) ;
#7509 = CARTESIAN_POINT ( 'NONE',  ( 1.275000000000000133, 6.049999999999999822, 19.09999999999999787 ) ) ;
#7510 = ORIENTED_EDGE ( 'NONE', *, *, #8074, .F. ) ;
#7511 = CARTESIAN_POINT ( 'NONE',  ( 0.1093513136794850016, 0.1499999999999999944, 18.50000000000000000 ) ) ;
#7512 = CARTESIAN_POINT ( 'NONE',  ( 0.6302828521505730031, 6.150000000000000355, 3.200000000000000178 ) ) ;
#7513 = EDGE_CURVE ( 'NONE', #5416, #3805, #8458, .T. ) ;
#7514 = ORIENTED_EDGE ( 'NONE', *, *, #36, .T. ) ;
#7515 = ADVANCED_FACE ( 'NONE', ( #3261 ), #2752, .F. ) ;
#7516 = DIRECTION ( 'NONE',  ( 0.000000000000000000, 0.000000000000000000, 1.000000000000000000 ) ) ;
#7517 = VERTEX_POINT ( 'NONE', #5410 ) ;
#7518 = ADVANCED_FACE ( 'NONE', ( #4693 ), #1362, .T. ) ;
#7519 = EDGE_CURVE ( 'NONE', #4333, #4690, #1274, .T. ) ;
#7520 = EDGE_CURVE ( 'NONE', #7546, #5675, #5495, .T. ) ;
#7521 = FACE_OUTER_BOUND ( 'NONE', #1817, .T. ) ;
#7522 = B_SPLINE_CURVE_WITH_KNOTS ( 'NONE', 3,
 ( #727, #6209, #50, #5627 ),
 .UNSPECIFIED., .F., .F.,
 ( 4, 4 ),
 ( 0.000000000000000000, 1.000000000000000000 ),
 .UNSPECIFIED. ) ;
#7523 = CARTESIAN_POINT ( 'NONE',  ( 1.471763094276509864, 6.149899999999999700, 6.827568048027489844 ) ) ;
#7524 = ORIENTED_EDGE ( 'NONE', *, *, #480, .T. ) ;
#7525 = EDGE_LOOP ( 'NONE', ( #8002, #4077, #5812, #996 ) ) ;
#7526 = CARTESIAN_POINT ( 'NONE',  ( 0.4302828521505689952, 5.349999999999999645, 15.90000000000000036 ) ) ;
#7527 = ORIENTED_EDGE ( 'NONE', *, *, #5151, .T. ) ;
#7528 = FACE_OUTER_BOUND ( 'NONE', #2413, .T. ) ;
#7529 = CARTESIAN_POINT ( 'NONE',  ( -0.009351313679485140015, -4.575000000000000178, 0.5999999999999999778 ) ) ;
#7530 = VECTOR ( 'NONE', #7976, 1000.000000000000000 ) ;
#7531 = CARTESIAN_POINT ( 'NONE',  ( 1.467130208363006227, 6.150000000000000355, 8.079593998612820016 ) ) ;
#7532 = LINE ( 'NONE', #5373, #8374 ) ;
#7533 = ORIENTED_EDGE ( 'NONE', *, *, #1250, .T. ) ;
#7534 = CARTESIAN_POINT ( 'NONE',  ( -2.449999999999999734, 3.250000000000000000, 0.1000000000000000056 ) ) ;
#7535 = PLANE ( 'NONE',  #1545 ) ;
#7536 = CARTESIAN_POINT ( 'NONE',  ( 5.551115123125779744E-16, 0.6879400221447089514, 18.50000000000000000 ) ) ;
#7537 = AXIS2_PLACEMENT_3D ( 'NONE', #4706, #3236, #2503 ) ;
#7538 = CARTESIAN_POINT ( 'NONE',  ( -1.275000000000000133, 3.149999999999999911, 18.59999999999999787 ) ) ;
#7539 = CARTESIAN_POINT ( 'NONE',  ( 2.520710678118654346, 1.004596597366330002, 19.07071067811865461 ) ) ;
#7540 = CARTESIAN_POINT ( 'NONE',  ( 1.235134241479790118, 6.150000000000000355, 9.991263395008148862 ) ) ;
#7541 = CARTESIAN_POINT ( 'NONE',  ( -0.5717042083878793868, 5.208578643762690419, 12.30000000000000071 ) ) ;
#7542 = EDGE_LOOP ( 'NONE', ( #2381, #2490, #1106, #7638, #2886, #4735, #167, #4580, #209 ) ) ;
#7543 = VERTEX_POINT ( 'NONE', #3339 ) ;
#7544 = CARTESIAN_POINT ( 'NONE',  ( 1.784566988726939973, 6.149950000000000472, 11.60876747097469952 ) ) ;
#7545 = ORIENTED_EDGE ( 'NONE', *, *, #7133, .F. ) ;
#7546 = VERTEX_POINT ( 'NONE', #4101 ) ;
#7547 = AXIS2_PLACEMENT_3D ( 'NONE', #7285, #440, #5255 ) ;
#7548 = CARTESIAN_POINT ( 'NONE',  ( 1.804015935532159887, 6.149949103927699667, 8.540696112452989652 ) ) ;
#7549 = EDGE_CURVE ( 'NONE', #2230, #2625, #5897, .T. ) ;
#7550 = DIRECTION ( 'NONE',  ( 0.7071067811865472397, 0.000000000000000000, -0.7071067811865477948 ) ) ;
#7551 = FACE_OUTER_BOUND ( 'NONE', #481, .T. ) ;
#7552 = ORIENTED_EDGE ( 'NONE', *, *, #4132, .T. ) ;
#7553 = VECTOR ( 'NONE', #7574, 1000.000000000000000 ) ;
#7554 = DIRECTION ( 'NONE',  ( 1.000000000000000000, 0.000000000000000000, 0.000000000000000000 ) ) ;
#7555 = EDGE_CURVE ( 'NONE', #1893, #2902, #2121, .T. ) ;
#7556 = CARTESIAN_POINT ( 'NONE',  ( 1.776463260891450124, 6.150000000000000355, 6.945072101642299600 ) ) ;
#7557 = ORIENTED_EDGE ( 'NONE', *, *, #2881, .F. ) ;
#7558 = DIRECTION ( 'NONE',  ( 0.000000000000000000, 0.000000000000000000, -1.000000000000000000 ) ) ;
#7559 = ORIENTED_EDGE ( 'NONE', *, *, #2881, .T. ) ;
#7560 = DIRECTION ( 'NONE',  ( -1.000000000000000000, 0.000000000000000000, 0.000000000000000000 ) ) ;
#7561 = VECTOR ( 'NONE', #3736, 1000.000000000000000 ) ;
#7562 = CARTESIAN_POINT ( 'NONE',  ( -0.05467565683974229956, 0.1499999999999999944, 0.5999999999999999778 ) ) ;
#7563 = CARTESIAN_POINT ( 'NONE',  ( -0.001999999999997560153, -7.900000000000000355, 5.200000000000000178 ) ) ;
#7564 = EDGE_CURVE ( 'NONE', #3639, #2336, #1407, .T. ) ;
#7565 = ADVANCED_FACE ( 'NONE', ( #6800 ), #2795, .F. ) ;
#7566 = CARTESIAN_POINT ( 'NONE',  ( 1.793816430915646354, 6.150000000000000355, 10.25418347110573691 ) ) ;
#7567 = ORIENTED_EDGE ( 'NONE', *, *, #5031, .T. ) ;
#7568 = EDGE_CURVE ( 'NONE', #1389, #2230, #5539, .T. ) ;
#7569 = ORIENTED_EDGE ( 'NONE', *, *, #7052, .F. ) ;
#7570 = CARTESIAN_POINT ( 'NONE',  ( 2.449999999999999734, 3.149999999999999911, 6.949999999999999289 ) ) ;
#7571 = EDGE_LOOP ( 'NONE', ( #1957, #7694, #1774, #4301 ) ) ;
#7572 = CARTESIAN_POINT ( 'NONE',  ( 1.703529710371920025, 6.150000000000000355, 7.669545370136329865 ) ) ;
#7573 = DIRECTION ( 'NONE',  ( 0.000000000000000000, 0.000000000000000000, 1.000000000000000000 ) ) ;
#7574 = DIRECTION ( 'NONE',  ( -2.775557561562890365E-16, 0.000000000000000000, 1.000000000000000000 ) ) ;
#7575 = CYLINDRICAL_SURFACE ( 'NONE', #5628, 0.2000000000000000944 ) ;
#7576 = ORIENTED_EDGE ( 'NONE', *, *, #3898, .F. ) ;
#7577 = DIRECTION ( 'NONE',  ( 1.000000000000000000, 0.000000000000000000, -2.775557561562890168E-15 ) ) ;
#7578 = ORIENTED_EDGE ( 'NONE', *, *, #7412, .T. ) ;
#7579 = CARTESIAN_POINT ( 'NONE',  ( 0.9620386134233209763, 6.150000000000000355, 8.958038095981430970 ) ) ;
#7580 = DIRECTION ( 'NONE',  ( 0.7071067811865443531, -0.7071067811865507924, 1.118083490375675856E-15 ) ) ;
#7581 = DIRECTION ( 'NONE',  ( 1.000000000000000000, 0.000000000000000000, 0.000000000000000000 ) ) ;
#7582 = LINE ( 'NONE', #4248, #2212 ) ;
#7583 = VECTOR ( 'NONE', #7485, 1000.000000000000000 ) ;
#7584 = AXIS2_PLACEMENT_3D ( 'NONE', #7534, #7577, #1371 ) ;
#7585 = DIRECTION ( 'NONE',  ( 0.000000000000000000, -1.000000000000000000, 0.000000000000000000 ) ) ;
#7586 = ORIENTED_EDGE ( 'NONE', *, *, #5236, .F. ) ;
#7587 = ORIENTED_EDGE ( 'NONE', *, *, #8175, .F. ) ;
#7588 = CARTESIAN_POINT ( 'NONE',  ( 2.775557561562889872E-16, -1.140806805267340129, 0.2999999999999999889 ) ) ;
#7589 = VERTEX_POINT ( 'NONE', #7570 ) ;
#7590 = ORIENTED_EDGE ( 'NONE', *, *, #1137, .F. ) ;
#7591 = VECTOR ( 'NONE', #1577, 1000.000000000000000 ) ;
#7592 = AXIS2_PLACEMENT_3D ( 'NONE', #8391, #229, #5587 ) ;
#7593 = CARTESIAN_POINT ( 'NONE',  ( 1.848015790112682799, 6.149999999999999467, 7.347479735761016428 ) ) ;
#7594 = SPHERICAL_SURFACE ( 'NONE', #6947, 0.1000000000000000056 ) ;
#7595 = DIRECTION ( 'NONE',  ( 0.000000000000000000, 1.000000000000000000, 0.000000000000000000 ) ) ;
#7596 = VECTOR ( 'NONE', #5558, 1000.000000000000000 ) ;
#7597 = ORIENTED_EDGE ( 'NONE', *, *, #2453, .T. ) ;
#7598 = CARTESIAN_POINT ( 'NONE',  ( 1.785844790069867294, 6.150000000000000355, 6.967536938102242949 ) ) ;
#7599 = EDGE_CURVE ( 'NONE', #1474, #5009, #5298, .T. ) ;
#7600 = ORIENTED_EDGE ( 'NONE', *, *, #2066, .T. ) ;
#7601 = DIRECTION ( 'NONE',  ( 0.000000000000000000, 0.000000000000000000, 1.000000000000000000 ) ) ;
#7602 = ORIENTED_EDGE ( 'NONE', *, *, #8748, .F. ) ;
#7603 = PRODUCT_CONTEXT ( 'NONE', #7458, 'mechanical' ) ;
#7604 = CARTESIAN_POINT ( 'NONE',  ( 1.705410495202298815, 6.150000000000000355, 11.06336040695850009 ) ) ;
#7605 = DIRECTION ( 'NONE',  ( 1.000000000000000000, 0.000000000000000000, 0.000000000000000000 ) ) ;
#7606 = DIRECTION ( 'NONE',  ( 0.000000000000000000, -0.7998893862965785750, 0.6001474566221896012 ) ) ;
#7607 = ORIENTED_EDGE ( 'NONE', *, *, #8745, .F. ) ;
#7608 = EDGE_LOOP ( 'NONE', ( #2071, #8591, #5454, #5847 ) ) ;
#7609 = DIRECTION ( 'NONE',  ( -1.000000000000000000, -1.682156097916909997E-16, 0.000000000000000000 ) ) ;
#7610 = ORIENTED_EDGE ( 'NONE', *, *, #2188, .T. ) ;
#7611 = CARTESIAN_POINT ( 'NONE',  ( 1.444210419635800102, 6.149950000282250251, 6.950744711127149422 ) ) ;
#7612 = EDGE_CURVE ( 'NONE', #8762, #694, #7258, .T. ) ;
#7613 = CARTESIAN_POINT ( 'NONE',  ( -1.949999999999999956, 3.149999999999999911, 12.05000000000000071 ) ) ;
#7614 = B_SPLINE_CURVE_WITH_KNOTS ( 'NONE', 3,
 ( #2822, #4939, #4169, #3496 ),
 .UNSPECIFIED., .F., .F.,
 ( 4, 4 ),
 ( 0.000000000000000000, 1.000000000000000000 ),
 .UNSPECIFIED. ) ;
#7615 = DIRECTION ( 'NONE',  ( 0.000000000000000000, 1.000000000000000000, 0.000000000000000000 ) ) ;
#7616 = CARTESIAN_POINT ( 'NONE',  ( 1.824005130859726709, 6.150000000000000355, 11.60876747097469952 ) ) ;
#7617 = VERTEX_POINT ( 'NONE', #4186 ) ;
#7618 = CARTESIAN_POINT ( 'NONE',  ( -1.275000000000000133, 3.149999999999999911, 0.2000000000000000111 ) ) ;
#7619 = ORIENTED_EDGE ( 'NONE', *, *, #5037, .T. ) ;
#7620 = EDGE_CURVE ( 'NONE', #8271, #6908, #3295, .T. ) ;
#7621 = DIRECTION ( 'NONE',  ( 0.000000000000000000, 0.000000000000000000, 1.000000000000000000 ) ) ;
#7622 = CARTESIAN_POINT ( 'NONE',  ( -2.442386859369360064, 3.120710678118654435, 12.07928932188134397 ) ) ;
#7623 = EDGE_CURVE ( 'NONE', #7645, #7489, #4725, .T. ) ;
#7624 = ADVANCED_FACE ( 'NONE', ( #96 ), #8210, .F. ) ;
#7625 = CARTESIAN_POINT ( 'NONE',  ( 0.8518279148604700479, 6.150000000000000355, 8.935347658042022800 ) ) ;
#7626 = ADVANCED_FACE ( 'NONE', ( #2707 ), #4781, .T. ) ;
#7627 = CARTESIAN_POINT ( 'NONE',  ( 0.6302828521505720039, 5.349999999999999645, 6.799999999999999822 ) ) ;
#7628 = DIRECTION ( 'NONE',  ( 1.000000000000000000, 0.000000000000000000, 0.000000000000000000 ) ) ;
#7629 = AXIS2_PLACEMENT_3D ( 'NONE', #8238, #8150, #1261 ) ;
#7630 = FACE_OUTER_BOUND ( 'NONE', #6951, .T. ) ;
#7631 = VERTEX_POINT ( 'NONE', #3513 ) ;
#7632 = ORIENTED_EDGE ( 'NONE', *, *, #4795, .T. ) ;
#7633 = PLANE ( 'NONE',  #8772 ) ;
#7634 = EDGE_CURVE ( 'NONE', #5833, #2255, #3739, .T. ) ;
#7635 = ADVANCED_FACE ( 'NONE', ( #811 ), #4234, .T. ) ;
#7636 = ORIENTED_EDGE ( 'NONE', *, *, #7599, .T. ) ;
#7637 = ORIENTED_EDGE ( 'NONE', *, *, #6295, .F. ) ;
#7638 = ORIENTED_EDGE ( 'NONE', *, *, #6580, .T. ) ;
#7639 = UNCERTAINTY_MEASURE_WITH_UNIT (LENGTH_MEASURE( 1.000000000000000082E-05 ), #7392, 'distance_accuracy_value', 'NONE');
#7640 = CARTESIAN_POINT ( 'NONE',  ( 1.531730680259239863, 6.149899974183930418, 7.475055902084240422 ) ) ;
#7641 = VECTOR ( 'NONE', #8649, 1000.000000000000000 ) ;
#7642 = FACE_OUTER_BOUND ( 'NONE', #2474, .T. ) ;
#7643 = VECTOR ( 'NONE', #6694, 1000.000000000000000 ) ;
#7644 = LINE ( 'NONE', #1481, #2472 ) ;
#7645 = VERTEX_POINT ( 'NONE', #7748 ) ;
#7646 = CARTESIAN_POINT ( 'NONE',  ( 0.9490203790403602957, 6.150000000000000355, 9.227892232903698755 ) ) ;
#7647 = ORIENTED_EDGE ( 'NONE', *, *, #1583, .F. ) ;
#7648 = CARTESIAN_POINT ( 'NONE',  ( -1.958813351205970443, 2.948058946182826823, 7.020710678118654791 ) ) ;
#7649 = ORIENTED_EDGE ( 'NONE', *, *, #7052, .T. ) ;
#7650 = AXIS2_PLACEMENT_3D ( 'NONE', #6959, #1973, #5475 ) ;
#7651 = CARTESIAN_POINT ( 'NONE',  ( 1.747257790004657085, 6.150000000000001243, 11.05387507920663381 ) ) ;
#7652 = EDGE_CURVE ( 'NONE', #3100, #5883, #1128, .T. ) ;
#7653 = CARTESIAN_POINT ( 'NONE',  ( 2.550000000000000266, 6.150000000000000355, 0.000000000000000000 ) ) ;
#7654 = DIRECTION ( 'NONE',  ( 0.000000000000000000, 0.000000000000000000, 1.000000000000000000 ) ) ;
#7655 = EDGE_LOOP ( 'NONE', ( #5754, #7199, #5288, #3579, #3280 ) ) ;
#7656 = ORIENTED_EDGE ( 'NONE', *, *, #5844, .F. ) ;
#7657 = CARTESIAN_POINT ( 'NONE',  ( -2.029157968159279957, 2.940873205741360241, 6.949999999999999289 ) ) ;
#7658 = VERTEX_POINT ( 'NONE', #6492 ) ;
#7659 = CARTESIAN_POINT ( 'NONE',  ( 1.293481081895430096, 6.150000000000000355, 6.993694468655320406 ) ) ;
#7660 = CIRCLE ( 'NONE', #41, 0.1999999999999996503 ) ;
#7661 = EDGE_CURVE ( 'NONE', #3196, #662, #2207, .T. ) ;
#7662 = CARTESIAN_POINT ( 'NONE',  ( 1.888181648557440750, 6.150000000000000355, 8.024760532837015958 ) ) ;
#7663 = DIRECTION ( 'NONE',  ( 6.570407392573509247E-17, -1.000000000000000000, 6.570407392573499386E-17 ) ) ;
#7664 = DIRECTION ( 'NONE',  ( 1.682156097916909997E-16, -1.000000000000000000, 0.000000000000000000 ) ) ;
#7665 = ORIENTED_EDGE ( 'NONE', *, *, #2067, .T. ) ;
#7666 = ADVANCED_FACE ( 'NONE', ( #2888 ), #4325, .F. ) ;
#7667 = CARTESIAN_POINT ( 'NONE',  ( 1.376566519883170248, 6.150000000000000355, 9.808645825747642988 ) ) ;
#7668 = ORIENTED_EDGE ( 'NONE', *, *, #7387, .T. ) ;
#7669 = CARTESIAN_POINT ( 'NONE',  ( -1.275000000000000133, 3.050000000000000266, 18.59999999999999787 ) ) ;
#7670 = CARTESIAN_POINT ( 'NONE',  ( -2.447668695758903556, 3.101706398339743043, 7.039714957897565739 ) ) ;
#7671 = FACE_OUTER_BOUND ( 'NONE', #4830, .T. ) ;
#7672 = LINE ( 'NONE', #5510, #1793 ) ;
#7673 = VECTOR ( 'NONE', #6432, 1000.000000000000000 ) ;
#7674 = CARTESIAN_POINT ( 'NONE',  ( 0.4302828521505689952, 5.349999999999999645, 15.90000000000000036 ) ) ;
#7675 = EDGE_CURVE ( 'NONE', #2705, #2793, #5871, .T. ) ;
#7676 = ADVANCED_FACE ( 'NONE', ( #5676 ), #6441, .F. ) ;
#7677 = DIRECTION ( 'NONE',  ( 0.000000000000000000, 1.000000000000000000, 0.000000000000000000 ) ) ;
#7678 = ORIENTED_EDGE ( 'NONE', *, *, #3876, .F. ) ;
#7679 = EDGE_CURVE ( 'NONE', #267, #8883, #3148, .T. ) ;
#7680 = VERTEX_POINT ( 'NONE', #4409 ) ;
#7681 = CARTESIAN_POINT ( 'NONE',  ( 1.257014306635656276, 6.150000000000000355, 10.52718992919613328 ) ) ;
#7682 = ADVANCED_FACE ( 'NONE', ( #903 ), #7166, .F. ) ;
#7683 = VECTOR ( 'NONE', #2947, 1000.000000000000000 ) ;
#7684 = VERTEX_POINT ( 'NONE', #8527 ) ;
#7685 = VERTEX_POINT ( 'NONE', #2932 ) ;
#7686 = VERTEX_POINT ( 'NONE', #6347 ) ;
#7687 = CARTESIAN_POINT ( 'NONE',  ( 1.923951107497618995, 6.150000000000000355, 8.586944875245581699 ) ) ;
#7688 = FACE_OUTER_BOUND ( 'NONE', #5211, .T. ) ;
#7689 = CARTESIAN_POINT ( 'NONE',  ( 1.275000000000000133, 6.150000000000000355, 19.00000000000000000 ) ) ;
#7690 = ORIENTED_EDGE ( 'NONE', *, *, #7298, .F. ) ;
#7691 = DIRECTION ( 'NONE',  ( 0.000000000000000000, 1.000000000000000000, 0.000000000000000000 ) ) ;
#7692 = DIRECTION ( 'NONE',  ( 0.7071067811865446862, -0.7071067811865503483, -5.082197683525802034E-16 ) ) ;
#7693 = AXIS2_PLACEMENT_3D ( 'NONE', #2358, #1769, #953 ) ;
#7694 = ORIENTED_EDGE ( 'NONE', *, *, #4565, .F. ) ;
#7695 = SHAPE_REPRESENTATION ( 'Littelfuse Inc 0287002.PXCN 2^Littelfuse_Inc_-_0287040.PXCN(2)_Littelfuse_Inc_-_0287040.PXCN', ( #7203 ), #150 ) ;
#7696 = VERTEX_POINT ( 'NONE', #997 ) ;
#7697 = CARTESIAN_POINT ( 'NONE',  ( 1.027678808890889917, 6.149950000000000472, 11.37619048209569961 ) ) ;
#7698 = AXIS2_PLACEMENT_3D ( 'NONE', #8887, #3509, #5448 ) ;
#7699 = CYLINDRICAL_SURFACE ( 'NONE', #7860, 0.1000000000000000472 ) ;
#7700 = CARTESIAN_POINT ( 'NONE',  ( 1.574665054369552397, 6.150000000000000355, 7.540696097551820465 ) ) ;
#7701 = ORIENTED_EDGE ( 'NONE', *, *, #5424, .F. ) ;
#7702 = CARTESIAN_POINT ( 'NONE',  ( -1.899189142059919844, 2.652588443323439904, 6.025000000000000355 ) ) ;
#7703 = VERTEX_POINT ( 'NONE', #5723 ) ;
#7704 = CARTESIAN_POINT ( 'NONE',  ( 1.809688545017010153, 6.149950000282250251, 9.954796619748389475 ) ) ;
#7705 = VECTOR ( 'NONE', #8430, 1000.000000000000000 ) ;
#7706 = FACE_OUTER_BOUND ( 'NONE', #6415, .T. ) ;
#7707 = ADVANCED_FACE ( 'NONE', ( #3604 ), #4953, .F. ) ;
#7708 = LINE ( 'NONE', #7754, #2904 ) ;
#7709 = LINE ( 'NONE', #4878, #1230 ) ;
#7710 = VERTEX_POINT ( 'NONE', #6393 ) ;
#7711 = CARTESIAN_POINT ( 'NONE',  ( 0.4302828521505699944, 5.349999999999999645, 13.10000000000000142 ) ) ;
#7713 = ORIENTED_EDGE ( 'NONE', *, *, #8498, .F. ) ;
#7712 = EDGE_CURVE ( 'NONE', #4888, #2009, #2165, .T. ) ;
#7714 = CARTESIAN_POINT ( 'NONE',  ( 1.073123889793530905, 3.150000000000000355, 0.2268761102064690005 ) ) ;
#7715 = DIRECTION ( 'NONE',  ( -0.000000000000000000, 1.000000000000000000, 0.000000000000000000 ) ) ;
#7716 = DIRECTION ( 'NONE',  ( -1.387778780781445922E-16, -1.387778780781443703E-16, 1.000000000000000000 ) ) ;
#7717 = CARTESIAN_POINT ( 'NONE',  ( -1.029289321881345254, 3.120710678118654879, 0.2707106781186547351 ) ) ;
#7718 = CARTESIAN_POINT ( 'NONE',  ( 1.902881415125299958, 6.150000000000000355, 11.51152273694870054 ) ) ;
#7719 = DIRECTION ( 'NONE',  ( 0.000000000000000000, -1.000000000000000000, 0.000000000000000000 ) ) ;
#7720 = ORIENTED_EDGE ( 'NONE', *, *, #4758, .F. ) ;
#7721 = EDGE_CURVE ( 'NONE', #1654, #6890, #6142, .T. ) ;
#7722 = CIRCLE ( 'NONE', #6278, 0.1999999999999996503 ) ;
#7723 = ORIENTED_EDGE ( 'NONE', *, *, #2893, .T. ) ;
#7724 = EDGE_LOOP ( 'NONE', ( #1132, #162, #8332, #287 ) ) ;
#7725 = ORIENTED_EDGE ( 'NONE', *, *, #6389, .T. ) ;
#7726 = ORIENTED_EDGE ( 'NONE', *, *, #6228, .F. ) ;
#7727 = CARTESIAN_POINT ( 'NONE',  ( 1.630619128452521105, 6.150000000000000355, 7.475055902084240422 ) ) ;
#7728 = AXIS2_PLACEMENT_3D ( 'NONE', #4661, #5331, #6767 ) ;
#7729 = DIRECTION ( 'NONE',  ( 0.000000000000000000, -1.000000000000000000, 0.000000000000000000 ) ) ;
#7730 = DIRECTION ( 'NONE',  ( 0.000000000000000000, 0.000000000000000000, -1.000000000000000000 ) ) ;
#7731 = VERTEX_POINT ( 'NONE', #2304 ) ;
#7732 = CARTESIAN_POINT ( 'NONE',  ( -0.3250000000000000111, 3.250000000000000000, 4.700000000000000178 ) ) ;
#7733 = CARTESIAN_POINT ( 'NONE',  ( 1.187322247250326646, 6.150000000000000355, 9.312981375176489607 ) ) ;
#7734 = AXIS2_PLACEMENT_3D ( 'NONE', #318, #7932, #5223 ) ;
#7735 = CIRCLE ( 'NONE', #8173, 0.2000000000000000666 ) ;
#7736 = ORIENTED_EDGE ( 'NONE', *, *, #3487, .F. ) ;
#7737 = CARTESIAN_POINT ( 'NONE',  ( 1.672735544596990032, 6.150000000000000355, 10.73113374638960238 ) ) ;
#7738 = ORIENTED_EDGE ( 'NONE', *, *, #5367, .F. ) ;
#7739 = FACE_OUTER_BOUND ( 'NONE', #6004, .T. ) ;
#7740 = CONTEXT_DEPENDENT_SHAPE_REPRESENTATION ( #2514, #7486 ) ;
#7741 = CARTESIAN_POINT ( 'NONE',  ( -1.973283754570961834, 3.124216632767869317, 0.5670215742921581592 ) ) ;
#7742 = VECTOR ( 'NONE', #489, 1000.000000000000000 ) ;
#7743 = VECTOR ( 'NONE', #266, 1000.000000000000000 ) ;
#7744 = LINE ( 'NONE', #7030, #6562 ) ;
#7745 =( BOUNDED_CURVE ( )  B_SPLINE_CURVE ( 3, ( #2743, #6112, #6203, #1354 ),
 .UNSPECIFIED., .F., .F. ) 
 B_SPLINE_CURVE_WITH_KNOTS ( ( 4, 4 ),
 ( 2.356194490192346613, 3.039795212403808122 ),
 .UNSPECIFIED. ) 
 CURVE ( )  GEOMETRIC_REPRESENTATION_ITEM ( )  RATIONAL_B_SPLINE_CURVE ( ( 1.000000000000000000, 0.9614351605251658661, 0.9614351605251658661, 1.000000000000000000 ) ) 
 REPRESENTATION_ITEM ( '' )  );
#7746 = CARTESIAN_POINT ( 'NONE',  ( -1.935512576883387403, 2.719956629130206416, 11.29999999999999893 ) ) ;
#7747 = VERTEX_POINT ( 'NONE', #8340 ) ;
#7748 = CARTESIAN_POINT ( 'NONE',  ( -1.969960711909809481, 3.057185740441467292, 7.020710678118654791 ) ) ;
#7749 = AXIS2_PLACEMENT_3D ( 'NONE', #3576, #4382, #7765 ) ;
#7750 = EDGE_CURVE ( 'NONE', #7863, #2487, #7796, .T. ) ;
#7751 = CARTESIAN_POINT ( 'NONE',  ( 1.437727437367393613, 6.150000000000000355, 8.682511349574300041 ) ) ;
#7752 = CARTESIAN_POINT ( 'NONE',  ( 0.9028814002241329906, 6.150000000000000355, 12.18818401121320072 ) ) ;
#7753 = EDGE_CURVE ( 'NONE', #8146, #7703, #1494, .T. ) ;
#7754 = CARTESIAN_POINT ( 'NONE',  ( 0.4302828521505719928, 6.150000000000000355, 7.000000000000000000 ) ) ;
#7755 = DIRECTION ( 'NONE',  ( 0.000000000000000000, 0.000000000000000000, 1.000000000000000000 ) ) ;
#7756 = ORIENTED_EDGE ( 'NONE', *, *, #7250, .F. ) ;
#7757 = CARTESIAN_POINT ( 'NONE',  ( -2.449999999999999734, 3.250000000000000000, 0.1000000000000000056 ) ) ;
#7758 = EDGE_CURVE ( 'NONE', #3804, #3070, #7456, .T. ) ;
#7759 = ORIENTED_EDGE ( 'NONE', *, *, #2218, .T. ) ;
#7760 = DIRECTION ( 'NONE',  ( 1.000000000000000000, 0.000000000000000000, 0.000000000000000000 ) ) ;
#7761 = LINE ( 'NONE', #4335, #7903 ) ;
#7762 = DIRECTION ( 'NONE',  ( -0.7071067811865461294, 0.7071067811865489050, 2.879912020664619181E-15 ) ) ;
#7763 = LINE ( 'NONE', #3620, #7683 ) ;
#7764 = LINE ( 'NONE', #2411, #6728 ) ;
#7765 = DIRECTION ( 'NONE',  ( 0.7071067811865474617, 0.7071067811865474617, 0.000000000000000000 ) ) ;
#7766 = VERTEX_POINT ( 'NONE', #457 ) ;
#7767 = ORIENTED_EDGE ( 'NONE', *, *, #1578, .T. ) ;
#7768 = ORIENTED_EDGE ( 'NONE', *, *, #2848, .F. ) ;
#7769 = ORIENTED_EDGE ( 'NONE', *, *, #6237, .T. ) ;
#7770 = ORIENTED_EDGE ( 'NONE', *, *, #312, .F. ) ;
#7771 = DIRECTION ( 'NONE',  ( 1.000000000000000000, 0.000000000000000000, 0.000000000000000000 ) ) ;
#7772 = CARTESIAN_POINT ( 'NONE',  ( 0.4302828521505689952, 5.208578643762690419, 16.04142135623731136 ) ) ;
#7773 = COLOUR_RGB ( '',0.7490196078431372584, 0.7490196078431372584, 0.7490196078431372584 ) ;
#7774 = FACE_OUTER_BOUND ( 'NONE', #7365, .T. ) ;
#7775 = B_SPLINE_CURVE_WITH_KNOTS ( 'NONE', 3,
 ( #7039, #6057, #8826, #188 ),
 .UNSPECIFIED., .F., .F.,
 ( 4, 4 ),
 ( 0.000000000000000000, 1.000000000000000000 ),
 .UNSPECIFIED. ) ;
#7776 = ORIENTED_EDGE ( 'NONE', *, *, #1956, .T. ) ;
#7777 = DIRECTION ( 'NONE',  ( 0.000000000000000000, 0.000000000000000000, -1.000000000000000000 ) ) ;
#7778 = CARTESIAN_POINT ( 'NONE',  ( -1.010285042102433861, 3.101706398339743487, 0.5897149578975662276 ) ) ;
#7779 = ORIENTED_EDGE ( 'NONE', *, *, #4795, .F. ) ;
#7780 = AXIS2_PLACEMENT_3D ( 'NONE', #6597, #3890, #7403 ) ;
#7781 = EDGE_CURVE ( 'NONE', #5573, #1621, #7890, .T. ) ;
#7782 = CARTESIAN_POINT ( 'NONE',  ( 1.152476217557654170, 6.150000000000000355, 10.90995600729306503 ) ) ;
#7783 = ORIENTED_EDGE ( 'NONE', *, *, #4764, .T. ) ;
#7784 = DIRECTION ( 'NONE',  ( 0.000000000000000000, 0.000000000000000000, -1.000000000000000000 ) ) ;
#7785 = ORIENTED_EDGE ( 'NONE', *, *, #170, .F. ) ;
#7786 = DIRECTION ( 'NONE',  ( 0.000000000000000000, -0.3826834323650923908, -0.9238795325112856283 ) ) ;
#7787 = LINE ( 'NONE', #8479, #8287 ) ;
#7788 = EDGE_CURVE ( 'NONE', #648, #7887, #2097, .T. ) ;
#7789 = PLANE ( 'NONE',  #121 ) ;
#7790 = ADVANCED_FACE ( 'NONE', ( #4461 ), #3786, .F. ) ;
#7791 = ORIENTED_EDGE ( 'NONE', *, *, #469, .F. ) ;
#7792 = VECTOR ( 'NONE', #7233, 1000.000000000000000 ) ;
#7793 = EDGE_CURVE ( 'NONE', #6475, #4241, #2573, .T. ) ;
#7794 = EDGE_CURVE ( 'NONE', #4269, #648, #7373, .T. ) ;
#7795 = EDGE_CURVE ( 'NONE', #5748, #3523, #8686, .T. ) ;
#7796 = LINE ( 'NONE', #7702, #835 ) ;
#7797 = CYLINDRICAL_SURFACE ( 'NONE', #6325, 0.1000000000000000749 ) ;
#7798 = B_SPLINE_CURVE_WITH_KNOTS ( 'NONE', 3,
 ( #8400, #8581, #5823, #2219 ),
 .UNSPECIFIED., .F., .F.,
 ( 4, 4 ),
 ( 0.000000000000000000, 1.000000000000000000 ),
 .UNSPECIFIED. ) ;
#7799 = AXIS2_PLACEMENT_3D ( 'NONE', #6131, #5648, #4247 ) ;
#7800 = LINE ( 'NONE', #3788, #1519 ) ;
#7801 = FACE_OUTER_BOUND ( 'NONE', #4305, .T. ) ;
#7802 = LINE ( 'NONE', #1596, #2659 ) ;
#7803 = ORIENTED_EDGE ( 'NONE', *, *, #2827, .T. ) ;
#7804 = DIRECTION ( 'NONE',  ( 0.9948231133531089121, -0.1016217158801569903, 0.000000000000000000 ) ) ;
#7805 = ORIENTED_EDGE ( 'NONE', *, *, #3254, .T. ) ;
#7806 = LINE ( 'NONE', #8444, #3134 ) ;
#7807 = DIRECTION ( 'NONE',  ( 0.000000000000000000, -0.3826834323650923908, 0.9238795325112856283 ) ) ;
#7808 = CARTESIAN_POINT ( 'NONE',  ( 1.000000000000000000, 1.500000000000000000, 18.50000000000000000 ) ) ;
#7809 = CARTESIAN_POINT ( 'NONE',  ( 1.324275247670340105, 6.150000000000000355, 7.574731754460939825 ) ) ;
#7810 = LINE ( 'NONE', #1647, #6001 ) ;
#7811 = B_SPLINE_CURVE_WITH_KNOTS ( 'NONE', 3,
 ( #6837, #6116, #633, #5626 ),
 .UNSPECIFIED., .F., .F.,
 ( 4, 4 ),
 ( 0.000000000000000000, 1.000000000000000000 ),
 .UNSPECIFIED. ) ;
#7812 = DIRECTION ( 'NONE',  ( 0.000000000000000000, 1.000000000000000000, 0.000000000000000000 ) ) ;
#7813 = ORIENTED_EDGE ( 'NONE', *, *, #4438, .F. ) ;
#7814 = ORIENTED_EDGE ( 'NONE', *, *, #6965, .F. ) ;
#7815 = ORIENTED_EDGE ( 'NONE', *, *, #3044, .T. ) ;
#7816 = EDGE_LOOP ( 'NONE', ( #2497, #5187, #2052, #7475, #2516, #7432, #3169, #4574, #4437, #2416, #817, #7576, #3396 ) ) ;
#7817 = ORIENTED_EDGE ( 'NONE', *, *, #2839, .F. ) ;
#7818 = CARTESIAN_POINT ( 'NONE',  ( 1.531730680259239863, 6.149899974183930418, 7.475055902084240422 ) ) ;
#7819 = DIRECTION ( 'NONE',  ( 0.5506908908668940450, 0.8347092563978349977, 0.000000000000000000 ) ) ;
#7820 = CARTESIAN_POINT ( 'NONE',  ( 2.443587720086833226, 3.061755794392107877, 12.05000000000000249 ) ) ;
#7821 = EDGE_LOOP ( 'NONE', ( #5878, #1094, #8881, #5963, #3980, #2074 ) ) ;
#7822 = AXIS2_PLACEMENT_3D ( 'NONE', #4544, #5125, #7113 ) ;
#7823 = CARTESIAN_POINT ( 'NONE',  ( -1.940823017527810057, 3.060162171588010072, 0.5994823113353109356 ) ) ;
#7824 = CARTESIAN_POINT ( 'NONE',  ( 1.534161798609876781, 6.150000000000000355, 11.19142548744630083 ) ) ;
#7825 = VERTEX_POINT ( 'NONE', #6625 ) ;
#7826 = AXIS2_PLACEMENT_3D ( 'NONE', #849, #360, #7020 ) ;
#7827 = LINE ( 'NONE', #2923, #7743 ) ;
#7828 = ORIENTED_EDGE ( 'NONE', *, *, #6077, .F. ) ;
#7829 = EDGE_CURVE ( 'NONE', #1942, #6369, #4597, .T. ) ;
#7830 = DIRECTION ( 'NONE',  ( 0.6702157429215804818, 0.7421663276786907293, 0.000000000000000000 ) ) ;
#7831 = APPLICATION_PROTOCOL_DEFINITION ( 'draft international standard', 'automotive_design', 1998, #6658 ) ;
#7832 = DIRECTION ( 'NONE',  ( 0.5506908908668940450, 0.8347092563978349977, 0.000000000000000000 ) ) ;
#7833 = VERTEX_POINT ( 'NONE', #5854 ) ;
#7834 = CARTESIAN_POINT ( 'NONE',  ( -1.100000000000000089, 3.149999999999999911, 18.59999999999999787 ) ) ;
#7835 = EDGE_CURVE ( 'NONE', #3523, #7731, #4550, .T. ) ;
#7836 = CARTESIAN_POINT ( 'NONE',  ( 0.4302828521505729920, 5.208578643762690419, 3.058578643762690508 ) ) ;
#7837 = LINE ( 'NONE', #1761, #8898 ) ;
#7838 = ORIENTED_EDGE ( 'NONE', *, *, #2305, .T. ) ;
#7839 = EDGE_CURVE ( 'NONE', #2705, #3952, #8618, .T. ) ;
#7840 = CARTESIAN_POINT ( 'NONE',  ( 1.939784946236559948, 3.050000000000000266, 18.50000000000000000 ) ) ;
#7841 = DIRECTION ( 'NONE',  ( -0.7071067811865325847, 0.000000000000000000, -0.7071067811865624497 ) ) ;
#7842 = VECTOR ( 'NONE', #519, 1000.000000000000000 ) ;
#7843 = EDGE_CURVE ( 'NONE', #6912, #8095, #3961, .T. ) ;
#7844 = B_SPLINE_CURVE_WITH_KNOTS ( 'NONE', 3,
 ( #6076, #8844, #1941, #1225 ),
 .UNSPECIFIED., .F., .F.,
 ( 4, 4 ),
 ( 0.000000000000000000, 1.000000000000000000 ),
 .UNSPECIFIED. ) ;
#7845 = EDGE_CURVE ( 'NONE', #3767, #6881, #3209, .T. ) ;
#7846 = EDGE_CURVE ( 'NONE', #7067, #5485, #5726, .T. ) ;
#7847 = CARTESIAN_POINT ( 'NONE',  ( -2.449999999999999734, 3.250000000000000000, 19.00000000000000000 ) ) ;
#7848 = DIRECTION ( 'NONE',  ( 1.000000000000000000, 0.000000000000000000, 0.000000000000000000 ) ) ;
#7849 = CARTESIAN_POINT ( 'NONE',  ( 1.134648016319549813, 6.149948524861880372, 7.800015388287939722 ) ) ;
#7850 = VECTOR ( 'NONE', #3651, 1000.000000000000000 ) ;
#7851 = VECTOR ( 'NONE', #8769, 1000.000000000000114 ) ;
#7852 = VERTEX_POINT ( 'NONE', #372 ) ;
#7853 = CARTESIAN_POINT ( 'NONE',  ( 1.534161798609876781, 6.150000000000000355, 10.73113374638960238 ) ) ;
#7854 = CARTESIAN_POINT ( 'NONE',  ( 0.3250000000000000111, 7.900000000000000355, 0.000000000000000000 ) ) ;
#7855 = VERTEX_POINT ( 'NONE', #3112 ) ;
#7856 = CARTESIAN_POINT ( 'NONE',  ( -1.275000000000000133, 3.149999999999999911, 19.00000000000000000 ) ) ;
#7857 = CARTESIAN_POINT ( 'NONE',  ( 2.449999999999999734, 6.049999999999999822, 0.1000000000000000056 ) ) ;
#7858 = FILL_AREA_STYLE ('',( #2409 ) ) ;
#7859 = FACE_OUTER_BOUND ( 'NONE', #957, .T. ) ;
#7860 = AXIS2_PLACEMENT_3D ( 'NONE', #2392, #2348, #4316 ) ;
#7861 = CARTESIAN_POINT ( 'NONE',  ( 1.902881415125309950, 6.149899999999999700, 8.219788490167038830 ) ) ;
#7862 = PLANE ( 'NONE',  #6495 ) ;
#7863 = VERTEX_POINT ( 'NONE', #5179 ) ;
#7864 = ORIENTED_EDGE ( 'NONE', *, *, #8842, .F. ) ;
#7865 = ORIENTED_EDGE ( 'NONE', *, *, #8571, .F. ) ;
#7866 = VERTEX_POINT ( 'NONE', #1177 ) ;
#7867 = CARTESIAN_POINT ( 'NONE',  ( 2.497450859452490235, 3.161974492271760084, 6.950384898931989852 ) ) ;
#7868 = APPLICATION_CONTEXT ( 'automotive_design' ) ;
#7869 = CARTESIAN_POINT ( 'NONE',  ( 1.341235692678405478, 6.150000000000001243, 10.17526882191775073 ) ) ;
#7870 = DIRECTION ( 'NONE',  ( 0.000000000000000000, 1.000000000000000000, 0.000000000000000000 ) ) ;
#7871 = VERTEX_POINT ( 'NONE', #5985 ) ;
#7872 = DIRECTION ( 'NONE',  ( 0.000000000000000000, 1.000000000000000000, 0.000000000000000000 ) ) ;
#7873 = DIRECTION ( 'NONE',  ( -1.000000000000000000, 0.000000000000000000, 0.000000000000000000 ) ) ;
#7874 = ORIENTED_EDGE ( 'NONE', *, *, #5379, .F. ) ;
#7875 = DIRECTION ( 'NONE',  ( -1.000000000000000000, 0.000000000000000000, 0.000000000000000000 ) ) ;
#7876 = VERTEX_POINT ( 'NONE', #3920 ) ;
#7877 = AXIS2_PLACEMENT_3D ( 'NONE', #4498, #4024, #3151 ) ;
#7878 = CYLINDRICAL_SURFACE ( 'NONE', #4915, 0.09999999999999985290 ) ;
#7879 = DIRECTION ( 'NONE',  ( -0.7071067811865466846, 0.000000000000000000, 0.7071067811865482389 ) ) ;
#7880 = ORIENTED_EDGE ( 'NONE', *, *, #5499, .T. ) ;
#7881 = LINE ( 'NONE', #2346, #5772 ) ;
#7882 = CIRCLE ( 'NONE', #2694, 0.1000000000000001443 ) ;
#7883 = EDGE_CURVE ( 'NONE', #8593, #4891, #5318, .T. ) ;
#7884 = VECTOR ( 'NONE', #4023, 1000.000000000000000 ) ;
#7885 = CARTESIAN_POINT ( 'NONE',  ( -2.449999999999999734, 2.504596597366330002, 19.09999999999999787 ) ) ;
#7886 = LINE ( 'NONE', #3069, #7028 ) ;
#7887 = VERTEX_POINT ( 'NONE', #1764 ) ;
#7888 = CARTESIAN_POINT ( 'NONE',  ( -1.973283754570961834, 3.124216632767869317, 0.5670215742921581592 ) ) ;
#7889 =( LENGTH_UNIT ( ) NAMED_UNIT ( * ) SI_UNIT ( .MILLI., .METRE. ) );
#7890 = CIRCLE ( 'NONE', #264, 0.2000000000000000389 ) ;
#7891 = LINE ( 'NONE', #6536, #1089 ) ;
#7892 = CARTESIAN_POINT ( 'NONE',  ( 1.804015935532159887, 6.149949103927699667, 8.540696112452989652 ) ) ;
#7893 = DIRECTION ( 'NONE',  ( 0.000000000000000000, -1.000000000000000000, 0.000000000000000000 ) ) ;
#7894 = AXIS2_PLACEMENT_3D ( 'NONE', #4653, #8807, #2627 ) ;
#7895 = EDGE_LOOP ( 'NONE', ( #7276, #6615, #3413, #6312, #6991 ) ) ;
#7896 = CARTESIAN_POINT ( 'NONE',  ( 0.4302828521505719928, 6.150000000000000355, 6.799999999999999822 ) ) ;
#7897 = DIRECTION ( 'NONE',  ( 0.000000000000000000, -1.000000000000000000, 0.000000000000000000 ) ) ;
#7898 = ORIENTED_EDGE ( 'NONE', *, *, #2893, .F. ) ;
#7899 = CARTESIAN_POINT ( 'NONE',  ( 1.152476217557649951, 6.150000000000000355, 10.73113374638960238 ) ) ;
#7900 = LINE ( 'NONE', #5283, #6889 ) ;
#7901 = EDGE_CURVE ( 'NONE', #7988, #3761, #2274, .T. ) ;
#7902 = CARTESIAN_POINT ( 'NONE',  ( 1.902881415125309061, 6.150000000000000355, 9.468572949618160095 ) ) ;
#7903 = VECTOR ( 'NONE', #2318, 1000.000000000000000 ) ;
#7904 = DIRECTION ( 'NONE',  ( -0.7071067811865466846, 0.000000000000000000, 0.7071067811865483499 ) ) ;
#7905 = CARTESIAN_POINT ( 'NONE',  ( 1.809688545017009931, 6.150000000000000355, 10.02188528854094152 ) ) ;
#7906 = ORIENTED_EDGE ( 'NONE', *, *, #7781, .T. ) ;
#7907 = EDGE_CURVE ( 'NONE', #5762, #4585, #6009, .T. ) ;
#7908 = VERTEX_POINT ( 'NONE', #4135 ) ;
#7909 = EDGE_CURVE ( 'NONE', #5434, #867, #2390, .T. ) ;
#7910 = EDGE_CURVE ( 'NONE', #2793, #6100, #5484, .T. ) ;
#7911 = ADVANCED_FACE ( 'NONE', ( #8244 ), #6878, .F. ) ;
#7912 = VERTEX_POINT ( 'NONE', #8882 ) ;
#7913 = EDGE_LOOP ( 'NONE', ( #4395, #7255, #1623, #1493 ) ) ;
#7914 = EDGE_CURVE ( 'NONE', #5744, #3581, #5356, .T. ) ;
#7915 = AXIS2_PLACEMENT_3D ( 'NONE', #2408, #6454, #289 ) ;
#7916 = FACE_BOUND ( 'NONE', #7895, .T. ) ;
#7917 = CARTESIAN_POINT ( 'NONE',  ( 1.444210419635790110, 6.149899536118099697, 10.20277069151480021 ) ) ;
#7918 = CARTESIAN_POINT ( 'NONE',  ( 1.152476217557659943, 6.150000000000000355, 9.312981375176489607 ) ) ;
#7919 = VERTEX_POINT ( 'NONE', #7433 ) ;
#7920 = EDGE_CURVE ( 'NONE', #1030, #2299, #721, .T. ) ;
#7921 = DIRECTION ( 'NONE',  ( 1.000000000000000000, 2.775557561562890168E-15, 0.000000000000000000 ) ) ;
#7922 = FACE_OUTER_BOUND ( 'NONE', #8594, .T. ) ;
#7923 = ORIENTED_EDGE ( 'NONE', *, *, #5650, .F. ) ;
#7924 = CARTESIAN_POINT ( 'NONE',  ( 1.973283754570961834, 3.124216632767869317, 0.000000000000000000 ) ) ;
#7925 = EDGE_LOOP ( 'NONE', ( #4134, #6783, #5354, #5178 ) ) ;
#7926 = DIRECTION ( 'NONE',  ( -1.000000000000000000, 0.000000000000000000, 0.000000000000000000 ) ) ;
#7927 = DIRECTION ( 'NONE',  ( -0.000000000000000000, 1.000000000000000000, 0.000000000000000000 ) ) ;
#7928 = ORIENTED_EDGE ( 'NONE', *, *, #5189, .F. ) ;
#7929 = CARTESIAN_POINT ( 'NONE',  ( 0.4302828521505699944, 6.150000000000000355, 12.09999999999999964 ) ) ;
#7930 = CARTESIAN_POINT ( 'NONE',  ( -1.939784946236559948, 3.050000000000000266, 0.5999999999999999778 ) ) ;
#7931 = AXIS2_PLACEMENT_3D ( 'NONE', #1537, #6291, #135 ) ;
#7932 = DIRECTION ( 'NONE',  ( -0.7071067811865480168, 1.287490079826536515E-15, -0.7071067811865471286 ) ) ;
#7933 = VERTEX_POINT ( 'NONE', #3458 ) ;
#7934 = DIRECTION ( 'NONE',  ( 0.000000000000000000, 0.000000000000000000, -1.000000000000000000 ) ) ;
#7935 = SHAPE_REPRESENTATION_RELATIONSHIP ( 'NONE' , 'NONE' ,  #7695, #5195 ) ;
#7936 = PRODUCT_DEFINITION ( 'UNKNOWN', '', #2745, #2239 ) ;
#7937 = CIRCLE ( 'NONE', #6914, 0.09999999999999982514 ) ;
#7938 = AXIS2_PLACEMENT_3D ( 'NONE', #3564, #8439, #235 ) ;
#7939 = LINE ( 'NONE', #3117, #6255 ) ;
#7940 = LINE ( 'NONE', #3215, #2332 ) ;
#7941 = DIRECTION ( 'NONE',  ( 0.000000000000000000, 0.000000000000000000, 1.000000000000000000 ) ) ;
#7942 = ORIENTED_EDGE ( 'NONE', *, *, #8504, .T. ) ;
#7943 = DIRECTION ( 'NONE',  ( 6.098637220230962441E-16, -0.7071067811865452413, 0.7071067811865497932 ) ) ;
#7944 = CARTESIAN_POINT ( 'NONE',  ( 0.1093513136794850016, 0.1499999999999999944, 0.2999999999999999889 ) ) ;
#7945 = ORIENTED_EDGE ( 'NONE', *, *, #2724, .T. ) ;
#7946 = CARTESIAN_POINT ( 'NONE',  ( -1.275000000000000133, 3.050000000000000266, 18.50000000000000000 ) ) ;
#7947 = FACE_OUTER_BOUND ( 'NONE', #7501, .T. ) ;
#7948 = AXIS2_PLACEMENT_3D ( 'NONE', #5845, #4586, #4677 ) ;
#7949 = EDGE_CURVE ( 'NONE', #3523, #6475, #7745, .T. ) ;
#7950 = DIRECTION ( 'NONE',  ( -1.040834085586085982E-16, 1.040834085586083887E-16, -1.000000000000000000 ) ) ;
#7951 = CARTESIAN_POINT ( 'NONE',  ( 1.324275247670340327, 6.150000000000000355, 7.572570760371474030 ) ) ;
#7952 = DIRECTION ( 'NONE',  ( -1.000000000000000000, 0.000000000000000000, 0.000000000000000000 ) ) ;
#7953 = CARTESIAN_POINT ( 'NONE',  ( 1.235134241479790118, 6.150000000000000355, 9.991263395008148862 ) ) ;
#7954 = ADVANCED_FACE ( 'NONE', ( #8800 ), #6757, .T. ) ;
#7955 = VERTEX_POINT ( 'NONE', #4773 ) ;
#7956 = ORIENTED_EDGE ( 'NONE', *, *, #3210, .T. ) ;
#7957 = CARTESIAN_POINT ( 'NONE',  ( 1.953160138207325147, 3.104276165581514757, 0.5871451906557945133 ) ) ;
#7958 = ORIENTED_EDGE ( 'NONE', *, *, #961, .T. ) ;
#7959 = DIRECTION ( 'NONE',  ( 1.000000000000000000, 2.775557561562890168E-15, 0.000000000000000000 ) ) ;
#7960 = CARTESIAN_POINT ( 'NONE',  ( 2.449999999999999734, 3.104252291860539970, 12.06599589993410149 ) ) ;
#7961 = AXIS2_PLACEMENT_3D ( 'NONE', #2505, #5253, #8011 ) ;
#7962 = LINE ( 'NONE', #4349, #631 ) ;
#7963 = EDGE_CURVE ( 'NONE', #6820, #683, #122, .T. ) ;
#7964 = DIRECTION ( 'NONE',  ( 0.000000000000000000, -1.000000000000000000, 0.000000000000000000 ) ) ;
#7965 = EDGE_CURVE ( 'NONE', #2625, #2362, #1313, .T. ) ;
#7966 = EDGE_CURVE ( 'NONE', #5708, #3865, #3140, .T. ) ;
#7967 = ADVANCED_FACE ( 'NONE', ( #3412 ), #44, .T. ) ;
#7968 = ORIENTED_EDGE ( 'NONE', *, *, #8461, .T. ) ;
#7969 = EDGE_CURVE ( 'NONE', #6420, #8054, #6154, .T. ) ;
#7970 = CARTESIAN_POINT ( 'NONE',  ( -0.4302828521505699944, 5.208578643762690419, 12.15857864376268971 ) ) ;
#7971 = CARTESIAN_POINT ( 'NONE',  ( 2.449999999999999734, 3.149999999999999911, 19.00000000000000000 ) ) ;
#7972 = ORIENTED_EDGE ( 'NONE', *, *, #1804, .T. ) ;
#7973 = CARTESIAN_POINT ( 'NONE',  ( 0.4302828521505719928, 5.349999999999999645, 6.799999999999999822 ) ) ;
#7974 = VERTEX_POINT ( 'NONE', #4007 ) ;
#7975 = FACE_OUTER_BOUND ( 'NONE', #7504, .T. ) ;
#7976 = DIRECTION ( 'NONE',  ( -4.205390244792259832E-16, -1.000000000000000000, 0.000000000000000000 ) ) ;
#7977 = DIRECTION ( 'NONE',  ( 1.000000000000000000, 0.000000000000000000, 0.000000000000000000 ) ) ;
#7978 = CARTESIAN_POINT ( 'NONE',  ( -1.935512576883387403, 2.719956629130206416, 7.020710678118654791 ) ) ;
#7979 = PLANE ( 'NONE',  #2424 ) ;
#7980 = VERTEX_POINT ( 'NONE', #4856 ) ;
#7981 = DIRECTION ( 'NONE',  ( -1.000000000000000000, 0.000000000000000000, 0.000000000000000000 ) ) ;
#7982 = VECTOR ( 'NONE', #3574, 1000.000000000000000 ) ;
#7983 = B_SPLINE_CURVE_WITH_KNOTS ( 'NONE', 3,
 ( #1032, #7824, #3726, #1660 ),
 .UNSPECIFIED., .F., .F.,
 ( 4, 4 ),
 ( 0.000000000000000000, 1.000000000000000000 ),
 .UNSPECIFIED. ) ;
#7984 = FILL_AREA_STYLE_COLOUR ( '', #448 ) ;
#7985 = DIRECTION ( 'NONE',  ( 0.000000000000000000, 0.7071067811865474617, 0.7071067811865474617 ) ) ;
#7986 = CARTESIAN_POINT ( 'NONE',  ( 1.160335477999686615, 6.150000000000001243, 10.15334114288739187 ) ) ;
#7987 = DIRECTION ( 'NONE',  ( -2.081668171172174923E-16, -2.081668171172169746E-16, 1.000000000000000000 ) ) ;
#7988 = VERTEX_POINT ( 'NONE', #585 ) ;
#7989 = CARTESIAN_POINT ( 'NONE',  ( 2.442386859369360064, 3.050000000000000266, 12.14999999999999858 ) ) ;
#7990 = FACE_OUTER_BOUND ( 'NONE', #5800, .T. ) ;
#7991 = VERTEX_POINT ( 'NONE', #1440 ) ;
#7992 = VECTOR ( 'NONE', #7755, 1000.000000000000000 ) ;
#7993 = CARTESIAN_POINT ( 'NONE',  ( -0.4302828521505699944, 5.349999999999999645, 12.30000000000000071 ) ) ;
#7994 =( BOUNDED_CURVE ( )  B_SPLINE_CURVE ( 3, ( #418, #8577, #6448, #7172 ),
 .UNSPECIFIED., .F., .F. ) 
 B_SPLINE_CURVE_WITH_KNOTS ( ( 4, 4 ),
 ( 0.7853981633974571608, 1.570796326794898556 ),
 .UNSPECIFIED. ) 
 CURVE ( )  GEOMETRIC_REPRESENTATION_ITEM ( )  RATIONAL_B_SPLINE_CURVE ( ( 1.000000000000000000, 0.9492530216741920102, 0.9492530216741920102, 1.000000000000000000 ) ) 
 REPRESENTATION_ITEM ( '' )  );
#7995 = CARTESIAN_POINT ( 'NONE',  ( 0.3250000000000000111, -7.576999999999999957, 0.000000000000000000 ) ) ;
#7996 = CARTESIAN_POINT ( 'NONE',  ( 1.902881415125299958, 6.150000000000000355, 9.426433564873539339 ) ) ;
#7997 = CARTESIAN_POINT ( 'NONE',  ( 0.5717042083878767222, 6.150000000000000355, 16.04142135623731136 ) ) ;
#7998 = ADVANCED_FACE ( 'NONE', ( #3333 ), #6713, .F. ) ;
#7999 = CIRCLE ( 'NONE', #7149, 0.09999999999999985290 ) ;
#8000 = CARTESIAN_POINT ( 'NONE',  ( -2.449999999999999734, 6.049999999999999822, 0.1000000000000000056 ) ) ;
#8001 = CARTESIAN_POINT ( 'NONE',  ( 0.9028814002241329906, 6.150000000000000355, 12.18818401121320072 ) ) ;
#8002 = ORIENTED_EDGE ( 'NONE', *, *, #4036, .F. ) ;
#8003 = EDGE_CURVE ( 'NONE', #6542, #3399, #8620, .T. ) ;
#8004 = EDGE_LOOP ( 'NONE', ( #5254, #754, #4512, #52 ) ) ;
#8005 = DIRECTION ( 'NONE',  ( 0.000000000000000000, 0.000000000000000000, 1.000000000000000000 ) ) ;
#8006 = ORIENTED_EDGE ( 'NONE', *, *, #788, .T. ) ;
#8007 = EDGE_LOOP ( 'NONE', ( #6646, #7083, #5139, #592 ) ) ;
#8008 = VECTOR ( 'NONE', #5176, 1000.000000000000000 ) ;
#8009 = CARTESIAN_POINT ( 'NONE',  ( -2.449999999999999734, 6.049999999999999822, 19.00000000000000000 ) ) ;
#8010 = CARTESIAN_POINT ( 'NONE',  ( 2.449999999999999734, 3.250000000000000000, 0.1000000000000000056 ) ) ;
#8011 = DIRECTION ( 'NONE',  ( 0.000000000000000000, 0.7071067811865482389, -0.7071067811865466846 ) ) ;
#8012 = ORIENTED_EDGE ( 'NONE', *, *, #1802, .T. ) ;
#8013 = CARTESIAN_POINT ( 'NONE',  ( 1.715685302125170120, 6.150000000000000355, 8.082835489747029811 ) ) ;
#8014 = FILL_AREA_STYLE_COLOUR ( '', #5879 ) ;
#8015 = EDGE_LOOP ( 'NONE', ( #94, #6977, #1209, #7756, #29, #7439, #2999, #6958 ) ) ;
#8016 = ORIENTED_EDGE ( 'NONE', *, *, #5700, .T. ) ;
#8017 = CARTESIAN_POINT ( 'NONE',  ( -1.935512576883390956, 2.719956629130203751, 12.07928932188134574 ) ) ;
#8018 = EDGE_CURVE ( 'NONE', #2185, #2751, #7337, .T. ) ;
#8019 = CARTESIAN_POINT ( 'NONE',  ( -2.049482311335309781, 3.139837828411979892, 12.14999999999999858 ) ) ;
#8020 = CARTESIAN_POINT ( 'NONE',  ( 2.449999999999999734, 3.250000000000000000, 19.00000000000000000 ) ) ;
#8021 = EDGE_LOOP ( 'NONE', ( #1221, #7097, #3444, #42 ) ) ;
#8022 = DIRECTION ( 'NONE',  ( -1.000000000000000000, 0.000000000000000000, 0.000000000000000000 ) ) ;
#8023 = CARTESIAN_POINT ( 'NONE',  ( -1.000000000000000000, -6.150000000000000355, 18.50000000000000000 ) ) ;
#8024 = VERTEX_POINT ( 'NONE', #1487 ) ;
#8025 = CIRCLE ( 'NONE', #6428, 0.09999999999999939493 ) ;
#8026 = EDGE_CURVE ( 'NONE', #1426, #6188, #1570, .T. ) ;
#8027 = CARTESIAN_POINT ( 'NONE',  ( 0.8583108971288702094, 6.150000000000000355, 9.468572949618160095 ) ) ;
#8028 =( NAMED_UNIT ( * ) PLANE_ANGLE_UNIT ( ) SI_UNIT ( $, .RADIAN. ) );
#8029 = AXIS2_PLACEMENT_3D ( 'NONE', #828, #7719, #7091 ) ;
#8030 = AXIS2_PLACEMENT_3D ( 'NONE', #550, #2628, #3303 ) ;
#8031 = CARTESIAN_POINT ( 'NONE',  ( 0.6302828521505720039, 6.150000000000000355, 6.799999999999999822 ) ) ;
#8032 = CARTESIAN_POINT ( 'NONE',  ( -2.229675656823970176, 3.149999999999999911, 6.949999999999999289 ) ) ;
#8033 = ORIENTED_EDGE ( 'NONE', *, *, #5969, .T. ) ;
#8034 = EDGE_CURVE ( 'NONE', #8353, #3193, #8201, .T. ) ;
#8035 = ORIENTED_EDGE ( 'NONE', *, *, #6972, .T. ) ;
#8036 = CARTESIAN_POINT ( 'NONE',  ( 1.715685302125170120, 6.150000000000000355, 8.076352507478620879 ) ) ;
#8037 = AXIS2_PLACEMENT_3D ( 'NONE', #8754, #670, #6830 ) ;
#8038 = AXIS2_PLACEMENT_3D ( 'NONE', #4642, #501, #3877 ) ;
#8039 = CARTESIAN_POINT ( 'NONE',  ( 1.969594650744465492, 3.120710678118654879, 7.020710678118654791 ) ) ;
#8040 = CARTESIAN_POINT ( 'NONE',  ( -2.449999999999999734, 3.050000000000000266, 12.14999999999999858 ) ) ;
#8041 = DIRECTION ( 'NONE',  ( -1.000000000000000000, 0.000000000000000000, 0.000000000000000000 ) ) ;
#8042 = CARTESIAN_POINT ( 'NONE',  ( -2.442386859369360064, 3.149999999999999911, 6.949999999999999289 ) ) ;
#8043 = ADVANCED_FACE ( 'NONE', ( #172 ), #4266, .T. ) ;
#8044 = VECTOR ( 'NONE', #1860, 1000.000000000000000 ) ;
#8045 = DIRECTION ( 'NONE',  ( 0.000000000000000000, 0.000000000000000000, 1.000000000000000000 ) ) ;
#8046 = LINE ( 'NONE', #5999, #4908 ) ;
#8047 = EDGE_CURVE ( 'NONE', #4724, #8784, #7827, .T. ) ;
#8048 = ORIENTED_EDGE ( 'NONE', *, *, #5181, .T. ) ;
#8049 = ORIENTED_EDGE ( 'NONE', *, *, #3114, .T. ) ;
#8050 =( BOUNDED_CURVE ( )  B_SPLINE_CURVE ( 3, ( #5285, #8130, #4659, #8091 ),
 .UNSPECIFIED., .F., .F. ) 
 B_SPLINE_CURVE_WITH_KNOTS ( ( 4, 4 ),
 ( 0.7298320410181509121, 0.7853981633974571608 ),
 .UNSPECIFIED. ) 
 CURVE ( )  GEOMETRIC_REPRESENTATION_ITEM ( )  RATIONAL_B_SPLINE_CURVE ( ( 1.000000000000000000, 0.9997427170539758823, 0.9997427170539758823, 1.000000000000000000 ) ) 
 REPRESENTATION_ITEM ( '' )  );
#8051 = B_SPLINE_CURVE_WITH_KNOTS ( 'NONE', 3,
 ( #1198, #5242, #8131, #1912 ),
 .UNSPECIFIED., .F., .F.,
 ( 4, 4 ),
 ( 0.000000000000000000, 1.000000000000000000 ),
 .UNSPECIFIED. ) ;
#8052 = DIRECTION ( 'NONE',  ( 6.570407392573509247E-17, -1.000000000000000000, -6.570407392573499386E-17 ) ) ;
#8053 = ORIENTED_EDGE ( 'NONE', *, *, #4317, .T. ) ;
#8054 = VERTEX_POINT ( 'NONE', #3503 ) ;
#8055 = CARTESIAN_POINT ( 'NONE',  ( 1.909351313647939863, 2.752070754658749951, 12.05000000000000071 ) ) ;
#8056 = CARTESIAN_POINT ( 'NONE',  ( 1.257014306635659828, 6.149950000000000472, 9.227892232903698755 ) ) ;
#8057 = EDGE_CURVE ( 'NONE', #6113, #5011, #2286, .T. ) ;
#8058 = CARTESIAN_POINT ( 'NONE',  ( 0.4302828521505699944, 5.349999999999999645, 12.09999999999999964 ) ) ;
#8059 = EDGE_LOOP ( 'NONE', ( #7154, #5389, #5607, #7815 ) ) ;
#8060 = DIRECTION ( 'NONE',  ( -0.7071067811865496822, -0.7071067811865453523, 0.000000000000000000 ) ) ;
#8061 = CYLINDRICAL_SURFACE ( 'NONE', #7318, 0.2000000000000000389 ) ;
#8062 = CIRCLE ( 'NONE', #4885, 0.1000000000000000056 ) ;
#8063 = ORIENTED_EDGE ( 'NONE', *, *, #5396, .T. ) ;
#8064 = EDGE_LOOP ( 'NONE', ( #5174, #7610, #4433, #2738, #4102 ) ) ;
#8065 = CARTESIAN_POINT ( 'NONE',  ( 2.462827216544478226, 3.130657641020523130, 12.08994426085967788 ) ) ;
#8066 = EDGE_CURVE ( 'NONE', #4865, #880, #232, .T. ) ;
#8067 = DIRECTION ( 'NONE',  ( 4.163336342344339985E-16, 0.000000000000000000, -1.000000000000000000 ) ) ;
#8068 = CARTESIAN_POINT ( 'NONE',  ( -1.939784946236559948, 3.050000000000000266, 0.5999999999999999778 ) ) ;
#8069 = ORIENTED_EDGE ( 'NONE', *, *, #1564, .F. ) ;
#8070 = CARTESIAN_POINT ( 'NONE',  ( -1.275000000000000133, 3.050000000000000266, 0.2000000000000000111 ) ) ;
#8071 = CARTESIAN_POINT ( 'NONE',  ( 2.550000000000000266, 6.149899999999999700, 0.000000000000000000 ) ) ;
#8072 = ORIENTED_EDGE ( 'NONE', *, *, #7244, .T. ) ;
#8073 = CARTESIAN_POINT ( 'NONE',  ( 0.8583108971288719857, 6.149950000282250251, 9.426433564873539339 ) ) ;
#8074 = EDGE_CURVE ( 'NONE', #6588, #2345, #1532, .T. ) ;
#8075 = VECTOR ( 'NONE', #4655, 1000.000000000000114 ) ;
#8076 = CIRCLE ( 'NONE', #2605, 0.09999999999999982514 ) ;
#8077 = EDGE_CURVE ( 'NONE', #240, #3672, #5732, .T. ) ;
#8078 = DIRECTION ( 'NONE',  ( 3.330669073875468142E-16, 0.7071067811865460184, -0.7071067811865489050 ) ) ;
#8079 = EDGE_CURVE ( 'NONE', #6000, #5214, #2154, .T. ) ;
#8080 = B_SPLINE_CURVE_WITH_KNOTS ( 'NONE', 3,
 ( #8670, #5137, #6585, #7306 ),
 .UNSPECIFIED., .F., .F.,
 ( 4, 4 ),
 ( 0.000000000000000000, 1.000000000000000000 ),
 .UNSPECIFIED. ) ;
#8081 = DIRECTION ( 'NONE',  ( 1.000000000000000000, 0.000000000000000000, 0.000000000000000000 ) ) ;
#8082 = EDGE_CURVE ( 'NONE', #7398, #7645, #3548, .T. ) ;
#8083 = ORIENTED_EDGE ( 'NONE', *, *, #1804, .F. ) ;
#8084 = ORIENTED_EDGE ( 'NONE', *, *, #1064, .F. ) ;
#8085 = CARTESIAN_POINT ( 'NONE',  ( 1.939784946236559948, 3.050000000000000266, 18.50000000000000000 ) ) ;
#8086 = PLANE ( 'NONE',  #686 ) ;
#8087 = VECTOR ( 'NONE', #7059, 1000.000000000000000 ) ;
#8088 = LINE ( 'NONE', #7266, #7155 ) ;
#8089 = FACE_OUTER_BOUND ( 'NONE', #8592, .T. ) ;
#8090 = DIRECTION ( 'NONE',  ( -1.000000000000000000, 0.000000000000000000, 0.000000000000000000 ) ) ;
#8091 = CARTESIAN_POINT ( 'NONE',  ( -2.449609993155674292, 3.120710678118653991, 12.07928932188134397 ) ) ;
#8092 = DIRECTION ( 'NONE',  ( -1.000000000000000000, 0.000000000000000000, 0.000000000000000000 ) ) ;
#8093 = FACE_OUTER_BOUND ( 'NONE', #2887, .T. ) ;
#8094 = ORIENTED_EDGE ( 'NONE', *, *, #5358, .F. ) ;
#8095 = VERTEX_POINT ( 'NONE', #3592 ) ;
#8096 = VECTOR ( 'NONE', #8337, 1000.000000000000000 ) ;
#8097 = CARTESIAN_POINT ( 'NONE',  ( 1.152476217557656168, 6.150000000000000355, 8.966141823816927925 ) ) ;
#8098 = VECTOR ( 'NONE', #565, 1000.000000000000000 ) ;
#8099 = DIRECTION ( 'NONE',  ( 0.000000000000000000, 0.000000000000000000, -1.000000000000000000 ) ) ;
#8100 = CARTESIAN_POINT ( 'NONE',  ( 1.314820898528916926, 6.150000000000000355, 8.808929503808160533 ) ) ;
#8101 = LINE ( 'NONE', #567, #8411 ) ;
#8102 = CARTESIAN_POINT ( 'NONE',  ( 2.449999999999999734, 3.179289321881346275, 19.07071067811865461 ) ) ;
#8103 = AXIS2_PLACEMENT_3D ( 'NONE', #823, #7762, #4338 ) ;
#8104 = ORIENTED_EDGE ( 'NONE', *, *, #3315, .T. ) ;
#8105 = DIRECTION ( 'NONE',  ( -1.000000000000000000, 0.000000000000000000, 0.000000000000000000 ) ) ;
#8106 = DIRECTION ( 'NONE',  ( 0.000000000000000000, 0.000000000000000000, -1.000000000000000000 ) ) ;
#8107 = ORIENTED_EDGE ( 'NONE', *, *, #725, .F. ) ;
#8108 = ORIENTED_EDGE ( 'NONE', *, *, #6296, .F. ) ;
#8109 = AXIS2_PLACEMENT_3D ( 'NONE', #5637, #7079, #5545 ) ;
#8110 = LINE ( 'NONE', #3953, #6205 ) ;
#8111 = LINE ( 'NONE', #2564, #8257 ) ;
#8112 = CARTESIAN_POINT ( 'NONE',  ( 1.718926793259370145, 6.149950000000000472, 9.704391429631320065 ) ) ;
#8113 = B_SPLINE_CURVE_WITH_KNOTS ( 'NONE', 3,
 ( #1109, #3851, #8097, #7411 ),
 .UNSPECIFIED., .F., .F.,
 ( 4, 4 ),
 ( 0.000000000000000000, 1.000000000000000000 ),
 .UNSPECIFIED. ) ;
#8114 = VERTEX_POINT ( 'NONE', #7110 ) ;
#8115 = CARTESIAN_POINT ( 'NONE',  ( -2.449999999999999734, 6.049999999999999822, 0.1000000000000000056 ) ) ;
#8116 = FACE_OUTER_BOUND ( 'NONE', #2281, .T. ) ;
#8117 = EDGE_CURVE ( 'NONE', #8054, #8883, #1953, .T. ) ;
#8118 = DIRECTION ( 'NONE',  ( 1.000000000000000000, 0.000000000000000000, 0.000000000000000000 ) ) ;
#8119 = ADVANCED_FACE ( 'NONE', ( #4990 ), #8380, .F. ) ;
#8120 = B_SPLINE_CURVE_WITH_KNOTS ( 'NONE', 3,
 ( #609, #5383, #3352, #5427 ),
 .UNSPECIFIED., .F., .F.,
 ( 4, 4 ),
 ( 0.000000000000000000, 1.000000000000000000 ),
 .UNSPECIFIED. ) ;
#8121 = EDGE_CURVE ( 'NONE', #3252, #2009, #3371, .T. ) ;
#8122 = DIRECTION ( 'NONE',  ( -0.1016217158801560189, 0.9948231133531091341, 0.000000000000000000 ) ) ;
#8123 = CARTESIAN_POINT ( 'NONE',  ( -0.4302828521505729920, 5.349999999999999645, 3.200000000000000178 ) ) ;
#8124 = VERTEX_POINT ( 'NONE', #1534 ) ;
#8125 = VECTOR ( 'NONE', #5016, 1000.000000000000000 ) ;
#8126 = ORIENTED_EDGE ( 'NONE', *, *, #7016, .F. ) ;
#8127 = DIRECTION ( 'NONE',  ( 0.000000000000000000, 1.000000000000000000, 0.000000000000000000 ) ) ;
#8128 = CARTESIAN_POINT ( 'NONE',  ( 1.820763639725526906, 6.150000000000000355, 10.83243034433339957 ) ) ;
#8129 = CARTESIAN_POINT ( 'NONE',  ( 1.257014306635650058, 6.150000000000000355, 10.78785984123813435 ) ) ;
#8130 = CARTESIAN_POINT ( 'NONE',  ( -2.449873833286303704, 3.123293534134293559, 12.08194495318517170 ) ) ;
#8131 = CARTESIAN_POINT ( 'NONE',  ( 1.724484011870291544, 6.150000000000000355, 10.60531528446161964 ) ) ;
#8132 = DIRECTION ( 'NONE',  ( -0.1016217158801570042, -0.9948231133531090231, 0.000000000000000000 ) ) ;
#8133 = ORIENTED_EDGE ( 'NONE', *, *, #6821, .T. ) ;
#8134 = ORIENTED_EDGE ( 'NONE', *, *, #4648, .T. ) ;
#8135 = LINE ( 'NONE', #7367, #2082 ) ;
#8136 = CARTESIAN_POINT ( 'NONE',  ( 0.6302828521505700055, 6.150000000000000355, 12.30000000000000071 ) ) ;
#8137 = FACE_OUTER_BOUND ( 'NONE', #7201, .T. ) ;
#8138 = DIRECTION ( 'NONE',  ( 0.5773502691896257311, -0.5773502691896257311, 0.5773502691896257311 ) ) ;
#8139 = FACE_OUTER_BOUND ( 'NONE', #8021, .T. ) ;
#8140 = VECTOR ( 'NONE', #6628, 1000.000000000000000 ) ;
#8141 = DIRECTION ( 'NONE',  ( -0.1016216804216426156, 0.9948227662329027776, 0.0008353759613771073343 ) ) ;
#8142 = ORIENTED_EDGE ( 'NONE', *, *, #4209, .T. ) ;
#8143 = CARTESIAN_POINT ( 'NONE',  ( -0.08125000000000000278, -6.958578643762689531, 0.05857864376269039663 ) ) ;
#8144 = CARTESIAN_POINT ( 'NONE',  ( 1.152476217557664162, 6.150000000000000355, 8.261927874911656033 ) ) ;
#8145 = AXIS2_PLACEMENT_3D ( 'NONE', #3833, #3214, #6583 ) ;
#8146 = VERTEX_POINT ( 'NONE', #5033 ) ;
#8147 = ORIENTED_EDGE ( 'NONE', *, *, #6899, .F. ) ;
#8148 = CARTESIAN_POINT ( 'NONE',  ( 1.901546021418035304, 6.150000000000000355, 7.264163514351530182 ) ) ;
#8149 = DIRECTION ( 'NONE',  ( 0.000000000000000000, 0.000000000000000000, -1.000000000000000000 ) ) ;
#8150 = DIRECTION ( 'NONE',  ( 0.7071067811865485719, 4.357625371653738632E-15, 0.7071067811865466846 ) ) ;
#8151 = CIRCLE ( 'NONE', #1093, 0.2000000000000000944 ) ;
#8152 = ORIENTED_EDGE ( 'NONE', *, *, #1634, .F. ) ;
#8153 = LINE ( 'NONE', #7511, #6258 ) ;
#8154 = LINE ( 'NONE', #4005, #4001 ) ;
#8155 = ORIENTED_EDGE ( 'NONE', *, *, #6847, .F. ) ;
#8156 = DIRECTION ( 'NONE',  ( 0.000000000000000000, 1.000000000000000000, 0.000000000000000000 ) ) ;
#8157 = VERTEX_POINT ( 'NONE', #3680 ) ;
#8158 =( LENGTH_UNIT ( ) NAMED_UNIT ( * ) SI_UNIT ( .MILLI., .METRE. ) );
#8159 = ADVANCED_FACE ( 'NONE', ( #6426 ), #444, .T. ) ;
#8160 = CARTESIAN_POINT ( 'NONE',  ( 0.5717042083878823844, 5.349999999999999645, 3.058578643762690508 ) ) ;
#8161 = CARTESIAN_POINT ( 'NONE',  ( 1.233832692099050332, 6.150000000000001243, 6.893151755857709340 ) ) ;
#8162 = EDGE_LOOP ( 'NONE', ( #8733, #1825, #769, #3556, #4497, #4542, #8871, #7448 ) ) ;
#8163 = VERTEX_POINT ( 'NONE', #1121 ) ;
#8164 = CARTESIAN_POINT ( 'NONE',  ( -1.000000000000000000, 3.050000000000000266, 0.2999999999999999889 ) ) ;
#8165 = DIRECTION ( 'NONE',  ( -0.1016217158801570042, 0.9948231133531090231, 0.000000000000000000 ) ) ;
#8166 = CARTESIAN_POINT ( 'NONE',  ( 1.856560190992408321, 6.150000000000000355, 8.387734415588600001 ) ) ;
#8167 = VECTOR ( 'NONE', #4207, 1000.000000000000227 ) ;
#8168 = VECTOR ( 'NONE', #8863, 1000.000000000000000 ) ;
#8169 = CARTESIAN_POINT ( 'NONE',  ( -2.449999999999999734, 6.150000000000000355, 0.000000000000000000 ) ) ;
#8170 = DIRECTION ( 'NONE',  ( 1.000000000000000000, 0.000000000000000000, 0.000000000000000000 ) ) ;
#8171 = ORIENTED_EDGE ( 'NONE', *, *, #2493, .F. ) ;
#8172 = AXIS2_PLACEMENT_3D ( 'NONE', #3251, #3365, #1220 ) ;
#8173 = AXIS2_PLACEMENT_3D ( 'NONE', #239, #2984, #7126 ) ;
#8174 = ORIENTED_EDGE ( 'NONE', *, *, #366, .T. ) ;
#8175 = EDGE_CURVE ( 'NONE', #2969, #5758, #7241, .T. ) ;
#8176 = CARTESIAN_POINT ( 'NONE',  ( 0.3151414260752840035, 5.349999999999999645, 16.10000000000000142 ) ) ;
#8177 = DIRECTION ( 'NONE',  ( -0.4739773776949202655, -0.8805370210465013336, 0.000000000000000000 ) ) ;
#8178 = DIRECTION ( 'NONE',  ( 0.7071067811865466846, 0.000000000000000000, -0.7071067811865483499 ) ) ;
#8179 = PLANE ( 'NONE',  #4634 ) ;
#8180 = VECTOR ( 'NONE', #6741, 1000.000000000000000 ) ;
#8181 = VECTOR ( 'NONE', #2697, 1000.000000000000000 ) ;
#8182 = DIRECTION ( 'NONE',  ( -0.7071067811865460184, 0.000000000000000000, -0.7071067811865489050 ) ) ;
#8183 = PLANE ( 'NONE',  #8830 ) ;
#8184 = EDGE_CURVE ( 'NONE', #1251, #5559, #6479, .T. ) ;
#8185 = ADVANCED_FACE ( 'NONE', ( #1078 ), #3816, .T. ) ;
#8186 = ORIENTED_EDGE ( 'NONE', *, *, #3044, .F. ) ;
#8187 = ADVANCED_FACE ( 'NONE', ( #5170 ), #399, .F. ) ;
#8188 = ADVANCED_FACE ( 'NONE', ( #4399 ), #2382, .F. ) ;
#8189 = CARTESIAN_POINT ( 'NONE',  ( -0.6000000000320139248, -6.150000000000000355, 1.000000000000000000 ) ) ;
#8190 = EDGE_CURVE ( 'NONE', #306, #2155, #6576, .T. ) ;
#8191 = CIRCLE ( 'NONE', #993, 0.09999999999999939493 ) ;
#8192 = EDGE_LOOP ( 'NONE', ( #3951, #5989, #6047, #3188 ) ) ;
#8193 = ORIENTED_EDGE ( 'NONE', *, *, #3498, .F. ) ;
#8194 = B_SPLINE_CURVE_WITH_KNOTS ( 'NONE', 3,
 ( #7640, #2735, #4803, #8874, #1479, #6870, #6061, #1346, #711, #2776, #4217 ),
 .UNSPECIFIED., .F., .F.,
 ( 4, 1, 1, 1, 2, 2, 4 ),
 ( 0.000000000000000000, 0.2499999999999877875, 0.3749999999999816813, 0.4374999999999786282, 0.4687499999999783507, 0.4999999999999781286, 1.000000000000000000 ),
 .UNSPECIFIED. ) ;
#8195 = CARTESIAN_POINT ( 'NONE',  ( 1.940823017527810057, 3.060162171588010072, 12.05051768866469786 ) ) ;
#8196 = CARTESIAN_POINT ( 'NONE',  ( -2.008833624983249688, 2.741908583070740146, 7.799999999999999822 ) ) ;
#8197 = CARTESIAN_POINT ( 'NONE',  ( 1.000000000000000000, 3.050000000000000266, 0.2999999999999999889 ) ) ;
#8198 = ORIENTED_EDGE ( 'NONE', *, *, #8047, .T. ) ;
#8199 = FACE_OUTER_BOUND ( 'NONE', #7925, .T. ) ;
#8200 = CARTESIAN_POINT ( 'NONE',  ( -0.009351313679485140015, 0.1499999999999999944, 0.6999999999999999556 ) ) ;
#8201 = B_SPLINE_CURVE_WITH_KNOTS ( 'NONE', 3,
 ( #6922, #762, #3014, #7737 ),
 .UNSPECIFIED., .F., .F.,
 ( 4, 4 ),
 ( 0.000000000000000000, 1.000000000000000000 ),
 .UNSPECIFIED. ) ;
#8202 = ORIENTED_EDGE ( 'NONE', *, *, #3638, .F. ) ;
#8203 = DIRECTION ( 'NONE',  ( 0.000000000000000000, 0.000000000000000000, 1.000000000000000000 ) ) ;
#8204 = ORIENTED_EDGE ( 'NONE', *, *, #8074, .T. ) ;
#8205 = DIRECTION ( 'NONE',  ( 0.000000000000000000, 0.000000000000000000, -1.000000000000000000 ) ) ;
#8206 = LINE ( 'NONE', #6975, #5112 ) ;
#8207 = CARTESIAN_POINT ( 'NONE',  ( 0.4302828521505699944, 5.349999999999999645, 12.30000000000000071 ) ) ;
#8208 = VERTEX_POINT ( 'NONE', #308 ) ;
#8209 = ORIENTED_EDGE ( 'NONE', *, *, #1572, .F. ) ;
#8210 = SPHERICAL_SURFACE ( 'NONE', #3864, 0.2000000000000000111 ) ;
#8211 = ORIENTED_EDGE ( 'NONE', *, *, #4525, .F. ) ;
#8212 = CYLINDRICAL_SURFACE ( 'NONE', #5042, 0.2000000000000000944 ) ;
#8213 = CARTESIAN_POINT ( 'NONE',  ( 2.449999999999999734, 3.250000000000000000, 0.1000000000000000056 ) ) ;
#8214 = AXIS2_PLACEMENT_3D ( 'NONE', #3426, #6167, #2667 ) ;
#8215 = CARTESIAN_POINT ( 'NONE',  ( 1.152476217557656168, 6.150000000000000355, 10.44966426623646782 ) ) ;
#8216 = PLANE ( 'NONE',  #3332 ) ;
#8217 = ORIENTED_EDGE ( 'NONE', *, *, #2335, .F. ) ;
#8218 = AXIS2_PLACEMENT_3D ( 'NONE', #8751, #2650, #4765 ) ;
#8219 = LINE ( 'NONE', #7618, #6003 ) ;
#8220 = EDGE_CURVE ( 'NONE', #7546, #3815, #278, .T. ) ;
#8221 = FACE_OUTER_BOUND ( 'NONE', #2232, .T. ) ;
#8222 = PLANE ( 'NONE',  #1431 ) ;
#8223 = CARTESIAN_POINT ( 'NONE',  ( -0.1389940224055029871, 0.1949309109133109952, 0.5999999999999999778 ) ) ;
#8224 = CARTESIAN_POINT ( 'NONE',  ( 1.712139616416691990, 6.149999999999999467, 7.305190912509438306 ) ) ;
#8225 = CARTESIAN_POINT ( 'NONE',  ( 2.449999999999999734, 6.049999999999999822, 0.1000000000000000056 ) ) ;
#8226 = CIRCLE ( 'NONE', #3472, 0.1999999999999987899 ) ;
#8227 = AXIS2_PLACEMENT_3D ( 'NONE', #4976, #929, #5113 ) ;
#8228 = ORIENTED_EDGE ( 'NONE', *, *, #4094, .F. ) ;
#8229 = ORIENTED_EDGE ( 'NONE', *, *, #3052, .F. ) ;
#8230 = ORIENTED_EDGE ( 'NONE', *, *, #2069, .T. ) ;
#8231 = ORIENTED_EDGE ( 'NONE', *, *, #825, .F. ) ;
#8233 = EDGE_CURVE ( 'NONE', #2823, #7480, #3349, .T. ) ;
#8232 = PLANE ( 'NONE',  #5210 ) ;
#8234 = CIRCLE ( 'NONE', #1624, 0.2000000000000000666 ) ;
#8235 = DIRECTION ( 'NONE',  ( 0.000000000000000000, 0.000000000000000000, 1.000000000000000000 ) ) ;
#8236 = ADVANCED_FACE ( 'NONE', ( #5801 ), #4451, .F. ) ;
#8237 = EDGE_CURVE ( 'NONE', #3672, #2255, #7722, .T. ) ;
#8238 = CARTESIAN_POINT ( 'NONE',  ( -0.4302828521505689952, 5.349999999999999645, 15.90000000000000036 ) ) ;
#8239 = EDGE_CURVE ( 'NONE', #7429, #1552, #1035, .T. ) ;
#8240 = ORIENTED_EDGE ( 'NONE', *, *, #370, .T. ) ;
#8241 = CARTESIAN_POINT ( 'NONE',  ( 1.100000000000000089, 3.050000000000000266, 9.250000000000000000 ) ) ;
#8242 = LINE ( 'NONE', #2060, #1991 ) ;
#8243 = EDGE_LOOP ( 'NONE', ( #191, #6056, #1877, #1321 ) ) ;
#8244 = FACE_OUTER_BOUND ( 'NONE', #615, .T. ) ;
#8245 = ORIENTED_EDGE ( 'NONE', *, *, #3818, .F. ) ;
#8246 = CARTESIAN_POINT ( 'NONE',  ( -8.773584774923998353, -3.624220987381999937, -9.549999999999998934 ) ) ;
#8247 = VERTEX_POINT ( 'NONE', #6523 ) ;
#8248 = B_SPLINE_CURVE_WITH_KNOTS ( 'NONE', 3,
 ( #853, #2253, #900, #994 ),
 .UNSPECIFIED., .F., .F.,
 ( 4, 4 ),
 ( 0.000000000000000000, 1.000000000000000000 ),
 .UNSPECIFIED. ) ;
#8249 = FACE_OUTER_BOUND ( 'NONE', #8502, .T. ) ;
#8250 = CARTESIAN_POINT ( 'NONE',  ( 1.919899243579860082, 6.150000000000001243, 10.02589996248437565 ) ) ;
#8251 = ORIENTED_EDGE ( 'NONE', *, *, #2261, .T. ) ;
#8252 = VERTEX_POINT ( 'NONE', #357 ) ;
#8253 = DIRECTION ( 'NONE',  ( 0.7034461695330959108, 0.07185740441467085293, 0.7071067811865485719 ) ) ;
#8254 = EDGE_LOOP ( 'NONE', ( #6148, #2012, #6659, #7713 ) ) ;
#8255 = CARTESIAN_POINT ( 'NONE',  ( -1.940823017527810057, 3.060162171588010072, 12.14999999999999858 ) ) ;
#8256 = DIRECTION ( 'NONE',  ( -1.000000000000000000, 0.000000000000000000, 0.000000000000000000 ) ) ;
#8257 = VECTOR ( 'NONE', #6748, 1000.000000000000000 ) ;
#8258 = CARTESIAN_POINT ( 'NONE',  ( 0.4302828521505729920, 5.150000000000000355, 4.000000000000000000 ) ) ;
#8259 = LINE ( 'NONE', #6085, #332 ) ;
#8260 = VERTEX_POINT ( 'NONE', #5842 ) ;
#8261 = CARTESIAN_POINT ( 'NONE',  ( 1.495263904999456717, 6.150000000000000355, 11.06500733321239949 ) ) ;
#8262 = ORIENTED_EDGE ( 'NONE', *, *, #8745, .T. ) ;
#8263 = DIRECTION ( 'NONE',  ( 1.000000000000000000, 0.000000000000000000, 0.000000000000000000 ) ) ;
#8264 = DIRECTION ( 'NONE',  ( 0.000000000000000000, 0.7071067811865344721, -0.7071067811865605623 ) ) ;
#8265 = LINE ( 'NONE', #6733, #4337 ) ;
#8266 = LINE ( 'NONE', #6905, #7982 ) ;
#8267 = DIRECTION ( 'NONE',  ( -0.1016217158801569903, 0.9948231133531089121, 0.000000000000000000 ) ) ;
#8268 = EDGE_CURVE ( 'NONE', #6174, #5947, #22, .T. ) ;
#8269 = FACE_OUTER_BOUND ( 'NONE', #3502, .T. ) ;
#8270 = ORIENTED_EDGE ( 'NONE', *, *, #4053, .T. ) ;
#8271 = VERTEX_POINT ( 'NONE', #8136 ) ;
#8272 = CARTESIAN_POINT ( 'NONE',  ( 1.395588052622763531, 6.150000000000000355, 10.73113374638960238 ) ) ;
#8273 = VERTEX_POINT ( 'NONE', #8355 ) ;
#8274 = VERTEX_POINT ( 'NONE', #740 ) ;
#8275 = AXIS2_PLACEMENT_3D ( 'NONE', #3725, #6476, #304 ) ;
#8276 = CARTESIAN_POINT ( 'NONE',  ( 0.3000000000050939697, 3.149999999999999911, 1.000000000000000000 ) ) ;
#8277 = SHAPE_REPRESENTATION ( '0287040.PXCN', ( #2610, #1747, #4471, #4327 ), #5905 ) ;
#8278 = CARTESIAN_POINT ( 'NONE',  ( -0.3250000000000000111, -2.899999999999999911, -5.200000000000000178 ) ) ;
#8279 = DIRECTION ( 'NONE',  ( 2.775557561562890168E-15, 0.000000000000000000, -1.000000000000000000 ) ) ;
#8280 = ORIENTED_EDGE ( 'NONE', *, *, #4487, .T. ) ;
#8281 = DIRECTION ( 'NONE',  ( -0.7071067811865482389, 0.000000000000000000, -0.7071067811865466846 ) ) ;
#8282 = DIRECTION ( 'NONE',  ( 0.000000000000000000, 0.000000000000000000, -1.000000000000000000 ) ) ;
#8283 = VERTEX_POINT ( 'NONE', #5463 ) ;
#8284 = EDGE_CURVE ( 'NONE', #1749, #902, #6579, .T. ) ;
#8285 = CARTESIAN_POINT ( 'NONE',  ( 1.764847917660566923, 6.150000000000000355, 6.841344385347860602 ) ) ;
#8286 = ORIENTED_EDGE ( 'NONE', *, *, #3165, .F. ) ;
#8287 = VECTOR ( 'NONE', #3068, 1000.000000000000114 ) ;
#8288 = CARTESIAN_POINT ( 'NONE',  ( 2.550000000000000266, 1.004596597366330002, 19.00000000000000000 ) ) ;
#8289 = DIRECTION ( 'NONE',  ( 0.000000000000000000, 0.000000000000000000, 1.000000000000000000 ) ) ;
#8290 = LINE ( 'NONE', #4864, #8667 ) ;
#8291 = ADVANCED_FACE ( 'NONE', ( #695 ), #5550, .T. ) ;
#8292 = ORIENTED_EDGE ( 'NONE', *, *, #452, .T. ) ;
#8293 = ORIENTED_EDGE ( 'NONE', *, *, #8576, .F. ) ;
#8294 = B_SPLINE_CURVE_WITH_KNOTS ( 'NONE', 3,
 ( #6273, #790, #2730, #7544 ),
 .UNSPECIFIED., .F., .F.,
 ( 4, 4 ),
 ( 0.000000000000000000, 1.000000000000000000 ),
 .UNSPECIFIED. ) ;
#8295 = DIRECTION ( 'NONE',  ( -1.000000000000000000, 0.000000000000000000, 0.000000000000000000 ) ) ;
#8296 = EDGE_LOOP ( 'NONE', ( #5277, #6229, #2206, #7470 ) ) ;
#8297 = PLANE ( 'NONE',  #8798 ) ;
#8298 = AXIS2_PLACEMENT_3D ( 'NONE', #3061, #896, #7202 ) ;
#8299 = EDGE_CURVE ( 'NONE', #2049, #8283, #6265, .T. ) ;
#8300 = ADVANCED_FACE ( 'NONE', ( #4746 ), #7535, .T. ) ;
#8301 = CARTESIAN_POINT ( 'NONE',  ( 1.152476217557659943, 6.149899999999999700, 8.808929503808160533 ) ) ;
#8302 = FACE_OUTER_BOUND ( 'NONE', #1361, .T. ) ;
#8303 = DIRECTION ( 'NONE',  ( 0.000000000000000000, 1.000000000000000000, 0.000000000000000000 ) ) ;
#8304 = ORIENTED_EDGE ( 'NONE', *, *, #6190, .F. ) ;
#8305 = DIRECTION ( 'NONE',  ( 0.7071067811865466846, 0.000000000000000000, 0.7071067811865482389 ) ) ;
#8306 = ORIENTED_EDGE ( 'NONE', *, *, #3262, .F. ) ;
#8307 = CARTESIAN_POINT ( 'NONE',  ( 1.973283754570961834, 3.124216632767869317, 12.08297842570784120 ) ) ;
#8308 = LINE ( 'NONE', #8403, #2585 ) ;
#8309 = FACE_OUTER_BOUND ( 'NONE', #4152, .T. ) ;
#8310 = CARTESIAN_POINT ( 'NONE',  ( 1.029289321881345476, 3.120710678118654879, 0.5707106781186548350 ) ) ;
#8311 = AXIS2_PLACEMENT_3D ( 'NONE', #8000, #1951, #6683 ) ;
#8312 = CARTESIAN_POINT ( 'NONE',  ( 1.652746349269416770, 6.150000000000000355, 11.51152273694870054 ) ) ;
#8313 = ORIENTED_EDGE ( 'NONE', *, *, #8902, .F. ) ;
#8314 = ORIENTED_EDGE ( 'NONE', *, *, #8463, .F. ) ;
#8315 = DIRECTION ( 'NONE',  ( 0.000000000000000000, 0.000000000000000000, 1.000000000000000000 ) ) ;
#8316 = ORIENTED_EDGE ( 'NONE', *, *, #5370, .T. ) ;
#8317 = ORIENTED_EDGE ( 'NONE', *, *, #2693, .T. ) ;
#8318 = ORIENTED_EDGE ( 'NONE', *, *, #5811, .F. ) ;
#8319 = VECTOR ( 'NONE', #6283, 1000.000000000000000 ) ;
#8320 = AXIS2_PLACEMENT_3D ( 'NONE', #6, #8127, #1323 ) ;
#8322 = EDGE_CURVE ( 'NONE', #249, #5831, #1372, .T. ) ;
#8321 = DIRECTION ( 'NONE',  ( 0.000000000000000000, -1.000000000000000000, 0.000000000000000000 ) ) ;
#8323 = CARTESIAN_POINT ( 'NONE',  ( 2.449999999999999734, 3.250000000000000000, 0.1000000000000000056 ) ) ;
#8324 = CARTESIAN_POINT ( 'NONE',  ( -2.406762870324489878, 2.701259896718680054, 7.049999999999999822 ) ) ;
#8325 =( GEOMETRIC_REPRESENTATION_CONTEXT ( 3 ) GLOBAL_UNCERTAINTY_ASSIGNED_CONTEXT ( ( #3233 ) ) GLOBAL_UNIT_ASSIGNED_CONTEXT ( ( #7106, #5168, #2470 ) ) REPRESENTATION_CONTEXT ( 'NONE', 'WORKASPACE' ) );
#8326 = EDGE_LOOP ( 'NONE', ( #2325, #4299, #2558, #4482 ) ) ;
#8327 = CARTESIAN_POINT ( 'NONE',  ( 1.127354661267599978, 6.150000000000000355, 9.227892232903698755 ) ) ;
#8328 = CARTESIAN_POINT ( 'NONE',  ( -1.275000000000000133, 3.250000000000000000, 0.1000000000000000056 ) ) ;
#8329 = VERTEX_POINT ( 'NONE', #6992 ) ;
#8330 =( BOUNDED_CURVE ( )  B_SPLINE_CURVE ( 3, ( #3403, #6824, #8747, #5477 ),
 .UNSPECIFIED., .F., .F. ) 
 B_SPLINE_CURVE_WITH_KNOTS ( ( 4, 4 ),
 ( 0.000000000000000000, 0.7853981633974610466 ),
 .UNSPECIFIED. ) 
 CURVE ( )  GEOMETRIC_REPRESENTATION_ITEM ( )  RATIONAL_B_SPLINE_CURVE ( ( 1.000000000000000000, 0.9492530216741894566, 0.9492530216741894566, 1.000000000000000000 ) ) 
 REPRESENTATION_ITEM ( '' )  );
#8331 = CARTESIAN_POINT ( 'NONE',  ( 1.804015935532159887, 6.149949103927699667, 8.540696112452989652 ) ) ;
#8332 = ORIENTED_EDGE ( 'NONE', *, *, #6892, .T. ) ;
#8333 = ADVANCED_FACE ( 'NONE', ( #8221 ), #4789, .T. ) ;
#8334 = DIRECTION ( 'NONE',  ( 0.000000000000000000, 0.000000000000000000, -1.000000000000000000 ) ) ;
#8335 = EDGE_CURVE ( 'NONE', #4258, #1111, #4411, .T. ) ;
#8336 = CARTESIAN_POINT ( 'NONE',  ( 1.902881415125309950, 6.149899999999999700, 8.219788490167038830 ) ) ;
#8337 = DIRECTION ( 'NONE',  ( -1.000000000000000000, 0.000000000000000000, 0.000000000000000000 ) ) ;
#8338 = ORIENTED_EDGE ( 'NONE', *, *, #3939, .F. ) ;
#8339 = VERTEX_POINT ( 'NONE', #7579 ) ;
#8340 = CARTESIAN_POINT ( 'NONE',  ( 1.471763094276509864, 6.149899999999999700, 6.827568048027489844 ) ) ;
#8341 = CIRCLE ( 'NONE', #6758, 0.09999999999999982514 ) ;
#8342 = VERTEX_POINT ( 'NONE', #6808 ) ;
#8343 = DIRECTION ( 'NONE',  ( -0.7071067811865467956, 0.000000000000000000, 0.7071067811865481278 ) ) ;
#8344 = ADVANCED_FACE ( 'NONE', ( #151 ), #6901, .F. ) ;
#8345 = EDGE_CURVE ( 'NONE', #7908, #240, #2259, .T. ) ;
#8346 = ADVANCED_FACE ( 'NONE', ( #6129 ), #3402, .F. ) ;
#8347 = ADVANCED_FACE ( 'NONE', ( #65 ), #2720, .F. ) ;
#8348 = CARTESIAN_POINT ( 'NONE',  ( 1.363983514064309954, 6.150000000000000355, 8.079593998612820016 ) ) ;
#8349 = CARTESIAN_POINT ( 'NONE',  ( 1.973283754570961834, 3.124216632767869317, 0.000000000000000000 ) ) ;
#8350 = DIRECTION ( 'NONE',  ( 0.000000000000000000, 0.7071067811865480168, 0.7071067811865469066 ) ) ;
#8351 = VERTEX_POINT ( 'NONE', #8307 ) ;
#8352 = CARTESIAN_POINT ( 'NONE',  ( 0.4302828521505699944, 5.349999999999999645, 13.10000000000000142 ) ) ;
#8353 = VERTEX_POINT ( 'NONE', #821 ) ;
#8354 =( GEOMETRIC_REPRESENTATION_CONTEXT ( 3 ) GLOBAL_UNCERTAINTY_ASSIGNED_CONTEXT ( ( #4389 ) ) GLOBAL_UNIT_ASSIGNED_CONTEXT ( ( #5942, #8028, #5180 ) ) REPRESENTATION_CONTEXT ( 'NONE', 'WORKASPACE' ) );
#8355 = CARTESIAN_POINT ( 'NONE',  ( 1.807257426666350142, 6.149899999999999700, 10.94102029732920123 ) ) ;
#8356 = DIRECTION ( 'NONE',  ( 1.000000000000000000, 0.000000000000000000, 0.000000000000000000 ) ) ;
#8357 = CARTESIAN_POINT ( 'NONE',  ( 0.9713163292031967710, 6.150000000000000355, 8.875134658447747071 ) ) ;
#8358 = CARTESIAN_POINT ( 'NONE',  ( 1.752824930945762194, 6.150000000000000355, 7.268593083957322065 ) ) ;
#8359 = DIRECTION ( 'NONE',  ( -0.4739773776949202655, -0.8805370210465013336, 0.000000000000000000 ) ) ;
#8360 = AXIS2_PLACEMENT_3D ( 'NONE', #5487, #2110, #3460 ) ;
#8361 = CIRCLE ( 'NONE', #4900, 0.09999999999999982514 ) ;
#8362 = B_SPLINE_CURVE_WITH_KNOTS ( 'NONE', 3,
 ( #6084, #8682, #5998, #5372 ),
 .UNSPECIFIED., .F., .F.,
 ( 4, 4 ),
 ( 0.000000000000000000, 1.000000000000000000 ),
 .UNSPECIFIED. ) ;
#8363 = DIRECTION ( 'NONE',  ( 0.000000000000000000, 0.000000000000000000, 1.000000000000000000 ) ) ;
#8364 = ORIENTED_EDGE ( 'NONE', *, *, #1454, .T. ) ;
#8365 = VERTEX_POINT ( 'NONE', #2133 ) ;
#8366 = CARTESIAN_POINT ( 'NONE',  ( 1.222168276942983578, 6.150000000000000355, 11.27651462971900109 ) ) ;
#8367 = ORIENTED_EDGE ( 'NONE', *, *, #2572, .F. ) ;
#8368 = ORIENTED_EDGE ( 'NONE', *, *, #6836, .F. ) ;
#8369 = ORIENTED_EDGE ( 'NONE', *, *, #3181, .F. ) ;
#8370 = PRODUCT_DEFINITION_CONTEXT ( 'detailed design', #1424, 'design' ) ;
#8371 = CARTESIAN_POINT ( 'NONE',  ( -2.008833624983249688, 2.741908583070740146, 12.05000000000000071 ) ) ;
#8372 = AXIS2_PLACEMENT_3D ( 'NONE', #797, #3541, #2916 ) ;
#8373 = DIRECTION ( 'NONE',  ( 0.000000000000000000, 0.7071067811865484609, 0.7071067811865466846 ) ) ;
#8374 = VECTOR ( 'NONE', #4108, 1000.000000000000000 ) ;
#8375 = DIRECTION ( 'NONE',  ( 1.000000000000000000, 0.000000000000000000, 0.000000000000000000 ) ) ;
#8376 = PRODUCT_RELATED_PRODUCT_CATEGORY ( 'part', '', ( #2025 ) ) ;
#8377 = EDGE_LOOP ( 'NONE', ( #7668, #4857, #5493, #3096, #4177, #1350 ) ) ;
#8378 = DIRECTION ( 'NONE',  ( 0.000000000000000000, 1.000000000000000000, 0.000000000000000000 ) ) ;
#8379 = ORIENTED_EDGE ( 'NONE', *, *, #1029, .T. ) ;
#8380 = PLANE ( 'NONE',  #3424 ) ;
#8381 = EDGE_LOOP ( 'NONE', ( #5204, #4254, #2186, #8104, #7095, #8499, #7140 ) ) ;
#8382 = CIRCLE ( 'NONE', #6346, 0.09999999999999939493 ) ;
#8383 = SHAPE_DEFINITION_REPRESENTATION ( #2601, #3428 ) ;
#8384 = CARTESIAN_POINT ( 'NONE',  ( -0.3151414260752870011, 5.349999999999999645, 3.200000000000000178 ) ) ;
#8385 = EDGE_CURVE ( 'NONE', #7703, #2143, #1464, .T. ) ;
#8386 = CARTESIAN_POINT ( 'NONE',  ( -0.009351313679485140015, 0.1499999999999999944, 18.50000000000000000 ) ) ;
#8387 =( BOUNDED_CURVE ( )  B_SPLINE_CURVE ( 3, ( #8866, #6813, #6051, #4670 ),
 .UNSPECIFIED., .F., .F. ) 
 B_SPLINE_CURVE_WITH_KNOTS ( ( 4, 4 ),
 ( 5.497787143782131736, 6.283185307179584456 ),
 .UNSPECIFIED. ) 
 CURVE ( )  GEOMETRIC_REPRESENTATION_ITEM ( )  RATIONAL_B_SPLINE_CURVE ( ( 1.000000000000000000, 0.9492530216741903448, 0.9492530216741903448, 1.000000000000000000 ) ) 
 REPRESENTATION_ITEM ( '' )  );
#8388 = DIRECTION ( 'NONE',  ( 0.000000000000000000, -1.000000000000000000, 0.000000000000000000 ) ) ;
#8389 = ORIENTED_EDGE ( 'NONE', *, *, #4206, .T. ) ;
#8390 = B_SPLINE_CURVE_WITH_KNOTS ( 'NONE', 3,
 ( #313, #5846, #3104, #3203 ),
 .UNSPECIFIED., .F., .F.,
 ( 4, 4 ),
 ( 0.000000000000000000, 1.000000000000000000 ),
 .UNSPECIFIED. ) ;
#8391 = CARTESIAN_POINT ( 'NONE',  ( -1.998671453395229891, 2.642426271735430099, 7.799999999999999822 ) ) ;
#8392 = EDGE_LOOP ( 'NONE', ( #1742, #7408, #4651, #8108 ) ) ;
#8393 = CARTESIAN_POINT ( 'NONE',  ( 1.235134241479790340, 6.150000000000000355, 9.926726850093409382 ) ) ;
#8394 = AXIS2_PLACEMENT_3D ( 'NONE', #4064, #4150, #6895 ) ;
#8395 = EDGE_CURVE ( 'NONE', #8784, #7322, #781, .T. ) ;
#8396 = CYLINDRICAL_SURFACE ( 'NONE', #5683, 0.2000000000000000389 ) ;
#8397 = DIRECTION ( 'NONE',  ( 0.000000000000000000, 1.000000000000000000, 0.000000000000000000 ) ) ;
#8398 = LINE ( 'NONE', #2851, #373 ) ;
#8399 = ORIENTED_EDGE ( 'NONE', *, *, #637, .F. ) ;
#8400 = CARTESIAN_POINT ( 'NONE',  ( 1.471763094276499872, 6.149899999999999700, 9.683321737259008799 ) ) ;
#8401 = VERTEX_POINT ( 'NONE', #4245 ) ;
#8402 = CYLINDRICAL_SURFACE ( 'NONE', #3693, 0.1000000000000000333 ) ;
#8403 = CARTESIAN_POINT ( 'NONE',  ( -2.049482311335309781, 3.139837828411979892, 12.05000000000000071 ) ) ;
#8404 = DIRECTION ( 'NONE',  ( 0.7071067811865452413, -1.185846126156020277E-15, 0.7071067811865499042 ) ) ;
#8405 = DIRECTION ( 'NONE',  ( 0.1016217158801560189, -0.9948231133531091341, 0.000000000000000000 ) ) ;
#8406 = AXIS2_PLACEMENT_3D ( 'NONE', #6324, #796, #4125 ) ;
#8407 = DIRECTION ( 'NONE',  ( -0.7071067811865571207, -1.761828530288943916E-15, 0.7071067811865380248 ) ) ;
#8408 = CARTESIAN_POINT ( 'NONE',  ( 1.715685302125170120, 6.150000000000000355, 8.080674495657559575 ) ) ;
#8409 = ORIENTED_EDGE ( 'NONE', *, *, #2188, .F. ) ;
#8410 = VERTEX_POINT ( 'NONE', #3571 ) ;
#8411 = VECTOR ( 'NONE', #7329, 1000.000000000000114 ) ;
#8412 = VERTEX_POINT ( 'NONE', #6313 ) ;
#8413 = ORIENTED_EDGE ( 'NONE', *, *, #4838, .T. ) ;
#8414 = ORIENTED_EDGE ( 'NONE', *, *, #749, .F. ) ;
#8415 = CARTESIAN_POINT ( 'NONE',  ( 1.896398432856900129, 6.150000000000000355, 10.37213860327680059 ) ) ;
#8416 = CARTESIAN_POINT ( 'NONE',  ( 0.3250000000000000111, -7.900000000000000355, 5.200000000000000178 ) ) ;
#8417 = DIRECTION ( 'NONE',  ( 1.000000000000000000, 0.000000000000000000, 0.000000000000000000 ) ) ;
#8418 = ORIENTED_EDGE ( 'NONE', *, *, #999, .T. ) ;
#8419 = DIRECTION ( 'NONE',  ( 0.1016217158801560189, 0.9948231133531091341, 0.000000000000000000 ) ) ;
#8420 = CARTESIAN_POINT ( 'NONE',  ( 1.781402303752940508, 6.150000000000001243, 6.956047752445606136 ) ) ;
#8421 = VECTOR ( 'NONE', #7664, 1000.000000000000000 ) ;
#8422 = ORIENTED_EDGE ( 'NONE', *, *, #412, .F. ) ;
#8423 = B_SPLINE_CURVE_WITH_KNOTS ( 'NONE', 3,
 ( #2355, #276, #8393, #5001 ),
 .UNSPECIFIED., .F., .F.,
 ( 4, 4 ),
 ( 0.000000000000000000, 1.000000000000000000 ),
 .UNSPECIFIED. ) ;
#8424 = CARTESIAN_POINT ( 'NONE',  ( 1.257014306635649836, 6.150000000000000355, 10.81622288866240034 ) ) ;
#8425 = ORIENTED_EDGE ( 'NONE', *, *, #7661, .F. ) ;
#8426 = DIRECTION ( 'NONE',  ( 0.6315887651184259877, 0.7753035739477678323, 0.000000000000000000 ) ) ;
#8427 = CYLINDRICAL_SURFACE ( 'NONE', #6333, 0.1000000000000001443 ) ;
#8428 = CIRCLE ( 'NONE', #1950, 0.1999999999999996503 ) ;
#8429 = EDGE_CURVE ( 'NONE', #3942, #1030, #2518, .T. ) ;
#8430 = DIRECTION ( 'NONE',  ( 0.000000000000000000, 0.000000000000000000, 1.000000000000000000 ) ) ;
#8431 = CARTESIAN_POINT ( 'NONE',  ( -1.899189142059919844, 2.652588443323439904, 6.025000000000000355 ) ) ;
#8432 = ORIENTED_EDGE ( 'NONE', *, *, #7488, .F. ) ;
#8433 = CARTESIAN_POINT ( 'NONE',  ( -0.4302828521505729920, 6.150000000000000355, 3.200000000000000178 ) ) ;
#8434 = AXIS2_PLACEMENT_3D ( 'NONE', #6572, #1172, #8795 ) ;
#8435 = LINE ( 'NONE', #4278, #4618 ) ;
#8436 = EDGE_CURVE ( 'NONE', #7696, #319, #7107, .T. ) ;
#8437 = VECTOR ( 'NONE', #7872, 1000.000000000000000 ) ;
#8438 = DIRECTION ( 'NONE',  ( -1.000000000000000000, 0.000000000000000000, 0.000000000000000000 ) ) ;
#8439 = DIRECTION ( 'NONE',  ( -4.625929269271559870E-16, 1.000000000000000000, 4.625929269271479997E-16 ) ) ;
#8440 = CARTESIAN_POINT ( 'NONE',  ( -0.08006199179813981714, -6.150000000000000355, 0.6707106781186548128 ) ) ;
#8441 = EDGE_LOOP ( 'NONE', ( #297, #560, #6452, #4214, #5247, #2498 ) ) ;
#8442 = CARTESIAN_POINT ( 'NONE',  ( 0.5717042083878822734, 5.208578643762690419, 3.200000000000000178 ) ) ;
#8443 = ORIENTED_EDGE ( 'NONE', *, *, #5698, .F. ) ;
#8444 = CARTESIAN_POINT ( 'NONE',  ( 1.275000000000000133, 6.150000000000000355, 0.1000000000000000056 ) ) ;
#8445 = DIRECTION ( 'NONE',  ( 1.000000000000000000, 0.000000000000000000, 0.000000000000000000 ) ) ;
#8446 = CARTESIAN_POINT ( 'NONE',  ( 0.9620386134233203101, 6.150000000000000355, 8.924270586729978305 ) ) ;
#8447 = CARTESIAN_POINT ( 'NONE',  ( 2.040305328863119882, 3.149999999999999911, 18.59999999999999787 ) ) ;
#8448 = EDGE_CURVE ( 'NONE', #1389, #2626, #4009, .T. ) ;
#8449 = CARTESIAN_POINT ( 'NONE',  ( 1.686511881917360123, 6.150000000000000355, 7.540696097551820465 ) ) ;
#8450 = ORIENTED_EDGE ( 'NONE', *, *, #5366, .T. ) ;
#8451 = AXIS2_PLACEMENT_3D ( 'NONE', #7669, #4882, #2806 ) ;
#8452 = ORIENTED_EDGE ( 'NONE', *, *, #7675, .T. ) ;
#8453 = EDGE_LOOP ( 'NONE', ( #3596, #4384, #7187, #7559 ) ) ;
#8454 = VERTEX_POINT ( 'NONE', #3615 ) ;
#8455 = ORIENTED_EDGE ( 'NONE', *, *, #4481, .F. ) ;
#8456 = CARTESIAN_POINT ( 'NONE',  ( 0.6302828521505730031, 5.349999999999999645, 4.000000000000000000 ) ) ;
#8457 = CIRCLE ( 'NONE', #8894, 0.1999999999999989009 ) ;
#8458 = CIRCLE ( 'NONE', #1560, 0.09999999999999982514 ) ;
#8459 = DIRECTION ( 'NONE',  ( 0.1016217158801560189, 0.9948231133531091341, 0.000000000000000000 ) ) ;
#8460 = EDGE_CURVE ( 'NONE', #1212, #5347, #3553, .T. ) ;
#8461 = EDGE_CURVE ( 'NONE', #2387, #4797, #4929, .T. ) ;
#8462 = CARTESIAN_POINT ( 'NONE',  ( 0.3250000000000000111, 7.900000000000000355, 4.700000000000000178 ) ) ;
#8463 = EDGE_CURVE ( 'NONE', #7345, #3672, #7223, .T. ) ;
#8464 = EDGE_CURVE ( 'NONE', #4344, #1426, #6723, .T. ) ;
#8465 = EDGE_CURVE ( 'NONE', #5606, #2394, #4124, .T. ) ;
#8466 = EDGE_LOOP ( 'NONE', ( #8318, #6322, #793, #1943 ) ) ;
#8467 = DIRECTION ( 'NONE',  ( 1.000000000000000000, 0.000000000000000000, 0.000000000000000000 ) ) ;
#8468 = CARTESIAN_POINT ( 'NONE',  ( 1.008770110608050219, 6.150000000000000355, 11.19142548744630083 ) ) ;
#8469 = AXIS2_PLACEMENT_3D ( 'NONE', #455, #3206, #5939 ) ;
#8470 = AXIS2_PLACEMENT_3D ( 'NONE', #1046, #5273, #8663 ) ;
#8471 = ORIENTED_EDGE ( 'NONE', *, *, #6903, .T. ) ;
#8472 = CARTESIAN_POINT ( 'NONE',  ( 1.943184900355285905, 3.083283761372799692, 18.50287957149216567 ) ) ;
#8473 = ORIENTED_EDGE ( 'NONE', *, *, #5266, .T. ) ;
#8474 = DIRECTION ( 'NONE',  ( 0.000000000000000000, -1.000000000000000000, 0.000000000000000000 ) ) ;
#8475 = ORIENTED_EDGE ( 'NONE', *, *, #3292, .T. ) ;
#8476 = CARTESIAN_POINT ( 'NONE',  ( -0.4302828521505689952, 5.349999999999999645, 15.90000000000000036 ) ) ;
#8477 = VECTOR ( 'NONE', #5822, 1000.000000000000000 ) ;
#8478 = VECTOR ( 'NONE', #7153, 1000.000000000000000 ) ;
#8479 = CARTESIAN_POINT ( 'NONE',  ( 1.454675656823970042, -1.698964622670620095, 11.29999999999999893 ) ) ;
#8480 = CARTESIAN_POINT ( 'NONE',  ( 1.809688545017010153, 6.149950000282250251, 9.954796619748389475 ) ) ;
#8481 = ORIENTED_EDGE ( 'NONE', *, *, #8854, .F. ) ;
#8482 = CARTESIAN_POINT ( 'NONE',  ( 1.940478040866316034, 3.056785031638665995, 18.50017271200319868 ) ) ;
#8483 = DIRECTION ( 'NONE',  ( 0.000000000000000000, 0.000000000000000000, 1.000000000000000000 ) ) ;
#8484 = DIRECTION ( 'NONE',  ( -1.000000000000000000, 0.000000000000000000, -2.775557561562890168E-15 ) ) ;
#8485 = CYLINDRICAL_SURFACE ( 'NONE', #4927, 0.1000000000000001443 ) ;
#8486 = AXIS2_PLACEMENT_3D ( 'NONE', #382, #6595, #4517 ) ;
#8487 = DIRECTION ( 'NONE',  ( -0.4739773776949202655, -0.8805370210465013336, 0.000000000000000000 ) ) ;
#8488 = ORIENTED_EDGE ( 'NONE', *, *, #3247, .T. ) ;
#8489 = CARTESIAN_POINT ( 'NONE',  ( -0.4302828521505729920, 5.349999999999999645, 3.000000000000000000 ) ) ;
#8490 = EDGE_LOOP ( 'NONE', ( #2200, #4680, #2614, #7152, #5450, #3778, #3207, #2526, #1695, #6120, #4539, #3684, #657, #4286 ) ) ;
#8491 = CARTESIAN_POINT ( 'NONE',  ( 1.029289321881345698, 3.120710678118654879, 0.2707106781186547351 ) ) ;
#8492 = CARTESIAN_POINT ( 'NONE',  ( 1.027678808890890139, 6.150000000000000355, 11.42400247632520127 ) ) ;
#8493 = CARTESIAN_POINT ( 'NONE',  ( 0.9620386134233209763, 6.150000000000000355, 8.958038095981430970 ) ) ;
#8494 = CARTESIAN_POINT ( 'NONE',  ( 1.294291454678980102, 6.149949536118089810, 7.285428670733460343 ) ) ;
#8495 = DIRECTION ( 'NONE',  ( 0.7071067811865470176, 0.7071067811865480168, 0.000000000000000000 ) ) ;
#8496 = CARTESIAN_POINT ( 'NONE',  ( 1.820223391203169783, 6.149899999999999700, 8.346206644400899322 ) ) ;
#8497 = ORIENTED_EDGE ( 'NONE', *, *, #2883, .F. ) ;
#8498 = EDGE_CURVE ( 'NONE', #986, #3088, #7806, .T. ) ;
#8499 = ORIENTED_EDGE ( 'NONE', *, *, #5148, .F. ) ;
#8500 = ORIENTED_EDGE ( 'NONE', *, *, #4819, .T. ) ;
#8501 = VERTEX_POINT ( 'NONE', #958 ) ;
#8502 = EDGE_LOOP ( 'NONE', ( #8717, #2208, #2909, #7070, #660 ) ) ;
#8503 = CARTESIAN_POINT ( 'NONE',  ( -1.909351313647939863, 2.752070754658749951, 7.799999999999999822 ) ) ;
#8504 = EDGE_CURVE ( 'NONE', #770, #914, #2363, .T. ) ;
#8505 = CARTESIAN_POINT ( 'NONE',  ( 1.294291454678969888, 6.149949536118099580, 10.14118235996499884 ) ) ;
#8506 = DIRECTION ( 'NONE',  ( 1.000000000000000000, 0.000000000000000000, 0.000000000000000000 ) ) ;
#8507 = EDGE_CURVE ( 'NONE', #5485, #5915, #1980, .T. ) ;
#8508 = ORIENTED_EDGE ( 'NONE', *, *, #3435, .T. ) ;
#8509 = PLANE ( 'NONE',  #1102 ) ;
#8510 = LINE ( 'NONE', #215, #4279 ) ;
#8511 = PRODUCT_DEFINITION_FORMATION_WITH_SPECIFIED_SOURCE ( 'ANY', '', #5473, .NOT_KNOWN. ) ;
#8512 = VERTEX_POINT ( 'NONE', #5012 ) ;
#8513 = CIRCLE ( 'NONE', #1025, 0.09999999999999982514 ) ;
#8514 = DIRECTION ( 'NONE',  ( 1.000000000000000000, 0.000000000000000000, 2.775557561562890365E-16 ) ) ;
#8515 = ORIENTED_EDGE ( 'NONE', *, *, #8746, .T. ) ;
#8517 = EDGE_CURVE ( 'NONE', #5393, #4449, #3080, .T. ) ;
#8516 = DIRECTION ( 'NONE',  ( 0.6315887651184259877, 0.7753035739477678323, 0.000000000000000000 ) ) ;
#8518 = EDGE_CURVE ( 'NONE', #2751, #8762, #4417, .T. ) ;
#8519 = ADVANCED_FACE ( 'NONE', ( #1686 ), #5737, .T. ) ;
#8520 = CARTESIAN_POINT ( 'NONE',  ( 1.444210419635788112, 6.150000000000000355, 9.938589164077379579 ) ) ;
#8521 = VERTEX_POINT ( 'NONE', #871 ) ;
#8522 = DIRECTION ( 'NONE',  ( -0.7071067811865446862, 0.7071067811865502373, 6.661338147750936284E-16 ) ) ;
#8523 = DIRECTION ( 'NONE',  ( 0.000000000000000000, 1.000000000000000000, 0.000000000000000000 ) ) ;
#8524 = CARTESIAN_POINT ( 'NONE',  ( 1.991875210492789483, 3.141005708178517875, 18.55156988162966769 ) ) ;
#8525 = CIRCLE ( 'NONE', #4336, 0.1999999999999999833 ) ;
#8526 = ORIENTED_EDGE ( 'NONE', *, *, #1140, .F. ) ;
#8527 = CARTESIAN_POINT ( 'NONE',  ( 2.520710678118653014, 3.250000000000000000, 0.02928932188134370646 ) ) ;
#8528 = DIRECTION ( 'NONE',  ( 0.000000000000000000, -0.7998893862965784640, -0.6001474566221894902 ) ) ;
#8529 = MECHANICAL_DESIGN_GEOMETRIC_PRESENTATION_REPRESENTATION (  '', ( #6207 ), #5788 ) ;
#8530 = CARTESIAN_POINT ( 'NONE',  ( 1.569548076824905269, 6.150000000000000355, 12.18818401121320072 ) ) ;
#8531 = CARTESIAN_POINT ( 'NONE',  ( 1.131406525185350009, 6.149899998944220236, 9.983970039956201248 ) ) ;
#8532 = CARTESIAN_POINT ( 'NONE',  ( 1.000000000000000000, 3.149999999999999911, 18.50000000000000000 ) ) ;
#8533 = ORIENTED_EDGE ( 'NONE', *, *, #2894, .T. ) ;
#8534 = FACE_OUTER_BOUND ( 'NONE', #8162, .T. ) ;
#8535 = CARTESIAN_POINT ( 'NONE',  ( -1.998671453395229891, 2.642426271735430099, 6.025000000000000355 ) ) ;
#8536 = AXIS2_PLACEMENT_3D ( 'NONE', #1954, #1239, #4662 ) ;
#8537 = ORIENTED_EDGE ( 'NONE', *, *, #4565, .T. ) ;
#8538 = CARTESIAN_POINT ( 'NONE',  ( -2.442386859369360064, 3.050000000000000266, 6.949999999999999289 ) ) ;
#8539 = DIRECTION ( 'NONE',  ( 0.000000000000000000, 0.000000000000000000, -1.000000000000000000 ) ) ;
#8540 = SURFACE_STYLE_FILL_AREA ( #7858 ) ;
#8541 = DIRECTION ( 'NONE',  ( 0.000000000000000000, 0.000000000000000000, -1.000000000000000000 ) ) ;
#8542 = CARTESIAN_POINT ( 'NONE',  ( -0.3250000000000000111, -2.233589289206860062, -4.700000000000000178 ) ) ;
#8543 = CARTESIAN_POINT ( 'NONE',  ( 0.9798668146614298857, 6.150000000000000355, 8.846206651851471037 ) ) ;
#8544 = EDGE_LOOP ( 'NONE', ( #3839, #3654, #161, #3603 ) ) ;
#8545 = EDGE_LOOP ( 'NONE', ( #4030, #4617, #2142, #1077 ) ) ;
#8546 = VERTEX_POINT ( 'NONE', #2221 ) ;
#8547 = ORIENTED_EDGE ( 'NONE', *, *, #1409, .T. ) ;
#8548 = CARTESIAN_POINT ( 'NONE',  ( 1.779143412156421578, 6.150000000000003020, 7.409108794765001171 ) ) ;
#8549 = EDGE_CURVE ( 'NONE', #2545, #7933, #8025, .T. ) ;
#8550 = CARTESIAN_POINT ( 'NONE',  ( -0.4302828521505719928, 5.349999999999999645, 6.799999999999999822 ) ) ;
#8551 = CARTESIAN_POINT ( 'NONE',  ( 1.240806850964650154, 6.150000000000000355, 7.885167830322123983 ) ) ;
#8552 = ORIENTED_EDGE ( 'NONE', *, *, #2572, .T. ) ;
#8553 = AXIS2_PLACEMENT_3D ( 'NONE', #1907, #4657, #7402 ) ;
#8554 = CARTESIAN_POINT ( 'NONE',  ( 1.100000000000000089, 3.050000000000000266, 9.250000000000000000 ) ) ;
#8555 = PLANE ( 'NONE',  #1422 ) ;
#8556 = VERTEX_POINT ( 'NONE', #4334 ) ;
#8557 = DIRECTION ( 'NONE',  ( 1.314081478514699877E-16, -1.000000000000000000, 0.000000000000000000 ) ) ;
#8558 = ORIENTED_EDGE ( 'NONE', *, *, #4914, .T. ) ;
#8559 = CARTESIAN_POINT ( 'NONE',  ( -0.3203243431760319782, 3.149999999999999911, 6.949999999999999289 ) ) ;
#8560 = CYLINDRICAL_SURFACE ( 'NONE', #3234, 0.09999999999999965861 ) ;
#8561 = ORIENTED_EDGE ( 'NONE', *, *, #2510, .T. ) ;
#8562 = DIRECTION ( 'NONE',  ( 1.000000000000000000, 0.000000000000000000, 0.000000000000000000 ) ) ;
#8563 = DIRECTION ( 'NONE',  ( 1.000000000000000000, 0.000000000000000000, 0.000000000000000000 ) ) ;
#8564 = ADVANCED_FACE ( 'NONE', ( #5644 ), #8402, .T. ) ;
#8565 = DIRECTION ( 'NONE',  ( -0.000000000000000000, 1.000000000000000000, 0.000000000000000000 ) ) ;
#8566 = ORIENTED_EDGE ( 'NONE', *, *, #1140, .T. ) ;
#8567 = CARTESIAN_POINT ( 'NONE',  ( 1.782946243159850175, 6.150000000000000355, 10.37456972162746816 ) ) ;
#8568 = DIRECTION ( 'NONE',  ( -1.000000000000000000, 0.000000000000000000, 0.000000000000000000 ) ) ;
#8569 = VECTOR ( 'NONE', #4372, 1000.000000000000000 ) ;
#8570 = B_SPLINE_CURVE_WITH_KNOTS ( 'NONE', 3,
 ( #6259, #4917, #7662, #1546 ),
 .UNSPECIFIED., .F., .F.,
 ( 4, 4 ),
 ( 0.000000000000000000, 1.000000000000000000 ),
 .UNSPECIFIED. ) ;
#8571 = EDGE_CURVE ( 'NONE', #6890, #8501, #4272, .T. ) ;
#8572 = ADVANCED_FACE ( 'NONE', ( #8676 ), #5866, .F. ) ;
#8573 = ADVANCED_FACE ( 'NONE', ( #2445 ), #4611, .F. ) ;
#8574 = CARTESIAN_POINT ( 'NONE',  ( -0.1625000000000000056, -7.400000000000000355, -0.5000000000000000000 ) ) ;
#8575 = CARTESIAN_POINT ( 'NONE',  ( 1.731262775071520155, 6.149999999999998579, 8.366897366316589313 ) ) ;
#8576 = EDGE_CURVE ( 'NONE', #7833, #5557, #5364, .T. ) ;
#8577 = CARTESIAN_POINT ( 'NONE',  ( -2.447668695758903112, 3.101706398339743043, 12.06028504210243213 ) ) ;
#8578 = VECTOR ( 'NONE', #503, 1000.000000000000000 ) ;
#8579 = ORIENTED_EDGE ( 'NONE', *, *, #1995, .F. ) ;
#8580 = CARTESIAN_POINT ( 'NONE',  ( -0.5717042083878813852, 6.150000000000000355, 6.941421356237309048 ) ) ;
#8581 = CARTESIAN_POINT ( 'NONE',  ( 1.494723656477093598, 6.150000000000000355, 9.683321737259008799 ) ) ;
#8582 = VERTEX_POINT ( 'NONE', #7356 ) ;
#8583 = DIRECTION ( 'NONE',  ( 0.000000000000000000, 1.000000000000000000, 0.000000000000000000 ) ) ;
#8584 = CARTESIAN_POINT ( 'NONE',  ( 1.812122122735035701, 6.150000000000000355, 7.787271675324982212 ) ) ;
#8585 = CARTESIAN_POINT ( 'NONE',  ( -1.073123889793531571, 3.149999999999999911, 18.87312388979352917 ) ) ;
#8586 = CARTESIAN_POINT ( 'NONE',  ( 1.911678892092060877, 6.150000000000000355, 9.860466941354738779 ) ) ;
#8587 = EDGE_CURVE ( 'NONE', #411, #3239, #4192, .T. ) ;
#8588 = AXIS2_PLACEMENT_3D ( 'NONE', #1398, #4140, #1589 ) ;
#8589 = SPHERICAL_SURFACE ( 'NONE', #8311, 0.1000000000000000056 ) ;
#8590 = CARTESIAN_POINT ( 'NONE',  ( -2.550000000000000266, 3.250000000000000000, 0.1000000000000000056 ) ) ;
#8591 = ORIENTED_EDGE ( 'NONE', *, *, #999, .F. ) ;
#8592 = EDGE_LOOP ( 'NONE', ( #7190, #2760, #1709, #6920, #8685, #8825, #3907, #4584, #6046 ) ) ;
#8593 = VERTEX_POINT ( 'NONE', #6636 ) ;
#8594 = EDGE_LOOP ( 'NONE', ( #2296, #1322, #4948, #812, #831, #2952, #6243, #8913, #5081 ) ) ;
#8595 = DIRECTION ( 'NONE',  ( 0.000000000000000000, -1.000000000000000000, 0.000000000000000000 ) ) ;
#8596 = FACE_OUTER_BOUND ( 'NONE', #3294, .T. ) ;
#8597 = CARTESIAN_POINT ( 'NONE',  ( 2.520710678118653014, 6.049999999999999822, 0.02928932188134370646 ) ) ;
#8598 = B_SPLINE_CURVE_WITH_KNOTS ( 'NONE', 3,
 ( #577, #5352, #3954, #1301, #6704, #4678 ),
 .UNSPECIFIED., .F., .F.,
 ( 4, 2, 4 ),
 ( 0.000000000000000000, 0.5000000000000000000, 1.000000000000000000 ),
 .UNSPECIFIED. ) ;
#8599 = VERTEX_POINT ( 'NONE', #2491 ) ;
#8600 = DIRECTION ( 'NONE',  ( 0.000000000000000000, 1.000000000000000000, 0.000000000000000000 ) ) ;
#8601 = CARTESIAN_POINT ( 'NONE',  ( 1.769227234863317566, 6.150000000000000355, 7.683281256053533959 ) ) ;
#8602 = EDGE_CURVE ( 'NONE', #1650, #4888, #8810, .T. ) ;
#8603 = ORIENTED_EDGE ( 'NONE', *, *, #3229, .F. ) ;
#8604 = CARTESIAN_POINT ( 'NONE',  ( 1.333320359436579894, 6.149999999999999467, 9.700352484475926573 ) ) ;
#8605 = ORIENTED_EDGE ( 'NONE', *, *, #6269, .F. ) ;
#8606 = VECTOR ( 'NONE', #6943, 1000.000000000000000 ) ;
#8607 = DIRECTION ( 'NONE',  ( 1.000000000000000000, 0.000000000000000000, 0.000000000000000000 ) ) ;
#8608 = DIRECTION ( 'NONE',  ( 0.000000000000000000, -1.000000000000000000, 0.000000000000000000 ) ) ;
#8609 = ORIENTED_EDGE ( 'NONE', *, *, #5134, .T. ) ;
#8610 = DIRECTION ( 'NONE',  ( 0.000000000000000000, 1.000000000000000000, 0.000000000000000000 ) ) ;
#8611 = B_SPLINE_CURVE_WITH_KNOTS ( 'NONE', 3,
 ( #7918, #395, #259, #1115 ),
 .UNSPECIFIED., .F., .F.,
 ( 4, 4 ),
 ( 0.000000000000000000, 1.000000000000000000 ),
 .UNSPECIFIED. ) ;
#8612 = VECTOR ( 'NONE', #3085, 1000.000000000000000 ) ;
#8613 = VECTOR ( 'NONE', #6220, 1000.000000000000000 ) ;
#8614 = DIRECTION ( 'NONE',  ( -0.1016217158801569903, 0.9948231133531089121, 0.000000000000000000 ) ) ;
#8615 = CARTESIAN_POINT ( 'NONE',  ( 1.614388704181369816, 6.150000000000000355, 10.60471559215579873 ) ) ;
#8616 = VERTEX_POINT ( 'NONE', #8039 ) ;
#8617 = EDGE_CURVE ( 'NONE', #694, #8024, #5382, .T. ) ;
#8618 = LINE ( 'NONE', #3071, #3416 ) ;
#8619 = STYLED_ITEM ( 'NONE', ( #3813 ), #4450 ) ;
#8620 = CIRCLE ( 'NONE', #4285, 0.1000000000000000056 ) ;
#8621 = EDGE_CURVE ( 'NONE', #84, #8643, #8088, .T. ) ;
#8622 = CARTESIAN_POINT ( 'NONE',  ( 2.449999999999999734, 3.250000000000000000, 0.1000000000000000056 ) ) ;
#8623 = CARTESIAN_POINT ( 'NONE',  ( 2.442386859369360064, 3.050000000000000266, 7.049999999999999822 ) ) ;
#8624 = LINE ( 'NONE', #8671, #8569 ) ;
#8625 = ORIENTED_EDGE ( 'NONE', *, *, #5457, .T. ) ;
#8626 = LINE ( 'NONE', #2404, #1716 ) ;
#8627 = DIRECTION ( 'NONE',  ( 0.000000000000000000, -1.000000000000000000, 0.000000000000000000 ) ) ;
#8628 = EDGE_LOOP ( 'NONE', ( #2264, #7972, #6702, #603, #8133 ) ) ;
#8629 = EDGE_CURVE ( 'NONE', #8742, #5418, #2629, .T. ) ;
#8630 = CARTESIAN_POINT ( 'NONE',  ( -1.998671453395229891, 2.642426271735430099, 7.799999999999999822 ) ) ;
#8631 =( BOUNDED_CURVE ( )  B_SPLINE_CURVE ( 3, ( #1456, #2262, #5681, #4193 ),
 .UNSPECIFIED., .F., .F. ) 
 B_SPLINE_CURVE_WITH_KNOTS ( ( 4, 4 ),
 ( 2.305295769599332356, 2.356194490192363045 ),
 .UNSPECIFIED. ) 
 CURVE ( )  GEOMETRIC_REPRESENTATION_ITEM ( )  RATIONAL_B_SPLINE_CURVE ( ( 1.000000000000000000, 0.9997841216720353419, 0.9997841216720353419, 1.000000000000000000 ) ) 
 REPRESENTATION_ITEM ( '' )  );
#8632 = CARTESIAN_POINT ( 'NONE',  ( 1.852638302545190019, 6.150000000000000355, 7.616060766422009465 ) ) ;
#8633 = EDGE_CURVE ( 'NONE', #6660, #8412, #540, .T. ) ;
#8634 = CARTESIAN_POINT ( 'NONE',  ( -0.4302828521505719928, 5.349999999999999645, 6.000000000000000000 ) ) ;
#8635 = EDGE_CURVE ( 'NONE', #7352, #1394, #5564, .T. ) ;
#8636 = EDGE_CURVE ( 'NONE', #4724, #6462, #3989, .T. ) ;
#8637 = EDGE_CURVE ( 'NONE', #5831, #1663, #5135, .T. ) ;
#8638 = CARTESIAN_POINT ( 'NONE',  ( 2.040305328863119882, 3.149999999999999911, 0.000000000000000000 ) ) ;
#8639 = EDGE_CURVE ( 'NONE', #902, #7143, #1820, .T. ) ;
#8640 = FACE_OUTER_BOUND ( 'NONE', #4700, .T. ) ;
#8641 = CARTESIAN_POINT ( 'NONE',  ( 0.9028814002241352110, 6.150000000000000355, 12.14388363237913282 ) ) ;
#8642 = EDGE_LOOP ( 'NONE', ( #7165, #296, #8006, #6086 ) ) ;
#8643 = VERTEX_POINT ( 'NONE', #7314 ) ;
#8644 = CARTESIAN_POINT ( 'NONE',  ( 0.9369170571332520181, 6.149899999999999700, 11.06500733321239949 ) ) ;
#8645 = ORIENTED_EDGE ( 'NONE', *, *, #1463, .T. ) ;
#8646 = EDGE_LOOP ( 'NONE', ( #6411, #6798, #3549, #954 ) ) ;
#8647 = CARTESIAN_POINT ( 'NONE',  ( 1.257014306635659828, 6.150000000000000355, 8.896449764431599405 ) ) ;
#8648 = DIRECTION ( 'NONE',  ( 0.000000000000000000, 0.000000000000000000, 1.000000000000000000 ) ) ;
#8649 = DIRECTION ( 'NONE',  ( 0.000000000000000000, 0.000000000000000000, -1.000000000000000000 ) ) ;
#8650 = ORIENTED_EDGE ( 'NONE', *, *, #2781, .T. ) ;
#8651 = DIRECTION ( 'NONE',  ( 0.000000000000000000, 0.000000000000000000, 1.000000000000000000 ) ) ;
#8652 = DIRECTION ( 'NONE',  ( -3.469446951953610245E-16, 0.000000000000000000, -1.000000000000000000 ) ) ;
#8653 = ORIENTED_EDGE ( 'NONE', *, *, #6903, .F. ) ;
#8654 = CARTESIAN_POINT ( 'NONE',  ( -1.991875210492788817, 3.141005708178517430, 18.55156988162966414 ) ) ;
#8655 = ORIENTED_EDGE ( 'NONE', *, *, #6749, .T. ) ;
#8656 = CARTESIAN_POINT ( 'NONE',  ( 2.474447449668060184, 3.146831826596509618, 12.11072691855579997 ) ) ;
#8657 = VECTOR ( 'NONE', #181, 1000.000000000000000 ) ;
#8658 = CARTESIAN_POINT ( 'NONE',  ( -0.4302828521505719928, 6.150000000000000355, 7.000000000000000000 ) ) ;
#8659 = DIRECTION ( 'NONE',  ( 0.7071067811865464625, 0.000000000000000000, -0.7071067811865484609 ) ) ;
#8660 = VECTOR ( 'NONE', #6206, 1000.000000000000000 ) ;
#8661 = SPHERICAL_SURFACE ( 'NONE', #7734, 0.2000000000000000111 ) ;
#8662 = ORIENTED_EDGE ( 'NONE', *, *, #3052, .T. ) ;
#8663 = DIRECTION ( 'NONE',  ( -4.163336342344339985E-16, 0.000000000000000000, 1.000000000000000000 ) ) ;
#8664 = EDGE_CURVE ( 'NONE', #2011, #6328, #1149, .T. ) ;
#8665 = CIRCLE ( 'NONE', #2611, 0.1999999999999996503 ) ;
#8666 = EDGE_CURVE ( 'NONE', #2083, #2341, #3887, .T. ) ;
#8667 = VECTOR ( 'NONE', #2159, 1000.000000000000000 ) ;
#8668 = AXIS2_PLACEMENT_3D ( 'NONE', #4576, #7372, #6691 ) ;
#8669 = CARTESIAN_POINT ( 'NONE',  ( 1.852638302545190019, 6.150000000000000355, 7.616060766422009465 ) ) ;
#8670 = CARTESIAN_POINT ( 'NONE',  ( 1.454745265821949962, 6.150000000000000355, 7.842965145816109818 ) ) ;
#8671 = CARTESIAN_POINT ( 'NONE',  ( 2.550000000000000266, 1.004596597366330002, 0.1000000000000000056 ) ) ;
#8672 = ORIENTED_EDGE ( 'NONE', *, *, #5696, .T. ) ;
#8673 = CARTESIAN_POINT ( 'NONE',  ( -0.4302828521505729920, 5.349999999999999645, 3.200000000000000178 ) ) ;
#8674 = FACE_OUTER_BOUND ( 'NONE', #1020, .T. ) ;
#8675 = ORIENTED_EDGE ( 'NONE', *, *, #3715, .T. ) ;
#8676 = FACE_OUTER_BOUND ( 'NONE', #1955, .T. ) ;
#8677 = PLANE ( 'NONE',  #4599 ) ;
#8678 = TOROIDAL_SURFACE ( 'NONE', #1192, 0.2000000000000000111, 0.1000000000000000056 ) ;
#8679 = ADVANCED_FACE ( 'NONE', ( #3221 ), #8723, .F. ) ;
#8680 = FACE_OUTER_BOUND ( 'NONE', #8326, .T. ) ;
#8681 = CARTESIAN_POINT ( 'NONE',  ( 1.807257426666360134, 6.150000000000000355, 10.46047741604509973 ) ) ;
#8682 = CARTESIAN_POINT ( 'NONE',  ( 1.540644780878290376, 6.150000000000000355, 9.856471388677606527 ) ) ;
#8683 = DIRECTION ( 'NONE',  ( 0.000000000000000000, 0.000000000000000000, -1.000000000000000000 ) ) ;
#8684 = ORIENTED_EDGE ( 'NONE', *, *, #311, .F. ) ;
#8685 = ORIENTED_EDGE ( 'NONE', *, *, #5531, .T. ) ;
#8686 =( BOUNDED_CURVE ( )  B_SPLINE_CURVE ( 3, ( #7888, #5132, #7391, #1222 ),
 .UNSPECIFIED., .F., .F. ) 
 B_SPLINE_CURVE_WITH_KNOTS ( ( 4, 4 ),
 ( 2.305295769599331024, 2.356194490192346613 ),
 .UNSPECIFIED. ) 
 CURVE ( )  GEOMETRIC_REPRESENTATION_ITEM ( )  RATIONAL_B_SPLINE_CURVE ( ( 1.000000000000000000, 0.9997841216720353419, 0.9997841216720353419, 1.000000000000000000 ) ) 
 REPRESENTATION_ITEM ( '' )  );
#8687 = CARTESIAN_POINT ( 'NONE',  ( 1.000000000000000000, -6.150000000000000355, 0.000000000000000000 ) ) ;
#8688 = ORIENTED_EDGE ( 'NONE', *, *, #5969, .F. ) ;
#8689 = ORIENTED_EDGE ( 'NONE', *, *, #5649, .T. ) ;
#8690 = DIRECTION ( 'NONE',  ( -0.7071067811865540120, -0.7071067811865410224, 0.000000000000000000 ) ) ;
#8691 = PLANE ( 'NONE',  #7537 ) ;
#8692 = CARTESIAN_POINT ( 'NONE',  ( 1.896398432856900129, 6.150000000000000355, 10.37213860327680059 ) ) ;
#8693 = B_SPLINE_CURVE_WITH_KNOTS ( 'NONE', 3,
 ( #4016, #4695, #6680, #2712 ),
 .UNSPECIFIED., .F., .F.,
 ( 4, 4 ),
 ( 0.000000000000000000, 1.000000000000000000 ),
 .UNSPECIFIED. ) ;
#8694 = VERTEX_POINT ( 'NONE', #5951 ) ;
#8695 = CARTESIAN_POINT ( 'NONE',  ( 0.4302828521505689952, 5.349999999999999645, 15.90000000000000036 ) ) ;
#8696 = LINE ( 'NONE', #1164, #7596 ) ;
#8697 = ORIENTED_EDGE ( 'NONE', *, *, #6847, .T. ) ;
#8698 = ORIENTED_EDGE ( 'NONE', *, *, #3063, .F. ) ;
#8699 = FACE_OUTER_BOUND ( 'NONE', #8392, .T. ) ;
#8700 = CARTESIAN_POINT ( 'NONE',  ( -1.100000000000000089, 3.149999999999999911, 0.2000000000000000111 ) ) ;
#8701 = DIRECTION ( 'NONE',  ( 0.000000000000000000, 0.000000000000000000, 1.000000000000000000 ) ) ;
#8702 = ADVANCED_FACE ( 'NONE', ( #4147 ), #8892, .F. ) ;
#8703 = VECTOR ( 'NONE', #125, 1000.000000000000000 ) ;
#8704 = ORIENTED_EDGE ( 'NONE', *, *, #8799, .T. ) ;
#8705 = LINE ( 'NONE', #3296, #8008 ) ;
#8706 = FACE_BOUND ( 'NONE', #6623, .T. ) ;
#8707 = ORIENTED_EDGE ( 'NONE', *, *, #4097, .T. ) ;
#8708 = DIRECTION ( 'NONE',  ( 0.000000000000000000, 1.000000000000000000, 0.000000000000000000 ) ) ;
#8709 = AXIS2_PLACEMENT_3D ( 'NONE', #3484, #4793, #6859 ) ;
#8710 = SHAPE_REPRESENTATION_RELATIONSHIP ( 'NONE' , 'NONE' ,  #3428, #5398 ) ;
#8711 = EDGE_CURVE ( 'NONE', #7473, #2545, #2754, .T. ) ;
#8712 = ADVANCED_FACE ( 'NONE', ( #6257 ), #6081, .F. ) ;
#8713 = DIRECTION ( 'NONE',  ( -1.000000000000000000, 0.000000000000000000, 0.000000000000000000 ) ) ;
#8714 = LINE ( 'NONE', #8032, #26 ) ;
#8715 = ORIENTED_EDGE ( 'NONE', *, *, #4858, .T. ) ;
#8716 = LINE ( 'NONE', #5231, #3666 ) ;
#8717 = ORIENTED_EDGE ( 'NONE', *, *, #4983, .F. ) ;
#8718 = PLANE ( 'NONE',  #1134 ) ;
#8719 = FACE_OUTER_BOUND ( 'NONE', #5374, .T. ) ;
#8720 = ORIENTED_EDGE ( 'NONE', *, *, #6471, .F. ) ;
#8721 = VECTOR ( 'NONE', #4919, 1000.000000000000000 ) ;
#8722 = ADVANCED_FACE ( 'NONE', ( #7528 ), #6843, .F. ) ;
#8723 = SPHERICAL_SURFACE ( 'NONE', #8214, 0.2000000000000000111 ) ;
#8724 = DIRECTION ( 'NONE',  ( -1.000000000000000000, 0.000000000000000000, 0.000000000000000000 ) ) ;
#8725 = DIRECTION ( 'NONE',  ( -0.7071067811865500152, -1.016439536705159914E-16, 0.7071067811865449082 ) ) ;
#8726 = DIRECTION ( 'NONE',  ( 1.000000000000000000, 0.000000000000000000, 0.000000000000000000 ) ) ;
#8727 = AXIS2_PLACEMENT_3D ( 'NONE', #7847, #6496, #2980 ) ;
#8728 = CARTESIAN_POINT ( 'NONE',  ( 2.040305328863119882, 3.050000000000000266, 0.000000000000000000 ) ) ;
#8729 = CARTESIAN_POINT ( 'NONE',  ( 1.474999999999999867, -1.500000000000000000, 12.05000000000000071 ) ) ;
#8730 = VERTEX_POINT ( 'NONE', #2164 ) ;
#8731 = ORIENTED_EDGE ( 'NONE', *, *, #5261, .T. ) ;
#8732 = CARTESIAN_POINT ( 'NONE',  ( 1.969594650744465048, 3.120710678118654879, 0.5707106781186547240 ) ) ;
#8733 = ORIENTED_EDGE ( 'NONE', *, *, #4043, .F. ) ;
#8734 = ORIENTED_EDGE ( 'NONE', *, *, #8448, .T. ) ;
#8735 = AXIS2_PLACEMENT_3D ( 'NONE', #8115, #498, #3250 ) ;
#8736 = SPHERICAL_SURFACE ( 'NONE', #887, 0.1000000000000000056 ) ;
#8737 = DIRECTION ( 'NONE',  ( 7.792703114739566078E-16, -0.7071067811865473507, 0.7071067811865476838 ) ) ;
#8738 = CARTESIAN_POINT ( 'NONE',  ( 2.449999999999999734, 3.250000000000000000, 6.949999999999999289 ) ) ;
#8739 = ORIENTED_EDGE ( 'NONE', *, *, #8617, .T. ) ;
#8740 = CYLINDRICAL_SURFACE ( 'NONE', #3099, 0.09999999999999983902 ) ;
#8741 = SURFACE_SIDE_STYLE ('',( #1254 ) ) ;
#8742 = VERTEX_POINT ( 'NONE', #1404 ) ;
#8743 = VERTEX_POINT ( 'NONE', #8255 ) ;
#8745 = EDGE_CURVE ( 'NONE', #128, #6978, #643, .T. ) ;
#8744 = FACE_OUTER_BOUND ( 'NONE', #4346, .T. ) ;
#8746 = EDGE_CURVE ( 'NONE', #7517, #3366, #733, .T. ) ;
#8747 = CARTESIAN_POINT ( 'NONE',  ( -1.010285042102434749, 3.101706398339743931, 18.81028504210243568 ) ) ;
#8748 = EDGE_CURVE ( 'NONE', #5121, #4265, #4825, .T. ) ;
#8749 = AXIS2_PLACEMENT_3D ( 'NONE', #8213, #5994, #2630 ) ;
#8750 = ADVANCED_FACE ( 'NONE', ( #3379 ), #8212, .F. ) ;
#8751 = CARTESIAN_POINT ( 'NONE',  ( 0.4302828521505699944, 5.349999999999999645, 12.30000000000000071 ) ) ;
#8752 = ORIENTED_EDGE ( 'NONE', *, *, #1963, .F. ) ;
#8753 = LINE ( 'NONE', #7293, #3258 ) ;
#8754 = CARTESIAN_POINT ( 'NONE',  ( -2.442470372173739523, 3.050817546400719671, 12.15008331433280020 ) ) ;
#8755 = VERTEX_POINT ( 'NONE', #7572 ) ;
#8756 = AXIS2_PLACEMENT_3D ( 'NONE', #3658, #5687, #4289 ) ;
#8757 = CARTESIAN_POINT ( 'NONE',  ( -0.3203243431760319782, 3.050000000000000266, 7.049999999999999822 ) ) ;
#8758 = VECTOR ( 'NONE', #7628, 1000.000000000000000 ) ;
#8759 = VECTOR ( 'NONE', #390, 1000.000000000000000 ) ;
#8760 = CARTESIAN_POINT ( 'NONE',  ( 0.9798668146614298857, 6.150000000000000355, 8.846206651851471037 ) ) ;
#8761 = FACE_OUTER_BOUND ( 'NONE', #4, .T. ) ;
#8762 = VERTEX_POINT ( 'NONE', #4738 ) ;
#8763 = EDGE_LOOP ( 'NONE', ( #2022, #87, #7326, #594 ) ) ;
#8764 = CARTESIAN_POINT ( 'NONE',  ( 0.9028814002241329906, 6.150000000000000355, 12.05528287471100057 ) ) ;
#8765 = FACE_OUTER_BOUND ( 'NONE', #857, .T. ) ;
#8766 = VECTOR ( 'NONE', #7295, 1000.000000000000000 ) ;
#8767 = AXIS2_PLACEMENT_3D ( 'NONE', #8433, #1541, #4276 ) ;
#8768 = CARTESIAN_POINT ( 'NONE',  ( -0.05552309676571959979, 0.1499999999999999944, 0.5999999999999999778 ) ) ;
#8769 = DIRECTION ( 'NONE',  ( 0.5773502691896257311, 0.5773502691896257311, 0.5773502691896257311 ) ) ;
#8770 = PLANE ( 'NONE',  #8553 ) ;
#8771 = CARTESIAN_POINT ( 'NONE',  ( 2.040305328863119882, 3.149999999999999911, 6.949999999999999289 ) ) ;
#8772 = AXIS2_PLACEMENT_3D ( 'NONE', #7588, #8315, #6230 ) ;
#8773 = CYLINDRICAL_SURFACE ( 'NONE', #1268, 0.1000000000000000749 ) ;
#8774 = DIRECTION ( 'NONE',  ( 0.000000000000000000, 1.000000000000000000, 0.000000000000000000 ) ) ;
#8775 = EDGE_LOOP ( 'NONE', ( #1581, #8605, #4257, #3231 ) ) ;
#8776 = ORIENTED_EDGE ( 'NONE', *, *, #368, .F. ) ;
#8777 = CARTESIAN_POINT ( 'NONE',  ( -1.048293601660256646, 3.139714957897565384, 0.5517063983397435534 ) ) ;
#8778 = ORIENTED_EDGE ( 'NONE', *, *, #2267, .F. ) ;
#8779 = CARTESIAN_POINT ( 'NONE',  ( 2.449999999999999734, 6.049999999999999822, 19.00000000000000000 ) ) ;
#8780 = CARTESIAN_POINT ( 'NONE',  ( -2.449999999999999734, 3.149999999999999911, 0.000000000000000000 ) ) ;
#8781 = SPHERICAL_SURFACE ( 'NONE', #2936, 0.1000000000000000056 ) ;
#8782 = FACE_BOUND ( 'NONE', #7238, .T. ) ;
#8783 = ADVANCED_FACE ( 'NONE', ( #732 ), #3470, .F. ) ;
#8784 = VERTEX_POINT ( 'NONE', #56 ) ;
#8785 = CARTESIAN_POINT ( 'NONE',  ( 1.152476217557649951, 6.149899999999999700, 11.19142548744630083 ) ) ;
#8786 = DIRECTION ( 'NONE',  ( 0.6315887651184259877, 0.7753035739477678323, 0.000000000000000000 ) ) ;
#8787 = AXIS2_PLACEMENT_3D ( 'NONE', #7529, #6123, #7483 ) ;
#8788 = VERTEX_POINT ( 'NONE', #2797 ) ;
#8789 = ORIENTED_EDGE ( 'NONE', *, *, #4982, .T. ) ;
#8790 = CARTESIAN_POINT ( 'NONE',  ( 1.896398432856900129, 6.150000000000000355, 10.37213860327680059 ) ) ;
#8791 = EDGE_CURVE ( 'NONE', #8743, #4855, #6182, .T. ) ;
#8792 = CARTESIAN_POINT ( 'NONE',  ( -0.3203243431760319782, 3.120710678118654879, 7.020710678118654791 ) ) ;
#8793 = DIRECTION ( 'NONE',  ( 0.000000000000000000, 1.000000000000000000, 0.000000000000000000 ) ) ;
#8794 = ORIENTED_EDGE ( 'NONE', *, *, #6152, .T. ) ;
#8795 = DIRECTION ( 'NONE',  ( 0.000000000000000000, 0.000000000000000000, 1.000000000000000000 ) ) ;
#8796 = DIRECTION ( 'NONE',  ( 1.000000000000000000, 0.000000000000000000, 0.000000000000000000 ) ) ;
#8797 = ORIENTED_EDGE ( 'NONE', *, *, #7829, .T. ) ;
#8798 = AXIS2_PLACEMENT_3D ( 'NONE', #2123, #4870, #1497 ) ;
#8799 = EDGE_CURVE ( 'NONE', #6575, #1030, #4060, .T. ) ;
#8800 = FACE_OUTER_BOUND ( 'NONE', #3024, .T. ) ;
#8801 = ADVANCED_FACE ( 'NONE', ( #1364 ), #8297, .T. ) ;
#8802 = VECTOR ( 'NONE', #4230, 1000.000000000000000 ) ;
#8803 = CARTESIAN_POINT ( 'NONE',  ( -1.073123889793530905, 3.149999999999999911, 0.2268761102064689728 ) ) ;
#8804 = CARTESIAN_POINT ( 'NONE',  ( 1.350776795903858796, 6.149999999999998579, 6.840065207003240388 ) ) ;
#8805 = ORIENTED_EDGE ( 'NONE', *, *, #3923, .T. ) ;
#8806 = ORIENTED_EDGE ( 'NONE', *, *, #1960, .F. ) ;
#8807 = DIRECTION ( 'NONE',  ( 0.000000000000000000, -1.000000000000000000, 0.000000000000000000 ) ) ;
#8808 = SPHERICAL_SURFACE ( 'NONE', #4280, 0.1000000000000000056 ) ;
#8809 = AXIS2_PLACEMENT_3D ( 'NONE', #3586, #8375, #1617 ) ;
#8810 = LINE ( 'NONE', #7946, #5995 ) ;
#8811 = DIRECTION ( 'NONE',  ( 0.000000000000000000, -0.7404330889864806364, -0.6721300772424474435 ) ) ;
#8812 = CIRCLE ( 'NONE', #2635, 0.2000000000000000666 ) ;
#8813 = DIRECTION ( 'NONE',  ( 1.000000000000000000, 0.000000000000000000, 0.000000000000000000 ) ) ;
#8814 = CARTESIAN_POINT ( 'NONE',  ( 0.9369170571332501307, 6.150000000000000355, 11.10714671795703445 ) ) ;
#8815 = DIRECTION ( 'NONE',  ( 0.9948231133531089121, -0.1016217158801569903, 0.000000000000000000 ) ) ;
#8816 = ORIENTED_EDGE ( 'NONE', *, *, #7057, .T. ) ;
#8817 = ORIENTED_EDGE ( 'NONE', *, *, #3831, .T. ) ;
#8818 = CARTESIAN_POINT ( 'NONE',  ( 0.6000000000174630088, -6.150000000000000355, 1.000000000000000000 ) ) ;
#8819 = VECTOR ( 'NONE', #4543, 1000.000000000000000 ) ;
#8820 = DIRECTION ( 'NONE',  ( -1.000000000000000000, 0.000000000000000000, 0.000000000000000000 ) ) ;
#8821 = CARTESIAN_POINT ( 'NONE',  ( -0.3151414260752870011, 5.150000000000000355, 3.200000000000000178 ) ) ;
#8822 = DIRECTION ( 'NONE',  ( 0.000000000000000000, 0.000000000000000000, -1.000000000000000000 ) ) ;
#8823 = CARTESIAN_POINT ( 'NONE',  ( 0.3250000000000000111, -2.899999999999999911, -5.200000000000000178 ) ) ;
#8824 = CARTESIAN_POINT ( 'NONE',  ( 1.847776065843883764, 6.150000000000000355, 8.346206644400899322 ) ) ;
#8825 = ORIENTED_EDGE ( 'NONE', *, *, #6412, .T. ) ;
#8826 = CARTESIAN_POINT ( 'NONE',  ( 1.339402206296613329, 6.150000000000000355, 8.346206644400899322 ) ) ;
#8827 = CARTESIAN_POINT ( 'NONE',  ( 1.495263904999463600, 6.150000000000000355, 10.60471559215579873 ) ) ;
#8828 = ORIENTED_EDGE ( 'NONE', *, *, #3063, .T. ) ;
#8829 = ORIENTED_EDGE ( 'NONE', *, *, #1176, .T. ) ;
#8830 = AXIS2_PLACEMENT_3D ( 'NONE', #3947, #2008, #7498 ) ;
#8831 = EDGE_CURVE ( 'NONE', #7262, #1914, #6366, .T. ) ;
#8832 = DIRECTION ( 'NONE',  ( -1.000000000000000000, 0.000000000000000000, 0.000000000000000000 ) ) ;
#8833 = CARTESIAN_POINT ( 'NONE',  ( 1.909351313647939863, 2.752070754658749951, 12.05000000000000071 ) ) ;
#8834 = DIRECTION ( 'NONE',  ( 1.000000000000000000, 0.000000000000000000, 0.000000000000000000 ) ) ;
#8835 = ORIENTED_EDGE ( 'NONE', *, *, #2812, .T. ) ;
#8836 = LINE ( 'NONE', #2378, #3392 ) ;
#8837 = DIRECTION ( 'NONE',  ( -1.000000000000000000, 0.000000000000000000, 0.000000000000000000 ) ) ;
#8838 = VERTEX_POINT ( 'NONE', #5590 ) ;
#8839 = CARTESIAN_POINT ( 'NONE',  ( -2.449999999999999734, 3.250000000000000000, 0.1000000000000000056 ) ) ;
#8840 =( NAMED_UNIT ( * ) PLANE_ANGLE_UNIT ( ) SI_UNIT ( $, .RADIAN. ) );
#8841 = AXIS2_PLACEMENT_3D ( 'NONE', #1169, #664, #3998 ) ;
#8842 = EDGE_CURVE ( 'NONE', #4058, #8784, #1884, .T. ) ;
#8843 = CARTESIAN_POINT ( 'NONE',  ( -0.6000000000320139248, 3.149999999999999911, 18.10000000003200071 ) ) ;
#8844 = CARTESIAN_POINT ( 'NONE',  ( 1.910444894438433572, 6.150000000000000355, 10.88393403679906690 ) ) ;
#8845 = ORIENTED_EDGE ( 'NONE', *, *, #1176, .F. ) ;
#8846 = AXIS2_PLACEMENT_3D ( 'NONE', #3083, #1736, #4477 ) ;
#8847 = ORIENTED_EDGE ( 'NONE', *, *, #7788, .F. ) ;
#8848 = DIRECTION ( 'NONE',  ( -1.000000000000000000, 0.000000000000000000, 0.000000000000000000 ) ) ;
#8849 = DIRECTION ( 'NONE',  ( 0.000000000000000000, 0.000000000000000000, -1.000000000000000000 ) ) ;
#8850 = CARTESIAN_POINT ( 'NONE',  ( -0.1093513136794850016, 0.1499999999999999944, 0.5999999999999999778 ) ) ;
#8851 = ADVANCED_FACE ( 'NONE', ( #6442 ), #7797, .F. ) ;
#8852 = EDGE_CURVE ( 'NONE', #5768, #2030, #1677, .T. ) ;
#8853 = EDGE_CURVE ( 'NONE', #3936, #8838, #2613, .T. ) ;
#8854 = EDGE_CURVE ( 'NONE', #5233, #4166, #1543, .T. ) ;
#8855 = EDGE_CURVE ( 'NONE', #3431, #4718, #8435, .T. ) ;
#8856 = EDGE_CURVE ( 'NONE', #6957, #4143, #143, .T. ) ;
#8857 = CARTESIAN_POINT ( 'NONE',  ( -0.009351313679485140015, 0.1499999999999999944, 18.50000000000000000 ) ) ;
#8858 = FACE_OUTER_BOUND ( 'NONE', #5315, .T. ) ;
#8859 = ORIENTED_EDGE ( 'NONE', *, *, #6746, .F. ) ;
#8860 = CIRCLE ( 'NONE', #76, 0.1000000000000002554 ) ;
#8861 = EDGE_LOOP ( 'NONE', ( #966, #2329, #7050 ) ) ;
#8862 = DIRECTION ( 'NONE',  ( 0.7071067811865594521, 0.000000000000000000, -0.7071067811865355823 ) ) ;
#8863 = DIRECTION ( 'NONE',  ( 0.000000000000000000, 0.000000000000000000, -1.000000000000000000 ) ) ;
#8864 = CARTESIAN_POINT ( 'NONE',  ( -0.4302828521505729920, 5.150000000000000355, 3.200000000000000178 ) ) ;
#8865 = CYLINDRICAL_SURFACE ( 'NONE', #747, 0.09999999999999951983 ) ;
#8866 = CARTESIAN_POINT ( 'NONE',  ( 1.029289321881345476, 3.120710678118654879, 18.52928932188134681 ) ) ;
#8867 = AXIS2_PLACEMENT_3D ( 'NONE', #6216, #3474, #3516 ) ;
#8868 = FACE_BOUND ( 'NONE', #794, .T. ) ;
#8869 = VERTEX_POINT ( 'NONE', #2890 ) ;
#8870 = CARTESIAN_POINT ( 'NONE',  ( 1.991875210492789261, 3.141005708178517875, 12.10156988162967018 ) ) ;
#8871 = ORIENTED_EDGE ( 'NONE', *, *, #406, .F. ) ;
#8872 = PRODUCT_DEFINITION_SHAPE ( 'NONE', 'NONE',  #6613 ) ;
#8873 = ORIENTED_EDGE ( 'NONE', *, *, #6236, .T. ) ;
#8874 = CARTESIAN_POINT ( 'NONE',  ( 1.290094288500749364, 6.150000000000002132, 7.417750293769060477 ) ) ;
#8875 = CARTESIAN_POINT ( 'NONE',  ( 1.972024441411811768, 3.123079405878081527, 7.018280887451307848 ) ) ;
#8876 = SPHERICAL_SURFACE ( 'NONE', #5906, 0.2000000000000000111 ) ;
#8877 = VECTOR ( 'NONE', #4352, 1000.000000000000000 ) ;
#8878 = VERTEX_POINT ( 'NONE', #5633 ) ;
#8879 = CARTESIAN_POINT ( 'NONE',  ( 0.1093513136794850016, -6.150000000000000355, 18.50000000000000000 ) ) ;
#8880 = CARTESIAN_POINT ( 'NONE',  ( -1.940823017527810057, 3.060162171588010072, 6.949999999999999289 ) ) ;
#8881 = ORIENTED_EDGE ( 'NONE', *, *, #4827, .T. ) ;
#8882 = CARTESIAN_POINT ( 'NONE',  ( 1.902881415125309950, 6.149899999999999700, 8.346206644400899322 ) ) ;
#8883 = VERTEX_POINT ( 'NONE', #2306 ) ;
#8884 = APPLICATION_PROTOCOL_DEFINITION ( 'draft international standard', 'automotive_design', 1998, #7868 ) ;
#8885 = EDGE_CURVE ( 'NONE', #105, #6554, #1000, .T. ) ;
#8886 = VECTOR ( 'NONE', #3771, 1000.000000000000000 ) ;
#8887 = CARTESIAN_POINT ( 'NONE',  ( -0.1093513136794850016, 0.1499999999999999944, 0.5999999999999999778 ) ) ;
#8888 = CARTESIAN_POINT ( 'NONE',  ( 1.000000000000000000, 1.500000000000000000, 0.5999999999999999778 ) ) ;
#8889 = ORIENTED_EDGE ( 'NONE', *, *, #8666, .F. ) ;
#8890 = ORIENTED_EDGE ( 'NONE', *, *, #371, .F. ) ;
#8891 = CARTESIAN_POINT ( 'NONE',  ( -2.040305328863119882, 3.050000000000000266, 6.949999999999999289 ) ) ;
#8892 = CYLINDRICAL_SURFACE ( 'NONE', #300, 0.09999999999999951983 ) ;
#8893 = CYLINDRICAL_SURFACE ( 'NONE', #8787, 0.1000000000000000333 ) ;
#8894 = AXIS2_PLACEMENT_3D ( 'NONE', #877, #3710, #6950 ) ;
#8895 = VECTOR ( 'NONE', #563, 1000.000000000000000 ) ;
#8896 = LINE ( 'NONE', #814, #5257 ) ;
#8897 = CARTESIAN_POINT ( 'NONE',  ( 1.048293601660257535, 3.139714957897567160, 18.84829360166025936 ) ) ;
#8898 = VECTOR ( 'NONE', #1718, 1000.000000000000000 ) ;
#8899 = EDGE_CURVE ( 'NONE', #5086, #2899, #1452, .T. ) ;
#8900 = VERTEX_POINT ( 'NONE', #2398 ) ;
#8901 = CARTESIAN_POINT ( 'NONE',  ( -0.05552309676571959979, 0.1499999999999999944, 0.5999999999999999778 ) ) ;
#8902 = EDGE_CURVE ( 'NONE', #8521, #3406, #8423, .T. ) ;
#8903 = EDGE_CURVE ( 'NONE', #973, #411, #2828, .T. ) ;
#8904 = DIRECTION ( 'NONE',  ( 0.000000000000000000, 0.000000000000000000, -1.000000000000000000 ) ) ;
#8905 = CARTESIAN_POINT ( 'NONE',  ( -1.275000000000000133, 3.050000000000000266, 18.59999999999999787 ) ) ;
#8906 = EDGE_CURVE ( 'NONE', #518, #4559, #4218, .T. ) ;
#8907 = EDGE_CURVE ( 'NONE', #7124, #2085, #4326, .T. ) ;
#8908 = DIRECTION ( 'NONE',  ( 0.000000000000000000, 1.000000000000000000, 0.000000000000000000 ) ) ;
#8909 = AXIS2_PLACEMENT_3D ( 'NONE', #6865, #2773, #4374 ) ;
#8910 = AXIS2_PLACEMENT_3D ( 'NONE', #4144, #6888, #730 ) ;
#8911 = LINE ( 'NONE', #7539, #3650 ) ;
#8912 = CARTESIAN_POINT ( 'NONE',  ( -2.442470372173739523, 3.050817546400719671, 6.949916685667190563 ) ) ;
#8913 = ORIENTED_EDGE ( 'NONE', *, *, #7299, .F. ) ;
#8914 = ORIENTED_EDGE ( 'NONE', *, *, #5650, .T. ) ;
#8915 = CARTESIAN_POINT ( 'NONE',  ( -0.6302828521505720039, 6.150000000000000355, 6.799999999999999822 ) ) ;
#8916 = AXIS2_PLACEMENT_3D ( 'NONE', #6270, #1511, #2907 ) ;
#8917 = VERTEX_POINT ( 'NONE', #7077 ) ;
#8918 = EDGE_LOOP ( 'NONE', ( #2771, #4529, #5686, #5556, #3411, #2373, #4672, #8240, #629, #5324, #4755, #5843, #274, #3137, #6794, #2549, #2717, #7364, #8625, #2696, #7325 ) ) ;
#8919 = CARTESIAN_POINT ( 'NONE',  ( -1.969594650744463049, 3.120710678118653991, 18.52928932188134326 ) ) ;
#8920 =( BOUNDED_CURVE ( )  B_SPLINE_CURVE ( 3, ( #4406, #317, #4458, #7207 ),
 .UNSPECIFIED., .F., .F. ) 
 B_SPLINE_CURVE_WITH_KNOTS ( ( 4, 4 ),
 ( 1.219934270525987019, 1.570796326794896558 ),
 .UNSPECIFIED. ) 
 CURVE ( )  GEOMETRIC_REPRESENTATION_ITEM ( )  RATIONAL_B_SPLINE_CURVE ( ( 1.000000000000000000, 0.9897676012851226446, 0.9897676012851226446, 1.000000000000000000 ) ) 
 REPRESENTATION_ITEM ( '' )  );
#8921 = CARTESIAN_POINT ( 'NONE',  ( 1.940131718096663960, 3.053394713998915933, 0.5999999999999999778 ) ) ;
#8922 = B_SPLINE_CURVE_WITH_KNOTS ( 'NONE', 3,
 ( #6662, #3245, #5310, #4721 ),
 .UNSPECIFIED., .F., .F.,
 ( 4, 4 ),
 ( 0.000000000000000000, 1.000000000000000000 ),
 .UNSPECIFIED. ) ;
#8923 = DIRECTION ( 'NONE',  ( 1.000000000000000000, 0.000000000000000000, 0.000000000000000000 ) ) ;
#8924 = AXIS2_PLACEMENT_3D ( 'NONE', #4113, #2766, #8178 ) ;
#8925 = ORIENTED_EDGE ( 'NONE', *, *, #2395, .F. ) ;
#8926 = DIRECTION ( 'NONE',  ( 0.000000000000000000, 0.000000000000000000, 1.000000000000000000 ) ) ;
#8927 = ORIENTED_EDGE ( 'NONE', *, *, #3383, .F. ) ;
#8928 = NEXT_ASSEMBLY_USAGE_OCCURRENCE ( 'NAUO1', ' ', ' ', #6613, #7936, $ ) ;
#8929 = NEXT_ASSEMBLY_USAGE_OCCURRENCE ( 'NAUO2', ' ', ' ', #6613, #6098, $ ) ;
#8930 = NEXT_ASSEMBLY_USAGE_OCCURRENCE ( 'NAUO3', ' ', ' ', #6613, #3405, $ ) ;
ENDSEC;
END-ISO-10303-21;
