ISO-10303-21;
HEADER;
FILE_DESCRIPTION (( 'STEP AP214' ),
    '1' );
FILE_NAME ('MIC2015.VP.STEP',
    '2023-06-27T12:19:08',
    ( '' ),
    ( '' ),
    'SwSTEP 2.0',
    'SolidWorks 2021',
    '' );
FILE_SCHEMA (( 'AUTOMOTIVE_DESIGN' ));
ENDSEC;

DATA;
#1 = DIRECTION ( 'NONE',  ( 0.000000000000000000, 0.000000000000000000, 1.000000000000000000 ) ) ;
#2 = MECHANICAL_DESIGN_GEOMETRIC_PRESENTATION_REPRESENTATION (  '', ( #1357 ), #2037 ) ;
#3 = MECHANICAL_DESIGN_GEOMETRIC_PRESENTATION_REPRESENTATION (  '', ( #1995 ), #1589 ) ;
#4 = LINE ( 'NONE', #2430, #1327 ) ;
#5 = VECTOR ( 'NONE', #1418, 999.9999999999998863 ) ;
#6 = VECTOR ( 'NONE', #1143, 1000.000000000000000 ) ;
#7 = ORIENTED_EDGE ( 'NONE', *, *, #2717, .T. ) ;
#8 =( GEOMETRIC_REPRESENTATION_CONTEXT ( 3 ) GLOBAL_UNCERTAINTY_ASSIGNED_CONTEXT ( ( #49 ) ) GLOBAL_UNIT_ASSIGNED_CONTEXT ( ( #1886, #2560, #305 ) ) REPRESENTATION_CONTEXT ( 'NONE', 'WORKASPACE' ) );
#9 = VECTOR ( 'NONE', #1848, 999.9999999999998863 ) ;
#10 = FACE_OUTER_BOUND ( 'NONE', #2638, .T. ) ;
#11 = AXIS2_PLACEMENT_3D ( 'NONE', #2141, #2237, #1064 ) ;
#12 = EDGE_CURVE ( 'NONE', #1417, #1017, #322, .T. ) ;
#13 = CARTESIAN_POINT ( 'NONE',  ( -4.550000000000000711, 3.950000000000000178, -1.900000000000000355 ) ) ;
#14 = LINE ( 'NONE', #219, #1786 ) ;
#15 = VERTEX_POINT ( 'NONE', #1001 ) ;
#16 = EDGE_CURVE ( 'NONE', #1658, #262, #91, .T. ) ;
#17 = DIRECTION ( 'NONE',  ( -0.000000000000000000, -0.000000000000000000, 1.000000000000000000 ) ) ;
#18 = CIRCLE ( 'NONE', #769, 0.5000000000000004441 ) ;
#19 = CARTESIAN_POINT ( 'NONE',  ( -4.549999999999998934, 3.700000000000000178, 0.8999999999999995781 ) ) ;
#20 = CARTESIAN_POINT ( 'NONE',  ( -4.550000000000000711, -3.950000000000000178, -1.900000000000000355 ) ) ;
#21 = SURFACE_SIDE_STYLE ('',( #2489 ) ) ;
#22 = EDGE_LOOP ( 'NONE', ( #1925, #1336, #2161, #2174 ) ) ;
#23 = CARTESIAN_POINT ( 'NONE',  ( 1.199999999999999956, -4.499999999999999112, 0.4000000000000000222 ) ) ;
#24 = VERTEX_POINT ( 'NONE', #1978 ) ;
#25 = EDGE_CURVE ( 'NONE', #2589, #2767, #2861, .T. ) ;
#26 = DIRECTION ( 'NONE',  ( 1.000000000000000000, 0.000000000000000000, 0.000000000000000000 ) ) ;
#27 = CARTESIAN_POINT ( 'NONE',  ( -1.199999999999997957, 2.309125876020048591E-16, -0.4000000000000000222 ) ) ;
#28 = PLANE ( 'NONE',  #344 ) ;
#29 = EDGE_CURVE ( 'NONE', #2413, #2218, #1093, .T. ) ;
#30 = DIRECTION ( 'NONE',  ( 1.000000000000000000, 0.000000000000000000, -0.000000000000000000 ) ) ;
#31 = ORIENTED_EDGE ( 'NONE', *, *, #545, .T. ) ;
#32 =( NAMED_UNIT ( * ) SI_UNIT ( $, .STERADIAN. ) SOLID_ANGLE_UNIT ( ) );
#33 = ORIENTED_EDGE ( 'NONE', *, *, #39, .F. ) ;
#34 = DIRECTION ( 'NONE',  ( -0.7071067811865442421, 0.7071067811865509034, 0.000000000000000000 ) ) ;
#35 = DIRECTION ( 'NONE',  ( -1.000000000000000000, 0.000000000000000000, 0.000000000000000000 ) ) ;
#36 =( NAMED_UNIT ( * ) SI_UNIT ( $, .STERADIAN. ) SOLID_ANGLE_UNIT ( ) );
#37 = EDGE_LOOP ( 'NONE', ( #1031, #128, #242, #1235 ) ) ;
#38 = ORIENTED_EDGE ( 'NONE', *, *, #1605, .F. ) ;
#39 = EDGE_CURVE ( 'NONE', #2402, #1506, #2455, .T. ) ;
#40 = DIRECTION ( 'NONE',  ( -0.7071067811865507924, -0.7071067811865441310, 0.000000000000000000 ) ) ;
#41 = CARTESIAN_POINT ( 'NONE',  ( 3.621841060262851020, 2.000000000000000000, 0.8999999999999995781 ) ) ;
#42 = ADVANCED_FACE ( 'NONE', ( #1894 ), #759, .F. ) ;
#43 = DIRECTION ( 'NONE',  ( 0.000000000000000000, -0.000000000000000000, 1.000000000000000000 ) ) ;
#44 = AXIS2_PLACEMENT_3D ( 'NONE', #482, #2700, #1818 ) ;
#45 =( GEOMETRIC_REPRESENTATION_CONTEXT ( 3 ) GLOBAL_UNCERTAINTY_ASSIGNED_CONTEXT ( ( #1215 ) ) GLOBAL_UNIT_ASSIGNED_CONTEXT ( ( #263, #688, #32 ) ) REPRESENTATION_CONTEXT ( 'NONE', 'WORKASPACE' ) );
#46 = ORIENTED_EDGE ( 'NONE', *, *, #649, .T. ) ;
#47 = ADVANCED_FACE ( 'NONE', ( #279, #777, #965 ), #488, .T. ) ;
#48 =( GEOMETRIC_REPRESENTATION_CONTEXT ( 3 ) GLOBAL_UNCERTAINTY_ASSIGNED_CONTEXT ( ( #995 ) ) GLOBAL_UNIT_ASSIGNED_CONTEXT ( ( #2338, #2595, #522 ) ) REPRESENTATION_CONTEXT ( 'NONE', 'WORKASPACE' ) );
#49 = UNCERTAINTY_MEASURE_WITH_UNIT (LENGTH_MEASURE( 1.000000000000000082E-05 ), #1886, 'distance_accuracy_value', 'NONE');
#50 = CARTESIAN_POINT ( 'NONE',  ( -4.000000000000000000, -11.34999999999999964, 0.1500000000000015210 ) ) ;
#51 =( LENGTH_UNIT ( ) NAMED_UNIT ( * ) SI_UNIT ( .MILLI., .METRE. ) );
#52 = AXIS2_PLACEMENT_3D ( 'NONE', #1238, #1667, #768 ) ;
#53 = VECTOR ( 'NONE', #40, 1000.000000000000114 ) ;
#54 = PRESENTATION_LAYER_ASSIGNMENT (  '', '', ( #808 ) ) ;
#55 = CARTESIAN_POINT ( 'NONE',  ( -4.000000000000000000, -3.950000000000000178, -0.4000000000000000222 ) ) ;
#56 = CARTESIAN_POINT ( 'NONE',  ( 3.121841060262850576, 2.000000000000000000, -0.7999999999999994893 ) ) ;
#57 = ORIENTED_EDGE ( 'NONE', *, *, #1105, .F. ) ;
#58 = LINE ( 'NONE', #2294, #1953 ) ;
#59 = ORIENTED_EDGE ( 'NONE', *, *, #274, .F. ) ;
#60 = DIRECTION ( 'NONE',  ( -0.000000000000000000, -0.000000000000000000, -1.000000000000000000 ) ) ;
#61 = VECTOR ( 'NONE', #1529, 999.9999999999998863 ) ;
#62 = PRESENTATION_STYLE_ASSIGNMENT (( #1425 ) ) ;
#63 = VECTOR ( 'NONE', #2011, 1000.000000000000000 ) ;
#64 = PLANE ( 'NONE',  #2710 ) ;
#65 = EDGE_CURVE ( 'NONE', #2015, #1153, #716, .T. ) ;
#66 = ORIENTED_EDGE ( 'NONE', *, *, #1627, .T. ) ;
#67 = DIRECTION ( 'NONE',  ( 0.000000000000000000, 0.000000000000000000, -1.000000000000000000 ) ) ;
#68 = FILL_AREA_STYLE_COLOUR ( '', #1601 ) ;
#69 = ADVANCED_FACE ( 'NONE', ( #266 ), #1857, .F. ) ;
#70 = LINE ( 'NONE', #696, #342 ) ;
#71 = DIRECTION ( 'NONE',  ( 1.000000000000000000, 0.000000000000000000, 0.000000000000000000 ) ) ;
#72 = ORIENTED_EDGE ( 'NONE', *, *, #2678, .T. ) ;
#73 = CARTESIAN_POINT ( 'NONE',  ( -4.549999999999998934, 3.950000000000000178, 1.899999999999999467 ) ) ;
#74 = ORIENTED_EDGE ( 'NONE', *, *, #1664, .T. ) ;
#75 = CARTESIAN_POINT ( 'NONE',  ( 3.250000000000000888, 3.850000000000000533, 0.4999999999999994449 ) ) ;
#76 = DIRECTION ( 'NONE',  ( -0.000000000000000000, -0.000000000000000000, 1.000000000000000000 ) ) ;
#77 = PLANE ( 'NONE',  #1735 ) ;
#78 = LINE ( 'NONE', #987, #1859 ) ;
#79 = ADVANCED_FACE ( 'NONE', ( #296 ), #737, .F. ) ;
#80 = UNCERTAINTY_MEASURE_WITH_UNIT (LENGTH_MEASURE( 1.000000000000000082E-05 ), #2623, 'distance_accuracy_value', 'NONE');
#81 = DIRECTION ( 'NONE',  ( 1.000000000000000000, -1.133806193448893442E-16, 0.000000000000000000 ) ) ;
#82 = SURFACE_STYLE_USAGE ( .BOTH. , #1652 ) ;
#83 = EDGE_CURVE ( 'NONE', #2399, #157, #754, .T. ) ;
#84 = FACE_OUTER_BOUND ( 'NONE', #2384, .T. ) ;
#85 = SURFACE_STYLE_USAGE ( .BOTH. , #2080 ) ;
#86 = EDGE_LOOP ( 'NONE', ( #805, #1949, #2151, #2156 ) ) ;
#87 = CARTESIAN_POINT ( 'NONE',  ( -3.621841060262849243, -2.000000000000000000, -0.7999999999999994893 ) ) ;
#88 = CARTESIAN_POINT ( 'NONE',  ( -1.199999999999999289, -6.842519067951209344, -1.900000000000000355 ) ) ;
#89 = CARTESIAN_POINT ( 'NONE',  ( -3.621841060262849243, -2.000000000000000000, 0.7999999999999994893 ) ) ;
#90 = CARTESIAN_POINT ( 'NONE',  ( 3.621841060262851020, 2.000000000000000000, -0.8999999999999995781 ) ) ;
#91 = LINE ( 'NONE', #1907, #2562 ) ;
#92 = DIRECTION ( 'NONE',  ( -4.336808689942017736E-16, 0.000000000000000000, 1.000000000000000000 ) ) ;
#93 = VERTEX_POINT ( 'NONE', #2510 ) ;
#94 = SURFACE_STYLE_USAGE ( .BOTH. , #2116 ) ;
#95 = PRESENTATION_STYLE_ASSIGNMENT (( #1269 ) ) ;
#96 = STYLED_ITEM ( 'NONE', ( #836 ), #2561 ) ;
#97 = VECTOR ( 'NONE', #999, 1000.000000000000000 ) ;
#98 = COLOUR_RGB ( '',0.6666666666666666297, 0.6980392156862744724, 0.7686274509803920907 ) ;
#99 = VERTEX_POINT ( 'NONE', #1163 ) ;
#100 = EDGE_CURVE ( 'NONE', #1587, #755, #2054, .T. ) ;
#101 = AXIS2_PLACEMENT_3D ( 'NONE', #1641, #521, #1901 ) ;
#102 = UNCERTAINTY_MEASURE_WITH_UNIT (LENGTH_MEASURE( 1.000000000000000082E-05 ), #729, 'distance_accuracy_value', 'NONE');
#103 = SURFACE_SIDE_STYLE ('',( #330 ) ) ;
#104 = PRESENTATION_STYLE_ASSIGNMENT (( #513 ) ) ;
#105 = DIRECTION ( 'NONE',  ( -4.336808689942017736E-16, 0.000000000000000000, -1.000000000000000000 ) ) ;
#106 = ADVANCED_FACE ( 'NONE', ( #1854 ), #2748, .T. ) ;
#107 = SURFACE_STYLE_FILL_AREA ( #526 ) ;
#108 = DIRECTION ( 'NONE',  ( -0.000000000000000000, -0.000000000000000000, 1.000000000000000000 ) ) ;
#109 = ORIENTED_EDGE ( 'NONE', *, *, #2694, .T. ) ;
#110 = CARTESIAN_POINT ( 'NONE',  ( 0.000000000000000000, 3.950000000000000178, 0.000000000000000000 ) ) ;
#111 = ORIENTED_EDGE ( 'NONE', *, *, #2863, .T. ) ;
#112 = FILL_AREA_STYLE_COLOUR ( '', #1545 ) ;
#113 = FACE_OUTER_BOUND ( 'NONE', #2331, .T. ) ;
#114 = ORIENTED_EDGE ( 'NONE', *, *, #2545, .F. ) ;
#115 = CARTESIAN_POINT ( 'NONE',  ( 1.200000000000000178, -11.34999999999999964, -1.900000000000000355 ) ) ;
#116 = CYLINDRICAL_SURFACE ( 'NONE', #963, 0.5000000000000004441 ) ;
#117 = ORIENTED_EDGE ( 'NONE', *, *, #236, .F. ) ;
#118 = CARTESIAN_POINT ( 'NONE',  ( 3.750000000000000000, -11.34999999999999964, 0.4000000000000000222 ) ) ;
#119 = ORIENTED_EDGE ( 'NONE', *, *, #2214, .F. ) ;
#120 = EDGE_CURVE ( 'NONE', #2663, #1836, #277, .T. ) ;
#121 = CARTESIAN_POINT ( 'NONE',  ( 1.000000000000000000, -3.949999999999999734, -0.4000000000000000222 ) ) ;
#122 = CARTESIAN_POINT ( 'NONE',  ( -3.250000000000000000, 3.950000000000000178, 0.5000000000000002220 ) ) ;
#123 = SURFACE_STYLE_USAGE ( .BOTH. , #2149 ) ;
#124 = EDGE_CURVE ( 'NONE', #902, #455, #1018, .T. ) ;
#125 = CARTESIAN_POINT ( 'NONE',  ( 1.270710678118655013, -6.771808389832554731, -0.4000000000000004108 ) ) ;
#126 = ORIENTED_EDGE ( 'NONE', *, *, #1683, .F. ) ;
#127 = DIRECTION ( 'NONE',  ( -0.000000000000000000, 1.000000000000000000, -0.000000000000000000 ) ) ;
#128 = ORIENTED_EDGE ( 'NONE', *, *, #2393, .T. ) ;
#129 = CARTESIAN_POINT ( 'NONE',  ( 1.200000000000000622, -6.701097711713900118, -1.900000000000000355 ) ) ;
#130 = SURFACE_STYLE_FILL_AREA ( #923 ) ;
#131 = PRESENTATION_STYLE_ASSIGNMENT (( #2400 ) ) ;
#132 = SURFACE_SIDE_STYLE ('',( #1254 ) ) ;
#133 = EDGE_LOOP ( 'NONE', ( #1177, #1513 ) ) ;
#134 = UNCERTAINTY_MEASURE_WITH_UNIT (LENGTH_MEASURE( 1.000000000000000082E-05 ), #1693, 'distance_accuracy_value', 'NONE');
#135 = DIRECTION ( 'NONE',  ( -0.000000000000000000, -0.000000000000000000, -1.000000000000000000 ) ) ;
#136 = DIRECTION ( 'NONE',  ( -4.925733949545031524E-16, -1.000000000000000000, 0.000000000000000000 ) ) ;
#137 = PLANE ( 'NONE',  #52 ) ;
#138 = SURFACE_STYLE_FILL_AREA ( #2165 ) ;
#139 = EDGE_CURVE ( 'NONE', #2170, #1595, #595, .T. ) ;
#140 = CARTESIAN_POINT ( 'NONE',  ( 4.121841060262851464, -2.000000000000000000, -0.8999999999999995781 ) ) ;
#141 = CARTESIAN_POINT ( 'NONE',  ( -2.649999999999999467, 3.950000000000000178, -1.900000000000000355 ) ) ;
#142 = EDGE_LOOP ( 'NONE', ( #2584, #1965, #2681, #2270 ) ) ;
#143 = CARTESIAN_POINT ( 'NONE',  ( -1.366666666666666252, -11.26666666666666572, 0.2333333333333339477 ) ) ;
#144 = EDGE_CURVE ( 'NONE', #1707, #157, #2114, .T. ) ;
#145 = ORIENTED_EDGE ( 'NONE', *, *, #425, .T. ) ;
#146 = FILL_AREA_STYLE_COLOUR ( '', #578 ) ;
#147 = ORIENTED_EDGE ( 'NONE', *, *, #2393, .F. ) ;
#148 = CIRCLE ( 'NONE', #1675, 0.5000000000000004441 ) ;
#149 = ADVANCED_FACE ( 'NONE', ( #1766 ), #1511, .F. ) ;
#150 = ORIENTED_EDGE ( 'NONE', *, *, #486, .T. ) ;
#151 = EDGE_LOOP ( 'NONE', ( #1691, #1483, #1762, #1214 ) ) ;
#152 =( GEOMETRIC_REPRESENTATION_CONTEXT ( 3 ) GLOBAL_UNCERTAINTY_ASSIGNED_CONTEXT ( ( #80 ) ) GLOBAL_UNIT_ASSIGNED_CONTEXT ( ( #2623, #1210, #749 ) ) REPRESENTATION_CONTEXT ( 'NONE', 'WORKASPACE' ) );
#153 = AXIS2_PLACEMENT_3D ( 'NONE', #2150, #2583, #2787 ) ;
#154 = PLANE ( 'NONE',  #211 ) ;
#155 = VECTOR ( 'NONE', #2835, 1000.000000000000000 ) ;
#156 = LINE ( 'NONE', #1918, #1069 ) ;
#157 = VERTEX_POINT ( 'NONE', #773 ) ;
#158 = DIRECTION ( 'NONE',  ( 1.133806193448893442E-16, 1.000000000000000000, -0.000000000000000000 ) ) ;
#159 = SURFACE_STYLE_FILL_AREA ( #179 ) ;
#160 = CIRCLE ( 'NONE', #2854, 0.5000000000000004441 ) ;
#161 = AXIS2_PLACEMENT_3D ( 'NONE', #653, #1013, #1455 ) ;
#162 = CARTESIAN_POINT ( 'NONE',  ( -1.199999999999999289, -6.701097711713900118, 0.4000000000000000222 ) ) ;
#163 = DIRECTION ( 'NONE',  ( -0.000000000000000000, -0.000000000000000000, -1.000000000000000000 ) ) ;
#164 = ORIENTED_EDGE ( 'NONE', *, *, #12, .F. ) ;
#165 = VECTOR ( 'NONE', #744, 1000.000000000000000 ) ;
#166 = ORIENTED_EDGE ( 'NONE', *, *, #1368, .F. ) ;
#167 = DIRECTION ( 'NONE',  ( 0.000000000000000000, 0.000000000000000000, 1.000000000000000000 ) ) ;
#168 = AXIS2_PLACEMENT_3D ( 'NONE', #110, #1057, #373 ) ;
#169 = ADVANCED_FACE ( 'NONE', ( #2823 ), #790, .F. ) ;
#170 = EDGE_LOOP ( 'NONE', ( #2307, #7, #622, #466, #2018, #2602, #1333, #366, #72 ) ) ;
#171 = SURFACE_STYLE_FILL_AREA ( #2200 ) ;
#172 = EDGE_CURVE ( 'NONE', #93, #1054, #2659, .T. ) ;
#173 = ORIENTED_EDGE ( 'NONE', *, *, #2484, .T. ) ;
#174 = PLANE ( 'NONE',  #803 ) ;
#175 = CARTESIAN_POINT ( 'NONE',  ( -2.549999999999997602, 3.700000000000000178, 1.899999999999999467 ) ) ;
#176 = ORIENTED_EDGE ( 'NONE', *, *, #2227, .T. ) ;
#177 = CARTESIAN_POINT ( 'NONE',  ( 4.121841060262851464, 2.000000000000000000, 0.8999999999999995781 ) ) ;
#178 = DIRECTION ( 'NONE',  ( 0.000000000000000000, 1.000000000000000000, -0.000000000000000000 ) ) ;
#179 = FILL_AREA_STYLE ('',( #2639 ) ) ;
#180 = PRESENTATION_STYLE_ASSIGNMENT (( #1297 ) ) ;
#181 = DIRECTION ( 'NONE',  ( 1.133806193448893442E-16, -1.000000000000000000, 0.000000000000000000 ) ) ;
#182 = FILL_AREA_STYLE_COLOUR ( '', #1152 ) ;
#183 = EDGE_LOOP ( 'NONE', ( #713, #371, #2842, #1982 ) ) ;
#184 = DIRECTION ( 'NONE',  ( -1.000000000000000000, 0.000000000000000000, 0.000000000000000000 ) ) ;
#185 = ORIENTED_EDGE ( 'NONE', *, *, #1795, .F. ) ;
#186 = EDGE_CURVE ( 'NONE', #1374, #2767, #2397, .T. ) ;
#187 = EDGE_LOOP ( 'NONE', ( #2788, #2542, #552, #1443 ) ) ;
#188 = CYLINDRICAL_SURFACE ( 'NONE', #1351, 0.5000000000000004441 ) ;
#189 = PLANE ( 'NONE',  #2326 ) ;
#190 = LINE ( 'NONE', #121, #2616 ) ;
#191 = CARTESIAN_POINT ( 'NONE',  ( 0.000000000000000000, 3.850000000000000533, -1.900000000000000355 ) ) ;
#192 =( NAMED_UNIT ( * ) SI_UNIT ( $, .STERADIAN. ) SOLID_ANGLE_UNIT ( ) );
#193 = DIRECTION ( 'NONE',  ( -0.000000000000000000, -0.000000000000000000, -1.000000000000000000 ) ) ;
#194 = CARTESIAN_POINT ( 'NONE',  ( -2.549999999999997602, 3.700000000000000178, -1.899999999999999467 ) ) ;
#195 = LINE ( 'NONE', #646, #2631 ) ;
#196 = SURFACE_STYLE_FILL_AREA ( #2014 ) ;
#197 = FACE_OUTER_BOUND ( 'NONE', #772, .T. ) ;
#198 = ORIENTED_EDGE ( 'NONE', *, *, #1661, .F. ) ;
#199 = ORIENTED_EDGE ( 'NONE', *, *, #2348, .T. ) ;
#200 = DIRECTION ( 'NONE',  ( 0.000000000000000000, 0.000000000000000000, -1.000000000000000000 ) ) ;
#201 = CARTESIAN_POINT ( 'NONE',  ( 3.250000000000000888, 3.850000000000000533, 0.4999999999999994449 ) ) ;
#202 = CIRCLE ( 'NONE', #1823, 0.5000000000000004441 ) ;
#203 = ORIENTED_EDGE ( 'NONE', *, *, #144, .T. ) ;
#204 = ADVANCED_FACE ( 'NONE', ( #1703, #1463, #1938 ), #1910, .T. ) ;
#205 = VECTOR ( 'NONE', #2698, 1000.000000000000000 ) ;
#206 = PRESENTATION_LAYER_ASSIGNMENT (  '', '', ( #1636 ) ) ;
#207 = SURFACE_STYLE_FILL_AREA ( #1571 ) ;
#208 = EDGE_CURVE ( 'NONE', #1304, #1054, #2343, .T. ) ;
#209 =( GEOMETRIC_REPRESENTATION_CONTEXT ( 3 ) GLOBAL_UNCERTAINTY_ASSIGNED_CONTEXT ( ( #1007 ) ) GLOBAL_UNIT_ASSIGNED_CONTEXT ( ( #1347, #1774, #975 ) ) REPRESENTATION_CONTEXT ( 'NONE', 'WORKASPACE' ) );
#210 = VECTOR ( 'NONE', #2932, 1000.000000000000000 ) ;
#211 = AXIS2_PLACEMENT_3D ( 'NONE', #1071, #1960, #834 ) ;
#212 = FILL_AREA_STYLE_COLOUR ( '', #2436 ) ;
#213 = CARTESIAN_POINT ( 'NONE',  ( 2.549999999999999378, 3.700000000000000178, -0.8999999999999995781 ) ) ;
#214 = VERTEX_POINT ( 'NONE', #806 ) ;
#215 = AXIS2_PLACEMENT_3D ( 'NONE', #1218, #2530, #1204 ) ;
#216 = EDGE_LOOP ( 'NONE', ( #164, #2426, #2035, #2201 ) ) ;
#217 = VECTOR ( 'NONE', #2810, 1000.000000000000000 ) ;
#218 = FILL_AREA_STYLE_COLOUR ( '', #861 ) ;
#219 = CARTESIAN_POINT ( 'NONE',  ( 1.000000000000000000, -11.34999999999999964, -0.1499999999999998002 ) ) ;
#220 = ORIENTED_EDGE ( 'NONE', *, *, #2487, .T. ) ;
#221 = CYLINDRICAL_SURFACE ( 'NONE', #1491, 0.5000000000000008882 ) ;
#222 = EDGE_CURVE ( 'NONE', #214, #1342, #2684, .T. ) ;
#223 = LINE ( 'NONE', #1841, #1312 ) ;
#224 = LINE ( 'NONE', #1806, #63 ) ;
#225 = CARTESIAN_POINT ( 'NONE',  ( 3.621841060262851020, -2.000000000000000000, 0.7999999999999994893 ) ) ;
#226 = ORIENTED_EDGE ( 'NONE', *, *, #892, .F. ) ;
#227 = ORIENTED_EDGE ( 'NONE', *, *, #1178, .F. ) ;
#228 = FILL_AREA_STYLE_COLOUR ( '', #2004 ) ;
#229 = LINE ( 'NONE', #428, #818 ) ;
#230 = DIRECTION ( 'NONE',  ( -0.5773502691896245098, -0.5773502691896285066, 0.5773502691896245098 ) ) ;
#231 = CARTESIAN_POINT ( 'NONE',  ( -4.549999999999998934, 3.700000000000000178, -1.899999999999999467 ) ) ;
#232 = DIRECTION ( 'NONE',  ( -0.000000000000000000, -0.000000000000000000, -1.000000000000000000 ) ) ;
#233 = EDGE_CURVE ( 'NONE', #1386, #2399, #1717, .T. ) ;
#234 = CARTESIAN_POINT ( 'NONE',  ( -4.121841060262849687, 2.000000000000000000, 0.7999999999999994893 ) ) ;
#235 = DIRECTION ( 'NONE',  ( -0.000000000000000000, -0.000000000000000000, 1.000000000000000000 ) ) ;
#236 = EDGE_CURVE ( 'NONE', #1678, #2548, #411, .T. ) ;
#237 = ORIENTED_EDGE ( 'NONE', *, *, #1879, .F. ) ;
#238 = DIRECTION ( 'NONE',  ( 0.000000000000000000, 1.000000000000000000, -0.000000000000000000 ) ) ;
#239 = ADVANCED_FACE ( 'NONE', ( #1492 ), #1040, .F. ) ;
#240 = CARTESIAN_POINT ( 'NONE',  ( -1.200000000000000178, -11.09999999999999787, -1.900000000000000355 ) ) ;
#241 = CARTESIAN_POINT ( 'NONE',  ( -1.200000000000000178, -11.34999999999999964, 0.4000000000000000222 ) ) ;
#242 = ORIENTED_EDGE ( 'NONE', *, *, #1576, .F. ) ;
#243 = DIRECTION ( 'NONE',  ( -0.000000000000000000, -0.000000000000000000, 1.000000000000000000 ) ) ;
#244 = EDGE_LOOP ( 'NONE', ( #1944, #2255, #1267, #1270 ) ) ;
#245 = DIRECTION ( 'NONE',  ( -1.000000000000000000, 0.000000000000000000, 7.228014483236698281E-17 ) ) ;
#246 = DIRECTION ( 'NONE',  ( 1.000000000000000000, 0.000000000000000000, -0.000000000000000000 ) ) ;
#247 = VECTOR ( 'NONE', #722, 1000.000000000000000 ) ;
#248 = MECHANICAL_DESIGN_GEOMETRIC_PRESENTATION_REPRESENTATION (  '', ( #813 ), #2085 ) ;
#249 = CIRCLE ( 'NONE', #2556, 0.5000000000000004441 ) ;
#250 = ORIENTED_EDGE ( 'NONE', *, *, #2799, .T. ) ;
#251 = VECTOR ( 'NONE', #1961, 1000.000000000000000 ) ;
#252 = AXIS2_PLACEMENT_3D ( 'NONE', #2007, #2454, #894 ) ;
#253 = ADVANCED_FACE ( 'NONE', ( #1951 ), #1247, .T. ) ;
#254 = PRESENTATION_LAYER_ASSIGNMENT (  '', '', ( #1160 ) ) ;
#255 =( GEOMETRIC_REPRESENTATION_CONTEXT ( 3 ) GLOBAL_UNCERTAINTY_ASSIGNED_CONTEXT ( ( #2180 ) ) GLOBAL_UNIT_ASSIGNED_CONTEXT ( ( #2778, #727, #505 ) ) REPRESENTATION_CONTEXT ( 'NONE', 'WORKASPACE' ) );
#256 = EDGE_CURVE ( 'NONE', #473, #2856, #2251, .T. ) ;
#257 = LINE ( 'NONE', #1220, #1245 ) ;
#258 = CARTESIAN_POINT ( 'NONE',  ( -3.750000000000001776, -11.34999999999999964, -0.1500000000000015210 ) ) ;
#259 = CARTESIAN_POINT ( 'NONE',  ( 3.621841060262851020, -2.000000000000000000, -0.7999999999999994893 ) ) ;
#260 = FACE_OUTER_BOUND ( 'NONE', #495, .T. ) ;
#261 = LINE ( 'NONE', #2033, #2280 ) ;
#262 = VERTEX_POINT ( 'NONE', #447 ) ;
#263 =( LENGTH_UNIT ( ) NAMED_UNIT ( * ) SI_UNIT ( .MILLI., .METRE. ) );
#264 = ORIENTED_EDGE ( 'NONE', *, *, #1605, .T. ) ;
#265 = FILL_AREA_STYLE ('',( #738 ) ) ;
#266 = FACE_OUTER_BOUND ( 'NONE', #1563, .T. ) ;
#267 = EDGE_CURVE ( 'NONE', #2142, #2015, #195, .T. ) ;
#268 = DIRECTION ( 'NONE',  ( -1.000000000000000000, 0.000000000000000000, 0.000000000000000000 ) ) ;
#269 = PRESENTATION_STYLE_ASSIGNMENT (( #317 ) ) ;
#270 = EDGE_LOOP ( 'NONE', ( #509, #2829, #1396 ) ) ;
#271 = VERTEX_POINT ( 'NONE', #2235 ) ;
#272 = DIRECTION ( 'NONE',  ( -0.000000000000000000, -0.000000000000000000, 1.000000000000000000 ) ) ;
#273 = DIRECTION ( 'NONE',  ( -1.000000000000000000, 0.000000000000000000, 0.000000000000000000 ) ) ;
#274 = EDGE_CURVE ( 'NONE', #2253, #2241, #224, .T. ) ;
#275 = DIRECTION ( 'NONE',  ( -0.000000000000000000, -0.000000000000000000, 1.000000000000000000 ) ) ;
#276 = CARTESIAN_POINT ( 'NONE',  ( -3.121841060262848799, 2.000000000000000000, -0.7999999999999994893 ) ) ;
#277 = LINE ( 'NONE', #1302, #61 ) ;
#278 = EDGE_LOOP ( 'NONE', ( #891, #1041, #1301, #2295, #2391 ) ) ;
#279 = FACE_BOUND ( 'NONE', #599, .T. ) ;
#280 = DIRECTION ( 'NONE',  ( 0.000000000000000000, -0.000000000000000000, -1.000000000000000000 ) ) ;
#281 = ORIENTED_EDGE ( 'NONE', *, *, #2497, .T. ) ;
#282 = VERTEX_POINT ( 'NONE', #2914 ) ;
#283 = CARTESIAN_POINT ( 'NONE',  ( -4.550000000000000711, 3.850000000000000533, -1.900000000000000355 ) ) ;
#284 = ADVANCED_FACE ( 'NONE', ( #887 ), #2471, .F. ) ;
#285 = VECTOR ( 'NONE', #964, 1000.000000000000000 ) ;
#286 = CARTESIAN_POINT ( 'NONE',  ( 0.000000000000000000, 0.000000000000000000, 0.4000000000000000222 ) ) ;
#287 = ORIENTED_EDGE ( 'NONE', *, *, #1201, .F. ) ;
#288 = EDGE_CURVE ( 'NONE', #881, #1801, #2711, .T. ) ;
#289 = DIRECTION ( 'NONE',  ( 1.000000000000000000, 0.000000000000000000, -0.000000000000000000 ) ) ;
#290 = CIRCLE ( 'NONE', #525, 0.5000000000000004441 ) ;
#291 = AXIS2_PLACEMENT_3D ( 'NONE', #558, #1472, #334 ) ;
#292 = VECTOR ( 'NONE', #1843, 1000.000000000000000 ) ;
#293 = COLOUR_RGB ( '',0.6666666666666666297, 0.6980392156862744724, 0.7686274509803920907 ) ;
#294 = UNCERTAINTY_MEASURE_WITH_UNIT (LENGTH_MEASURE( 1.000000000000000082E-05 ), #2860, 'distance_accuracy_value', 'NONE');
#295 = CARTESIAN_POINT ( 'NONE',  ( -3.121841060262848799, 2.000000000000000000, 0.7999999999999994893 ) ) ;
#296 = FACE_OUTER_BOUND ( 'NONE', #1120, .T. ) ;
#297 = VECTOR ( 'NONE', #2597, 1000.000000000000000 ) ;
#298 = VECTOR ( 'NONE', #1618, 1000.000000000000000 ) ;
#299 = CARTESIAN_POINT ( 'NONE',  ( 2.549999999999999378, 3.700000000000000178, 1.899999999999999467 ) ) ;
#300 = CLOSED_SHELL ( 'NONE', ( #2143, #1257, #787, #1591, #149, #1125, #2074, #2929, #1022, #1826, #204, #2274, #2092, #408, #1799, #2026, #650, #2292, #832, #2360, #587, #2056, #877, #853, #2531, #2529, #412, #1528, #2509, #69, #460, #2561, #617, #1989, #2279, #519, #47, #718, #2072, #1649, #1679, #1137, #2216, #106, #2061, #849, #743, #2107, #511, #1083, #1700, #2125, #1230, #1899, #345, #492, #79, #2451, #1578, #956, #2586, #2467, #2607, #392, #284, #1477, #2782, #1343, #169, #239, #1460, #2884, #253, #685, #1720, #472, #2676, #2262, #1856, #2878, #1015, #2009, #2891, #1100, #42, #994 ) ) ;
#301 = AXIS2_PLACEMENT_3D ( 'NONE', #588, #1975, #1744 ) ;
#302 = VECTOR ( 'NONE', #1985, 1000.000000000000000 ) ;
#303 = LINE ( 'NONE', #2780, #2512 ) ;
#304 = EDGE_LOOP ( 'NONE', ( #860, #961, #2618, #613 ) ) ;
#305 =( NAMED_UNIT ( * ) SI_UNIT ( $, .STERADIAN. ) SOLID_ANGLE_UNIT ( ) );
#306 = FILL_AREA_STYLE_COLOUR ( '', #2190 ) ;
#307 = FACE_OUTER_BOUND ( 'NONE', #1372, .T. ) ;
#308 = DIRECTION ( 'NONE',  ( 1.000000000000000000, 0.000000000000000000, 0.000000000000000000 ) ) ;
#309 = EDGE_CURVE ( 'NONE', #640, #840, #2261, .T. ) ;
#310 = LINE ( 'NONE', #2083, #2132 ) ;
#311 = DIRECTION ( 'NONE',  ( 0.000000000000000000, 0.000000000000000000, 1.000000000000000000 ) ) ;
#312 = EDGE_CURVE ( 'NONE', #2241, #15, #4, .T. ) ;
#313 = ORIENTED_EDGE ( 'NONE', *, *, #1757, .T. ) ;
#314 = PLANE ( 'NONE',  #953 ) ;
#315 = DIRECTION ( 'NONE',  ( 0.000000000000000000, 0.000000000000000000, 1.000000000000000000 ) ) ;
#316 = CARTESIAN_POINT ( 'NONE',  ( 2.550000000000000266, -3.950000000000000178, 0.8999999999999995781 ) ) ;
#317 = SURFACE_STYLE_USAGE ( .BOTH. , #2795 ) ;
#318 = ORIENTED_EDGE ( 'NONE', *, *, #2749, .T. ) ;
#319 = UNCERTAINTY_MEASURE_WITH_UNIT (LENGTH_MEASURE( 1.000000000000000082E-05 ), #2450, 'distance_accuracy_value', 'NONE');
#320 = CARTESIAN_POINT ( 'NONE',  ( 4.121841060262851464, -2.000000000000000000, -0.7999999999999994893 ) ) ;
#321 = LINE ( 'NONE', #2112, #339 ) ;
#322 = LINE ( 'NONE', #559, #917 ) ;
#323 = VERTEX_POINT ( 'NONE', #1611 ) ;
#324 = SURFACE_STYLE_FILL_AREA ( #2103 ) ;
#325 = PLANE ( 'NONE',  #750 ) ;
#326 = EDGE_CURVE ( 'NONE', #2058, #2930, #18, .T. ) ;
#327 =( LENGTH_UNIT ( ) NAMED_UNIT ( * ) SI_UNIT ( .MILLI., .METRE. ) );
#328 = EDGE_CURVE ( 'NONE', #1727, #1207, #2524, .T. ) ;
#329 = ORIENTED_EDGE ( 'NONE', *, *, #2722, .T. ) ;
#330 = SURFACE_STYLE_FILL_AREA ( #720 ) ;
#331 = ORIENTED_EDGE ( 'NONE', *, *, #1105, .T. ) ;
#332 = DIRECTION ( 'NONE',  ( 0.000000000000000000, 0.000000000000000000, 1.000000000000000000 ) ) ;
#333 = DIRECTION ( 'NONE',  ( -0.000000000000000000, 1.000000000000000000, -0.000000000000000000 ) ) ;
#334 = DIRECTION ( 'NONE',  ( 0.000000000000000000, 0.000000000000000000, 1.000000000000000000 ) ) ;
#335 = ORIENTED_EDGE ( 'NONE', *, *, #1303, .T. ) ;
#336 = AXIS2_PLACEMENT_3D ( 'NONE', #2155, #758, #516 ) ;
#337 = DIRECTION ( 'NONE',  ( 1.000000000000000000, 0.000000000000000000, -2.168404344971008375E-16 ) ) ;
#338 = VERTEX_POINT ( 'NONE', #1724 ) ;
#339 = VECTOR ( 'NONE', #1659, 1000.000000000000000 ) ;
#340 = PRESENTATION_STYLE_ASSIGNMENT (( #94 ) ) ;
#341 = PLANE ( 'NONE',  #1052 ) ;
#342 = VECTOR ( 'NONE', #1884, 1000.000000000000000 ) ;
#343 =( GEOMETRIC_REPRESENTATION_CONTEXT ( 3 ) GLOBAL_UNCERTAINTY_ASSIGNED_CONTEXT ( ( #1671 ) ) GLOBAL_UNIT_ASSIGNED_CONTEXT ( ( #1339, #1776, #192 ) ) REPRESENTATION_CONTEXT ( 'NONE', 'WORKASPACE' ) );
#344 = AXIS2_PLACEMENT_3D ( 'NONE', #2021, #1620, #670 ) ;
#345 = ADVANCED_FACE ( 'NONE', ( #2830 ), #188, .F. ) ;
#346 = FILL_AREA_STYLE_COLOUR ( '', #2246 ) ;
#347 = DIRECTION ( 'NONE',  ( 0.000000000000000000, 0.000000000000000000, 1.000000000000000000 ) ) ;
#348 = ORIENTED_EDGE ( 'NONE', *, *, #1613, .F. ) ;
#349 = FACE_OUTER_BOUND ( 'NONE', #857, .T. ) ;
#350 = EDGE_CURVE ( 'NONE', #1207, #2921, #864, .T. ) ;
#351 = VECTOR ( 'NONE', #2493, 1000.000000000000000 ) ;
#352 = CARTESIAN_POINT ( 'NONE',  ( -3.121841060262848799, 2.000000000000000000, -0.8999999999999995781 ) ) ;
#353 = DIRECTION ( 'NONE',  ( 1.000000000000000000, 0.000000000000000000, 0.000000000000000000 ) ) ;
#354 = AXIS2_PLACEMENT_3D ( 'NONE', #1653, #550, #35 ) ;
#355 = CARTESIAN_POINT ( 'NONE',  ( 4.121841060262851464, -2.000000000000000000, -0.7999999999999994893 ) ) ;
#356 = PRESENTATION_LAYER_ASSIGNMENT (  '', '', ( #1075 ) ) ;
#357 = DIRECTION ( 'NONE',  ( 1.000000000000000000, 0.000000000000000000, -2.168404344971008375E-16 ) ) ;
#358 = DIRECTION ( 'NONE',  ( -1.000000000000000000, 0.000000000000000000, 0.000000000000000000 ) ) ;
#359 = ORIENTED_EDGE ( 'NONE', *, *, #2838, .T. ) ;
#360 = DIRECTION ( 'NONE',  ( 0.000000000000000000, 1.000000000000000000, -0.000000000000000000 ) ) ;
#361 = ORIENTED_EDGE ( 'NONE', *, *, #1994, .F. ) ;
#362 = ORIENTED_EDGE ( 'NONE', *, *, #288, .T. ) ;
#363 = DIRECTION ( 'NONE',  ( 0.000000000000000000, 1.000000000000000000, 0.000000000000000000 ) ) ;
#364 = CARTESIAN_POINT ( 'NONE',  ( 3.121841060262850576, 2.000000000000000000, -0.7999999999999994893 ) ) ;
#365 = PLANE ( 'NONE',  #2041 ) ;
#366 = ORIENTED_EDGE ( 'NONE', *, *, #1609, .T. ) ;
#367 = CYLINDRICAL_SURFACE ( 'NONE', #2242, 0.5000000000000004441 ) ;
#368 = CARTESIAN_POINT ( 'NONE',  ( 1.270710678118655013, -6.771808389832554731, 0.4000000000000000222 ) ) ;
#369 =( NAMED_UNIT ( * ) PLANE_ANGLE_UNIT ( ) SI_UNIT ( $, .RADIAN. ) );
#370 = ORIENTED_EDGE ( 'NONE', *, *, #725, .F. ) ;
#371 = ORIENTED_EDGE ( 'NONE', *, *, #139, .F. ) ;
#372 = EDGE_CURVE ( 'NONE', #2413, #2406, #1441, .T. ) ;
#373 = DIRECTION ( 'NONE',  ( 0.000000000000000000, -0.000000000000000000, 1.000000000000000000 ) ) ;
#374 = EDGE_LOOP ( 'NONE', ( #203, #1885, #185, #2097 ) ) ;
#375 = CARTESIAN_POINT ( 'NONE',  ( -2.649999999999999467, 3.850000000000000533, -1.900000000000000355 ) ) ;
#376 = LINE ( 'NONE', #1288, #2316 ) ;
#377 =( NAMED_UNIT ( * ) PLANE_ANGLE_UNIT ( ) SI_UNIT ( $, .RADIAN. ) );
#378 = SURFACE_STYLE_USAGE ( .BOTH. , #132 ) ;
#379 = ORIENTED_EDGE ( 'NONE', *, *, #1716, .T. ) ;
#380 = FACE_OUTER_BOUND ( 'NONE', #1164, .T. ) ;
#381 = UNCERTAINTY_MEASURE_WITH_UNIT (LENGTH_MEASURE( 1.000000000000000082E-05 ), #51, 'distance_accuracy_value', 'NONE');
#382 = FACE_OUTER_BOUND ( 'NONE', #22, .T. ) ;
#383 = ORIENTED_EDGE ( 'NONE', *, *, #469, .F. ) ;
#384 = LINE ( 'NONE', #1987, #2281 ) ;
#385 = SURFACE_SIDE_STYLE ('',( #1323 ) ) ;
#386 = CARTESIAN_POINT ( 'NONE',  ( 4.000000000000000000, -3.949999999999998845, 0.4000000000000000222 ) ) ;
#387 = EDGE_CURVE ( 'NONE', #1839, #1450, #1274, .T. ) ;
#388 =( NAMED_UNIT ( * ) PLANE_ANGLE_UNIT ( ) SI_UNIT ( $, .RADIAN. ) );
#389 = VERTEX_POINT ( 'NONE', #2203 ) ;
#390 = DIRECTION ( 'NONE',  ( -0.000000000000000000, -0.000000000000000000, 1.000000000000000000 ) ) ;
#391 = ORIENTED_EDGE ( 'NONE', *, *, #2348, .F. ) ;
#392 = ADVANCED_FACE ( 'NONE', ( #349 ), #174, .F. ) ;
#393 = CARTESIAN_POINT ( 'NONE',  ( -3.621841060262849243, -2.000000000000000000, 0.8999999999999995781 ) ) ;
#394 = AXIS2_PLACEMENT_3D ( 'NONE', #1366, #17, #2912 ) ;
#395 = FILL_AREA_STYLE_COLOUR ( '', #663 ) ;
#396 = ORIENTED_EDGE ( 'NONE', *, *, #1283, .F. ) ;
#397 = VECTOR ( 'NONE', #1964, 1000.000000000000000 ) ;
#398 = VECTOR ( 'NONE', #1934, 1000.000000000000000 ) ;
#399 = MECHANICAL_DESIGN_GEOMETRIC_PRESENTATION_REPRESENTATION (  '', ( #96 ), #2239 ) ;
#400 = DIRECTION ( 'NONE',  ( 0.000000000000000000, 0.000000000000000000, 1.000000000000000000 ) ) ;
#401 = EDGE_LOOP ( 'NONE', ( #2341, #166 ) ) ;
#402 = LINE ( 'NONE', #2671, #2479 ) ;
#403 = STYLED_ITEM ( 'NONE', ( #1016 ), #1528 ) ;
#404 = CARTESIAN_POINT ( 'NONE',  ( -1.749999999999999334, 3.850000000000000533, 0.4999999999999998890 ) ) ;
#405 = VECTOR ( 'NONE', #2541, 1000.000000000000000 ) ;
#406 = CARTESIAN_POINT ( 'NONE',  ( -2.549999999999997602, 3.700000000000000178, 0.8999999999999995781 ) ) ;
#407 = VECTOR ( 'NONE', #583, 1000.000000000000000 ) ;
#408 = ADVANCED_FACE ( 'NONE', ( #1088, #1256, #796 ), #2666, .F. ) ;
#409 = EDGE_LOOP ( 'NONE', ( #2369, #1959, #1087, #2511, #1380, #1946, #2449, #2594, #620, #921, #1390, #1536 ) ) ;
#410 = CARTESIAN_POINT ( 'NONE',  ( -1.000000000000000000, -3.949999999999999734, -0.4000000000000000222 ) ) ;
#411 = CIRCLE ( 'NONE', #922, 0.5000000000000004441 ) ;
#412 = ADVANCED_FACE ( 'NONE', ( #380 ), #2302, .F. ) ;
#413 = LINE ( 'NONE', #2420, #302 ) ;
#414 = LINE ( 'NONE', #2890, #2564 ) ;
#415 = FACE_BOUND ( 'NONE', #1329, .T. ) ;
#416 = ORIENTED_EDGE ( 'NONE', *, *, #1201, .T. ) ;
#417 = CARTESIAN_POINT ( 'NONE',  ( -4.121841060262849687, 2.000000000000000000, -0.8999999999999995781 ) ) ;
#418 = DIRECTION ( 'NONE',  ( 0.000000000000000000, 0.000000000000000000, 1.000000000000000000 ) ) ;
#419 = DIRECTION ( 'NONE',  ( 0.000000000000000000, 0.000000000000000000, 1.000000000000000000 ) ) ;
#420 = DIRECTION ( 'NONE',  ( 1.000000000000000000, 0.000000000000000000, 0.000000000000000000 ) ) ;
#421 = FACE_OUTER_BOUND ( 'NONE', #1662, .T. ) ;
#422 = DIRECTION ( 'NONE',  ( 1.000000000000000000, 0.000000000000000000, 0.000000000000000000 ) ) ;
#423 = PRESENTATION_STYLE_ASSIGNMENT (( #2447 ) ) ;
#424 = EDGE_LOOP ( 'NONE', ( #2147, #2206, #477 ) ) ;
#425 = EDGE_CURVE ( 'NONE', #1506, #93, #715, .T. ) ;
#426 = EDGE_CURVE ( 'NONE', #1707, #2873, #2266, .T. ) ;
#427 = CARTESIAN_POINT ( 'NONE',  ( -2.666666666666672736, -12.43333333333333357, -0.9333333333333274640 ) ) ;
#428 = CARTESIAN_POINT ( 'NONE',  ( 1.000000000000000000, -3.949999999999999734, -0.4000000000000000222 ) ) ;
#429 = LINE ( 'NONE', #2210, #1392 ) ;
#430 = LINE ( 'NONE', #213, #1115 ) ;
#431 = ORIENTED_EDGE ( 'NONE', *, *, #1426, .T. ) ;
#432 = ORIENTED_EDGE ( 'NONE', *, *, #2704, .F. ) ;
#433 = EDGE_CURVE ( 'NONE', #1734, #2435, #520, .T. ) ;
#434 = CARTESIAN_POINT ( 'NONE',  ( 1.000000000000000000, -4.349999999999998757, 0.4000000000000000222 ) ) ;
#435 = CARTESIAN_POINT ( 'NONE',  ( -4.000000000000000000, -11.09999999999999787, -0.4000000000000000222 ) ) ;
#436 = PRODUCT_DEFINITION_FORMATION_WITH_SPECIFIED_SOURCE ( 'ANY', '', #1811, .NOT_KNOWN. ) ;
#437 = VECTOR ( 'NONE', #2166, 1000.000000000000000 ) ;
#438 = VECTOR ( 'NONE', #108, 1000.000000000000000 ) ;
#439 = ORIENTED_EDGE ( 'NONE', *, *, #2717, .F. ) ;
#440 = DIRECTION ( 'NONE',  ( -0.000000000000000000, -1.000000000000000000, -0.000000000000000000 ) ) ;
#441 = CARTESIAN_POINT ( 'NONE',  ( 2.649999999999999467, 3.850000000000000533, -1.900000000000000355 ) ) ;
#442 =( NAMED_UNIT ( * ) PLANE_ANGLE_UNIT ( ) SI_UNIT ( $, .RADIAN. ) );
#443 = AXIS2_PLACEMENT_3D ( 'NONE', #1582, #1, #458 ) ;
#444 = CARTESIAN_POINT ( 'NONE',  ( 4.549999999999999822, -3.950000000000000178, -0.9000000000000000222 ) ) ;
#445 = VECTOR ( 'NONE', #26, 1000.000000000000000 ) ;
#446 = MECHANICAL_DESIGN_GEOMETRIC_PRESENTATION_REPRESENTATION (  '', ( #2044 ), #2003 ) ;
#447 = CARTESIAN_POINT ( 'NONE',  ( -3.250000000000000000, 3.950000000000000178, 0.5000000000000002220 ) ) ;
#448 = ORIENTED_EDGE ( 'NONE', *, *, #1446, .F. ) ;
#449 = LINE ( 'NONE', #1400, #1149 ) ;
#450 = VECTOR ( 'NONE', #2304, 1000.000000000000000 ) ;
#451 = FACE_OUTER_BOUND ( 'NONE', #895, .T. ) ;
#452 = APPLICATION_PROTOCOL_DEFINITION ( 'draft international standard', 'automotive_design', 1998, #609 ) ;
#453 =( NAMED_UNIT ( * ) PLANE_ANGLE_UNIT ( ) SI_UNIT ( $, .RADIAN. ) );
#454 = CARTESIAN_POINT ( 'NONE',  ( -1.200000000000000178, -11.09999999999999787, -0.4000000000000000222 ) ) ;
#455 = VERTEX_POINT ( 'NONE', #870 ) ;
#456 = CARTESIAN_POINT ( 'NONE',  ( 2.549999999999999378, 3.700000000000000178, 1.899999999999999467 ) ) ;
#457 = EDGE_CURVE ( 'NONE', #1024, #1587, #2220, .T. ) ;
#458 = DIRECTION ( 'NONE',  ( 1.000000000000000000, 0.000000000000000000, 0.000000000000000000 ) ) ;
#459 = CARTESIAN_POINT ( 'NONE',  ( -4.549999999999998934, 3.850000000000000533, 2.117582368128047128E-19 ) ) ;
#460 = ADVANCED_FACE ( 'NONE', ( #10 ), #1790, .F. ) ;
#461 = CARTESIAN_POINT ( 'NONE',  ( 1.200000000000000178, -11.10000000000000142, 0.4000000000000000222 ) ) ;
#462 = ORIENTED_EDGE ( 'NONE', *, *, #2254, .F. ) ;
#463 = DIRECTION ( 'NONE',  ( -1.000000000000000000, 0.000000000000000000, 7.228014483236698281E-17 ) ) ;
#464 = LINE ( 'NONE', #427, #1158 ) ;
#465 = DIRECTION ( 'NONE',  ( -1.000000000000000000, 0.000000000000000000, 0.000000000000000000 ) ) ;
#466 = ORIENTED_EDGE ( 'NONE', *, *, #600, .F. ) ;
#467 = CARTESIAN_POINT ( 'NONE',  ( -3.621841060262849243, -2.000000000000000000, -0.7999999999999994893 ) ) ;
#468 = CARTESIAN_POINT ( 'NONE',  ( 4.121841060262851464, -2.000000000000000000, 0.7999999999999994893 ) ) ;
#469 = EDGE_CURVE ( 'NONE', #2767, #2286, #2551, .T. ) ;
#470 = DIRECTION ( 'NONE',  ( 0.000000000000000000, 0.000000000000000000, 1.000000000000000000 ) ) ;
#471 = LINE ( 'NONE', #1340, #2136 ) ;
#472 = ADVANCED_FACE ( 'NONE', ( #1476 ), #1466, .T. ) ;
#473 = VERTEX_POINT ( 'NONE', #792 ) ;
#474 = DIRECTION ( 'NONE',  ( 1.000000000000000000, 0.000000000000000000, -0.000000000000000000 ) ) ;
#475 = DIRECTION ( 'NONE',  ( 1.000000000000000000, -0.000000000000000000, -0.000000000000000000 ) ) ;
#476 = EDGE_LOOP ( 'NONE', ( #2502, #2651, #119, #2182 ) ) ;
#477 = ORIENTED_EDGE ( 'NONE', *, *, #1904, .T. ) ;
#478 = CARTESIAN_POINT ( 'NONE',  ( -2.549999999999997602, 3.700000000000000178, -0.8999999999999995781 ) ) ;
#479 =( GEOMETRIC_REPRESENTATION_CONTEXT ( 3 ) GLOBAL_UNCERTAINTY_ASSIGNED_CONTEXT ( ( #1185 ) ) GLOBAL_UNIT_ASSIGNED_CONTEXT ( ( #1264, #1078, #1051 ) ) REPRESENTATION_CONTEXT ( 'NONE', 'WORKASPACE' ) );
#480 = CARTESIAN_POINT ( 'NONE',  ( -1.749999999999999334, 3.950000000000000178, 0.4999999999999998890 ) ) ;
#481 = VECTOR ( 'NONE', #200, 1000.000000000000000 ) ;
#482 = CARTESIAN_POINT ( 'NONE',  ( 1.200000000000000178, -6.842519067951209344, -1.900000000000000355 ) ) ;
#483 = FILL_AREA_STYLE ('',( #2500 ) ) ;
#484 = VECTOR ( 'NONE', #1020, 1000.000000000000000 ) ;
#485 = AXIS2_PLACEMENT_3D ( 'NONE', #1469, #2350, #1098 ) ;
#486 = EDGE_CURVE ( 'NONE', #2495, #2016, #726, .T. ) ;
#487 = VECTOR ( 'NONE', #2439, 1000.000000000000000 ) ;
#488 = PLANE ( 'NONE',  #1162 ) ;
#489 =( GEOMETRIC_REPRESENTATION_CONTEXT ( 3 ) GLOBAL_UNCERTAINTY_ASSIGNED_CONTEXT ( ( #2775 ) ) GLOBAL_UNIT_ASSIGNED_CONTEXT ( ( #2453, #453, #1345 ) ) REPRESENTATION_CONTEXT ( 'NONE', 'WORKASPACE' ) );
#490 =( NAMED_UNIT ( * ) PLANE_ANGLE_UNIT ( ) SI_UNIT ( $, .RADIAN. ) );
#491 = CARTESIAN_POINT ( 'NONE',  ( -3.750000000000001776, -11.34999999999999964, 0.1500000000000015210 ) ) ;
#492 = ADVANCED_FACE ( 'NONE', ( #1430 ), #341, .T. ) ;
#493 = ORIENTED_EDGE ( 'NONE', *, *, #1870, .T. ) ;
#494 = VECTOR ( 'NONE', #2603, 1000.000000000000000 ) ;
#495 = EDGE_LOOP ( 'NONE', ( #1489, #2231, #227, #1639 ) ) ;
#496 = CARTESIAN_POINT ( 'NONE',  ( 3.621841060262851020, 2.000000000000000000, -0.7999999999999994893 ) ) ;
#497 = DIRECTION ( 'NONE',  ( 0.000000000000000000, 0.000000000000000000, 1.000000000000000000 ) ) ;
#498 = DIRECTION ( 'NONE',  ( -1.000000000000000000, 0.000000000000000000, 0.000000000000000000 ) ) ;
#499 = ORIENTED_EDGE ( 'NONE', *, *, #1773, .F. ) ;
#500 = DIRECTION ( 'NONE',  ( -0.000000000000000000, -0.000000000000000000, 1.000000000000000000 ) ) ;
#501 = DIRECTION ( 'NONE',  ( 1.000000000000000000, 1.133806193448893442E-16, -0.000000000000000000 ) ) ;
#502 = EDGE_LOOP ( 'NONE', ( #942, #1464, #1919, #439 ) ) ;
#503 = UNCERTAINTY_MEASURE_WITH_UNIT (LENGTH_MEASURE( 1.000000000000000082E-05 ), #856, 'distance_accuracy_value', 'NONE');
#504 = SURFACE_STYLE_USAGE ( .BOTH. , #943 ) ;
#505 =( NAMED_UNIT ( * ) SI_UNIT ( $, .STERADIAN. ) SOLID_ANGLE_UNIT ( ) );
#506 = EDGE_CURVE ( 'NONE', #902, #2660, #1250, .T. ) ;
#507 = LINE ( 'NONE', #2106, #1011 ) ;
#508 = FILL_AREA_STYLE_COLOUR ( '', #1359 ) ;
#509 = ORIENTED_EDGE ( 'NONE', *, *, #2367, .F. ) ;
#510 = ORIENTED_EDGE ( 'NONE', *, *, #2658, .T. ) ;
#511 = ADVANCED_FACE ( 'NONE', ( #2140 ), #1660, .F. ) ;
#512 = CARTESIAN_POINT ( 'NONE',  ( -3.621841060262849243, -2.000000000000000000, -0.7999999999999994893 ) ) ;
#513 = SURFACE_STYLE_USAGE ( .BOTH. , #745 ) ;
#514 = DIRECTION ( 'NONE',  ( 0.000000000000000000, 0.000000000000000000, 1.000000000000000000 ) ) ;
#515 = ORIENTED_EDGE ( 'NONE', *, *, #186, .F. ) ;
#516 = DIRECTION ( 'NONE',  ( -1.000000000000000000, 0.000000000000000000, 0.000000000000000000 ) ) ;
#517 = FILL_AREA_STYLE ('',( #990 ) ) ;
#518 = ORIENTED_EDGE ( 'NONE', *, *, #1165, .T. ) ;
#519 = ADVANCED_FACE ( 'NONE', ( #113 ), #2104, .F. ) ;
#520 = CIRCLE ( 'NONE', #1674, 1.900000000000000133 ) ;
#521 = DIRECTION ( 'NONE',  ( 0.000000000000000000, 0.000000000000000000, 1.000000000000000000 ) ) ;
#522 =( NAMED_UNIT ( * ) SI_UNIT ( $, .STERADIAN. ) SOLID_ANGLE_UNIT ( ) );
#523 = CARTESIAN_POINT ( 'NONE',  ( -1.000000000000000000, -3.949999999999999734, 0.4000000000000000222 ) ) ;
#524 = EDGE_CURVE ( 'NONE', #1772, #2172, #1237, .T. ) ;
#525 = AXIS2_PLACEMENT_3D ( 'NONE', #1991, #897, #2250 ) ;
#526 = FILL_AREA_STYLE ('',( #674 ) ) ;
#527 = DIRECTION ( 'NONE',  ( -0.000000000000000000, -0.000000000000000000, -1.000000000000000000 ) ) ;
#528 = PRESENTATION_LAYER_ASSIGNMENT (  '', '', ( #582 ) ) ;
#529 = AXIS2_PLACEMENT_3D ( 'NONE', #90, #751, #2567 ) ;
#530 = ORIENTED_EDGE ( 'NONE', *, *, #1883, .F. ) ;
#531 = CIRCLE ( 'NONE', #1592, 0.5000000000000004441 ) ;
#532 = UNCERTAINTY_MEASURE_WITH_UNIT (LENGTH_MEASURE( 1.000000000000000082E-05 ), #1025, 'distance_accuracy_value', 'NONE');
#533 = DIRECTION ( 'NONE',  ( -0.000000000000000000, -0.000000000000000000, -1.000000000000000000 ) ) ;
#534 = CARTESIAN_POINT ( 'NONE',  ( -4.550000000000000711, 3.950000000000000178, -1.900000000000000355 ) ) ;
#535 = AXIS2_PLACEMENT_3D ( 'NONE', #1144, #2523, #498 ) ;
#536 = CIRCLE ( 'NONE', #1738, 0.5000000000000004441 ) ;
#537 = CIRCLE ( 'NONE', #101, 0.5000000000000004441 ) ;
#538 =( NAMED_UNIT ( * ) SI_UNIT ( $, .STERADIAN. ) SOLID_ANGLE_UNIT ( ) );
#539 =( NAMED_UNIT ( * ) PLANE_ANGLE_UNIT ( ) SI_UNIT ( $, .RADIAN. ) );
#540 = EDGE_LOOP ( 'NONE', ( #2859, #2374, #1612, #2911 ) ) ;
#541 =( GEOMETRIC_REPRESENTATION_CONTEXT ( 3 ) GLOBAL_UNCERTAINTY_ASSIGNED_CONTEXT ( ( #381 ) ) GLOBAL_UNIT_ASSIGNED_CONTEXT ( ( #51, #2791, #2538 ) ) REPRESENTATION_CONTEXT ( 'NONE', 'WORKASPACE' ) );
#542 = SURFACE_STYLE_USAGE ( .BOTH. , #103 ) ;
#543 = CARTESIAN_POINT ( 'NONE',  ( 3.621841060262851020, 2.000000000000000000, 0.7999999999999994893 ) ) ;
#544 = CARTESIAN_POINT ( 'NONE',  ( -2.549999999999998490, -3.950000000000000178, 1.899999999999999467 ) ) ;
#545 = EDGE_CURVE ( 'NONE', #793, #2647, #2117, .T. ) ;
#546 = CYLINDRICAL_SURFACE ( 'NONE', #1733, 0.5000000000000004441 ) ;
#547 = VERTEX_POINT ( 'NONE', #2094 ) ;
#548 = EDGE_LOOP ( 'NONE', ( #1872, #198, #2886, #681 ) ) ;
#549 = CARTESIAN_POINT ( 'NONE',  ( -4.549999999999998934, 3.850000000000000533, 3.115654664089922729E-15 ) ) ;
#550 = DIRECTION ( 'NONE',  ( -0.000000000000000000, 0.000000000000000000, -1.000000000000000000 ) ) ;
#551 = FACE_OUTER_BOUND ( 'NONE', #1846, .T. ) ;
#552 = ORIENTED_EDGE ( 'NONE', *, *, #524, .T. ) ;
#553 = UNCERTAINTY_MEASURE_WITH_UNIT (LENGTH_MEASURE( 1.000000000000000082E-05 ), #2445, 'distance_accuracy_value', 'NONE');
#554 = DIRECTION ( 'NONE',  ( -0.000000000000000000, -0.000000000000000000, 1.000000000000000000 ) ) ;
#555 = EDGE_LOOP ( 'NONE', ( #1109, #33, #742, #2525 ) ) ;
#556 = CARTESIAN_POINT ( 'NONE',  ( -3.621841060262849243, -2.000000000000000000, 0.7999999999999994893 ) ) ;
#557 = LINE ( 'NONE', #704, #398 ) ;
#558 = CARTESIAN_POINT ( 'NONE',  ( 0.000000000000000000, 3.850000000000000533, 0.000000000000000000 ) ) ;
#559 = CARTESIAN_POINT ( 'NONE',  ( -2.549999999999997602, 3.700000000000000178, -0.8999999999999995781 ) ) ;
#560 = EDGE_CURVE ( 'NONE', #880, #2871, #979, .T. ) ;
#561 = CARTESIAN_POINT ( 'NONE',  ( -3.621841060262849243, 2.000000000000000000, 0.7999999999999994893 ) ) ;
#562 = ORIENTED_EDGE ( 'NONE', *, *, #1499, .T. ) ;
#563 =( NAMED_UNIT ( * ) PLANE_ANGLE_UNIT ( ) SI_UNIT ( $, .RADIAN. ) );
#564 = DIRECTION ( 'NONE',  ( -1.000000000000000000, -0.000000000000000000, -0.000000000000000000 ) ) ;
#565 = EDGE_CURVE ( 'NONE', #2772, #1512, #148, .T. ) ;
#566 = CARTESIAN_POINT ( 'NONE',  ( -4.121841060262849687, 2.000000000000000000, -0.7999999999999994893 ) ) ;
#567 = ORIENTED_EDGE ( 'NONE', *, *, #350, .F. ) ;
#568 = DIRECTION ( 'NONE',  ( -1.000000000000000000, 0.000000000000000000, 0.000000000000000000 ) ) ;
#569 = LINE ( 'NONE', #523, #97 ) ;
#570 = DIRECTION ( 'NONE',  ( 1.000000000000000000, -0.000000000000000000, -0.000000000000000000 ) ) ;
#571 = FILL_AREA_STYLE ('',( #2599 ) ) ;
#572 =( GEOMETRIC_REPRESENTATION_CONTEXT ( 3 ) GLOBAL_UNCERTAINTY_ASSIGNED_CONTEXT ( ( #1275 ) ) GLOBAL_UNIT_ASSIGNED_CONTEXT ( ( #1419, #2728, #1630 ) ) REPRESENTATION_CONTEXT ( 'NONE', 'WORKASPACE' ) );
#573 = FACE_OUTER_BOUND ( 'NONE', #2047, .T. ) ;
#574 = EDGE_LOOP ( 'NONE', ( #2415, #658, #916, #1273 ) ) ;
#575 = VECTOR ( 'NONE', #1893, 1000.000000000000000 ) ;
#576 = CARTESIAN_POINT ( 'NONE',  ( -3.621841060262849243, 2.000000000000000000, -0.8999999999999995781 ) ) ;
#577 = ORIENTED_EDGE ( 'NONE', *, *, #1169, .T. ) ;
#578 = COLOUR_RGB ( '',0.6666666666666666297, 0.6980392156862744724, 0.7686274509803920907 ) ;
#579 = AXIS2_PLACEMENT_3D ( 'NONE', #1021, #514, #289 ) ;
#580 = CARTESIAN_POINT ( 'NONE',  ( 4.121841060262851464, -2.000000000000000000, 0.7999999999999994893 ) ) ;
#581 = STYLED_ITEM ( 'NONE', ( #2705 ), #1856 ) ;
#582 = STYLED_ITEM ( 'NONE', ( #180 ), #877 ) ;
#583 = DIRECTION ( 'NONE',  ( 1.000000000000000000, 0.000000000000000000, 0.000000000000000000 ) ) ;
#584 = ORIENTED_EDGE ( 'NONE', *, *, #565, .F. ) ;
#585 = DIRECTION ( 'NONE',  ( 0.000000000000000000, -0.000000000000000000, 1.000000000000000000 ) ) ;
#586 = VECTOR ( 'NONE', #1972, 1000.000000000000000 ) ;
#587 = ADVANCED_FACE ( 'NONE', ( #2346 ), #325, .F. ) ;
#588 = CARTESIAN_POINT ( 'NONE',  ( -2.549999999999997602, 3.700000000000000178, -0.8999999999999995781 ) ) ;
#589 = ORIENTED_EDGE ( 'NONE', *, *, #267, .T. ) ;
#590 = LINE ( 'NONE', #2494, #2434 ) ;
#591 = DIRECTION ( 'NONE',  ( 1.000000000000000000, 0.000000000000000000, 0.000000000000000000 ) ) ;
#592 =( GEOMETRIC_REPRESENTATION_CONTEXT ( 3 ) GLOBAL_UNCERTAINTY_ASSIGNED_CONTEXT ( ( #2093 ) ) GLOBAL_UNIT_ASSIGNED_CONTEXT ( ( #1847, #490, #2827 ) ) REPRESENTATION_CONTEXT ( 'NONE', 'WORKASPACE' ) );
#593 = AXIS2_PLACEMENT_3D ( 'NONE', #1420, #1431, #2303 ) ;
#594 = ORIENTED_EDGE ( 'NONE', *, *, #309, .F. ) ;
#595 = CIRCLE ( 'NONE', #1507, 0.5000000000000004441 ) ;
#596 = CARTESIAN_POINT ( 'NONE',  ( -3.250000000000000000, 3.850000000000000533, -0.4999999999999997780 ) ) ;
#597 = ORIENTED_EDGE ( 'NONE', *, *, #2821, .F. ) ;
#598 = CARTESIAN_POINT ( 'NONE',  ( 2.549999999999999378, 3.700000000000000178, -0.8999999999999995781 ) ) ;
#599 = EDGE_LOOP ( 'NONE', ( #2267, #2587 ) ) ;
#600 = EDGE_CURVE ( 'NONE', #871, #1976, #2197, .T. ) ;
#601 = LINE ( 'NONE', #1048, #1251 ) ;
#602 = DIRECTION ( 'NONE',  ( -7.228014483236699514E-17, 0.000000000000000000, -1.000000000000000000 ) ) ;
#603 = ORIENTED_EDGE ( 'NONE', *, *, #2927, .F. ) ;
#604 = EDGE_CURVE ( 'NONE', #2930, #2548, #376, .T. ) ;
#605 = FACE_OUTER_BOUND ( 'NONE', #2070, .T. ) ;
#606 = LINE ( 'NONE', #1243, #437 ) ;
#607 = CARTESIAN_POINT ( 'NONE',  ( -4.000000000000000000, -3.949999999999999734, -0.4000000000000000222 ) ) ;
#608 = ORIENTED_EDGE ( 'NONE', *, *, #1348, .T. ) ;
#609 = APPLICATION_CONTEXT ( 'automotive_design' ) ;
#610 = CARTESIAN_POINT ( 'NONE',  ( 3.621841060262851020, 2.000000000000000000, -0.7999999999999994893 ) ) ;
#611 = ORIENTED_EDGE ( 'NONE', *, *, #506, .F. ) ;
#612 = ORIENTED_EDGE ( 'NONE', *, *, #1309, .T. ) ;
#613 = ORIENTED_EDGE ( 'NONE', *, *, #2437, .T. ) ;
#614 = DIRECTION ( 'NONE',  ( -1.000000000000000000, 0.000000000000000000, 0.000000000000000000 ) ) ;
#615 = LINE ( 'NONE', #2637, #2715 ) ;
#616 = ORIENTED_EDGE ( 'NONE', *, *, #2342, .T. ) ;
#617 = ADVANCED_FACE ( 'NONE', ( #197 ), #2507, .F. ) ;
#618 = DIRECTION ( 'NONE',  ( 0.000000000000000000, 0.000000000000000000, 1.000000000000000000 ) ) ;
#619 = CARTESIAN_POINT ( 'NONE',  ( 0.000000000000000000, 0.000000000000000000, 0.4000000000000000222 ) ) ;
#620 = ORIENTED_EDGE ( 'NONE', *, *, #692, .F. ) ;
#621 = DIRECTION ( 'NONE',  ( 0.000000000000000000, 0.000000000000000000, 1.000000000000000000 ) ) ;
#622 = ORIENTED_EDGE ( 'NONE', *, *, #2329, .F. ) ;
#623 = ORIENTED_EDGE ( 'NONE', *, *, #1391, .T. ) ;
#624 = CIRCLE ( 'NONE', #753, 0.5000000000000004441 ) ;
#625 = VERTEX_POINT ( 'NONE', #2473 ) ;
#626 = COLOUR_RGB ( '',0.6666666666666666297, 0.6980392156862744724, 0.7686274509803920907 ) ;
#627 = CARTESIAN_POINT ( 'NONE',  ( 3.621841060262851020, 2.000000000000000000, -0.7999999999999994893 ) ) ;
#628 = PLANE ( 'NONE',  #675 ) ;
#629 = AXIS2_PLACEMENT_3D ( 'NONE', #2661, #1999, #167 ) ;
#630 = CARTESIAN_POINT ( 'NONE',  ( 1.450000000000000400, -11.34999999999999964, -0.1499999999999998002 ) ) ;
#631 = ORIENTED_EDGE ( 'NONE', *, *, #2539, .T. ) ;
#632 = DIRECTION ( 'NONE',  ( -1.000000000000000000, 0.000000000000000000, 7.228014483236699514E-17 ) ) ;
#633 = CARTESIAN_POINT ( 'NONE',  ( -1.749999999999999778, 3.850000000000000533, -0.5000000000000000000 ) ) ;
#634 = COLOUR_RGB ( '',0.6666666666666666297, 0.6980392156862744724, 0.7686274509803920907 ) ;
#635 = AXIS2_PLACEMENT_3D ( 'NONE', #1747, #824, #2424 ) ;
#636 = LINE ( 'NONE', #1095, #949 ) ;
#637 = COLOUR_RGB ( '',0.6666666666666666297, 0.6980392156862744724, 0.7686274509803920907 ) ;
#638 = EDGE_CURVE ( 'NONE', #2142, #1403, #449, .T. ) ;
#639 = SURFACE_STYLE_FILL_AREA ( #2680 ) ;
#640 = VERTEX_POINT ( 'NONE', #1796 ) ;
#641 = ORIENTED_EDGE ( 'NONE', *, *, #1655, .T. ) ;
#642 = SURFACE_SIDE_STYLE ('',( #1802 ) ) ;
#643 = DIRECTION ( 'NONE',  ( 0.5773502691896285066, -0.5773502691896204020, -0.5773502691896285066 ) ) ;
#644 = FILL_AREA_STYLE_COLOUR ( '', #1635 ) ;
#645 = PLANE ( 'NONE',  #2470 ) ;
#646 = CARTESIAN_POINT ( 'NONE',  ( -0.000000000000000000, -11.10000000000000142, -0.4000000000000000222 ) ) ;
#647 = CARTESIAN_POINT ( 'NONE',  ( 1.000000000000000000, -11.34999999999999964, 0.4000000000000000222 ) ) ;
#648 = CARTESIAN_POINT ( 'NONE',  ( 3.621841060262851020, -2.000000000000000000, 0.7999999999999994893 ) ) ;
#649 = EDGE_CURVE ( 'NONE', #1462, #1512, #2688, .T. ) ;
#650 = ADVANCED_FACE ( 'NONE', ( #900 ), #2712, .F. ) ;
#651 = ORIENTED_EDGE ( 'NONE', *, *, #100, .F. ) ;
#652 = CARTESIAN_POINT ( 'NONE',  ( -4.000000000000000000, -11.09999999999999787, 0.4000000000000000222 ) ) ;
#653 = CARTESIAN_POINT ( 'NONE',  ( 3.621841060262851020, 2.000000000000000000, 0.8999999999999995781 ) ) ;
#654 = CYLINDRICAL_SURFACE ( 'NONE', #394, 0.5000000000000004441 ) ;
#655 = DIRECTION ( 'NONE',  ( 0.000000000000000000, 0.000000000000000000, -1.000000000000000000 ) ) ;
#656 = ORIENTED_EDGE ( 'NONE', *, *, #1086, .F. ) ;
#657 = EDGE_CURVE ( 'NONE', #2218, #323, #2641, .T. ) ;
#658 = ORIENTED_EDGE ( 'NONE', *, *, #1842, .T. ) ;
#659 = VECTOR ( 'NONE', #564, 1000.000000000000000 ) ;
#660 = VECTOR ( 'NONE', #1136, 1000.000000000000000 ) ;
#661 = EDGE_CURVE ( 'NONE', #1836, #1829, #1282, .T. ) ;
#662 = LINE ( 'NONE', #2229, #210 ) ;
#663 = COLOUR_RGB ( '',0.3882352941176470673, 0.4000000000000000222, 0.8588235294117646523 ) ;
#664 =( GEOMETRIC_REPRESENTATION_CONTEXT ( 3 ) GLOBAL_UNCERTAINTY_ASSIGNED_CONTEXT ( ( #1429 ) ) GLOBAL_UNIT_ASSIGNED_CONTEXT ( ( #1584, #1387, #2024 ) ) REPRESENTATION_CONTEXT ( 'NONE', 'WORKASPACE' ) );
#665 = AXIS2_PLACEMENT_3D ( 'NONE', #2052, #2474, #470 ) ;
#666 = ORIENTED_EDGE ( 'NONE', *, *, #233, .T. ) ;
#667 = EDGE_CURVE ( 'NONE', #1173, #698, #1935, .T. ) ;
#668 = VECTOR ( 'NONE', #1622, 1000.000000000000000 ) ;
#669 = STYLED_ITEM ( 'NONE', ( #104 ), #2531 ) ;
#670 = DIRECTION ( 'NONE',  ( -1.000000000000000000, 0.000000000000000000, 0.000000000000000000 ) ) ;
#671 = VECTOR ( 'NONE', #2131, 1000.000000000000000 ) ;
#672 = DIRECTION ( 'NONE',  ( 0.000000000000000000, 0.000000000000000000, 1.000000000000000000 ) ) ;
#673 = CARTESIAN_POINT ( 'NONE',  ( 2.549999999999999378, 3.700000000000000178, -1.899999999999999467 ) ) ;
#674 = FILL_AREA_STYLE_COLOUR ( '', #2709 ) ;
#675 = AXIS2_PLACEMENT_3D ( 'NONE', #2475, #2905, #2726 ) ;
#676 = PRODUCT_DEFINITION_SHAPE ( 'NONE', 'NONE',  #2805 ) ;
#677 = EDGE_LOOP ( 'NONE', ( #57, #2421, #46, #584 ) ) ;
#678 = VECTOR ( 'NONE', #92, 1000.000000000000000 ) ;
#679 = PLANE ( 'NONE',  #1112 ) ;
#680 = LINE ( 'NONE', #2503, #1249 ) ;
#681 = ORIENTED_EDGE ( 'NONE', *, *, #1564, .F. ) ;
#682 = EDGE_CURVE ( 'NONE', #1061, #1970, #2186, .T. ) ;
#683 = DIRECTION ( 'NONE',  ( -0.000000000000000000, 1.000000000000000000, -0.000000000000000000 ) ) ;
#684 = FACE_OUTER_BOUND ( 'NONE', #133, .T. ) ;
#685 = ADVANCED_FACE ( 'NONE', ( #2395 ), #2656, .T. ) ;
#686 = CARTESIAN_POINT ( 'NONE',  ( 4.121841060262851464, 2.000000000000000000, 0.7999999999999994893 ) ) ;
#687 = ORIENTED_EDGE ( 'NONE', *, *, #1560, .T. ) ;
#688 =( NAMED_UNIT ( * ) PLANE_ANGLE_UNIT ( ) SI_UNIT ( $, .RADIAN. ) );
#689 = VERTEX_POINT ( 'NONE', #368 ) ;
#690 = CARTESIAN_POINT ( 'NONE',  ( -4.021259533975606537, -4.021259533975595879, -0.4000000000000000222 ) ) ;
#691 = ORIENTED_EDGE ( 'NONE', *, *, #2038, .T. ) ;
#692 = EDGE_CURVE ( 'NONE', #2036, #2557, #606, .T. ) ;
#693 = CARTESIAN_POINT ( 'NONE',  ( -4.000000000000000000, -11.09999999999999787, 0.4000000000000000222 ) ) ;
#694 = CARTESIAN_POINT ( 'NONE',  ( -2.549999999999997602, 3.700000000000000178, 1.899999999999999467 ) ) ;
#695 = ORIENTED_EDGE ( 'NONE', *, *, #524, .F. ) ;
#696 = CARTESIAN_POINT ( 'NONE',  ( -4.549999999999998934, 3.850000000000000533, 3.115654664089922729E-15 ) ) ;
#697 = CARTESIAN_POINT ( 'NONE',  ( -0.9999999999999983347, -4.349999999999998757, 0.4000000000000000222 ) ) ;
#698 = VERTEX_POINT ( 'NONE', #140 ) ;
#699 = LINE ( 'NONE', #1638, #1498 ) ;
#700 = ORIENTED_EDGE ( 'NONE', *, *, #2655, .T. ) ;
#701 = VECTOR ( 'NONE', #163, 1000.000000000000000 ) ;
#702 = CARTESIAN_POINT ( 'NONE',  ( -1.199999999999999289, -6.701097711713900118, -1.900000000000000355 ) ) ;
#703 = LINE ( 'NONE', #2298, #1246 ) ;
#704 = CARTESIAN_POINT ( 'NONE',  ( -4.550000000000000711, -3.950000000000000178, -1.900000000000000355 ) ) ;
#705 = PRESENTATION_LAYER_ASSIGNMENT (  '', '', ( #581 ) ) ;
#706 = PRESENTATION_LAYER_ASSIGNMENT (  '', '', ( #2792 ) ) ;
#707 = ORIENTED_EDGE ( 'NONE', *, *, #1850, .F. ) ;
#708 = MECHANICAL_DESIGN_GEOMETRIC_PRESENTATION_REPRESENTATION (  '', ( #1195 ), #48 ) ;
#709 = SURFACE_STYLE_USAGE ( .BOTH. , #21 ) ;
#710 = VECTOR ( 'NONE', #1445, 999.9999999999998863 ) ;
#711 = VECTOR ( 'NONE', #2207, 1000.000000000000000 ) ;
#712 = EDGE_CURVE ( 'NONE', #2344, #93, #2855, .T. ) ;
#713 = ORIENTED_EDGE ( 'NONE', *, *, #1623, .F. ) ;
#714 =( GEOMETRIC_REPRESENTATION_CONTEXT ( 3 ) GLOBAL_UNCERTAINTY_ASSIGNED_CONTEXT ( ( #1917 ) ) GLOBAL_UNIT_ASSIGNED_CONTEXT ( ( #1550, #2648, #1957 ) ) REPRESENTATION_CONTEXT ( 'NONE', 'WORKASPACE' ) );
#715 = LINE ( 'NONE', #2077, #1817 ) ;
#716 = LINE ( 'NONE', #2095, #920 ) ;
#717 = COLOUR_RGB ( '',0.6666666666666666297, 0.6980392156862744724, 0.7686274509803920907 ) ;
#718 = ADVANCED_FACE ( 'NONE', ( #788 ), #1713, .F. ) ;
#719 = ORIENTED_EDGE ( 'NONE', *, *, #667, .F. ) ;
#720 = FILL_AREA_STYLE ('',( #973 ) ) ;
#721 = FILL_AREA_STYLE ('',( #1236 ) ) ;
#722 = DIRECTION ( 'NONE',  ( -0.000000000000000000, -0.000000000000000000, 1.000000000000000000 ) ) ;
#723 = FACE_BOUND ( 'NONE', #2691, .T. ) ;
#724 = ORIENTED_EDGE ( 'NONE', *, *, #2254, .T. ) ;
#725 = EDGE_CURVE ( 'NONE', #1503, #1707, #1094, .T. ) ;
#726 = LINE ( 'NONE', #2362, #998 ) ;
#727 =( NAMED_UNIT ( * ) PLANE_ANGLE_UNIT ( ) SI_UNIT ( $, .RADIAN. ) );
#728 = PLANE ( 'NONE',  #2236 ) ;
#729 =( LENGTH_UNIT ( ) NAMED_UNIT ( * ) SI_UNIT ( .MILLI., .METRE. ) );
#730 = EDGE_LOOP ( 'NONE', ( #1646, #2642, #2649, #370 ) ) ;
#731 = ORIENTED_EDGE ( 'NONE', *, *, #2296, .F. ) ;
#732 = PLANE ( 'NONE',  #2244 ) ;
#733 = ORIENTED_EDGE ( 'NONE', *, *, #712, .T. ) ;
#734 = DIRECTION ( 'NONE',  ( -0.000000000000000000, 1.000000000000000000, -0.000000000000000000 ) ) ;
#735 = ORIENTED_EDGE ( 'NONE', *, *, #124, .F. ) ;
#736 =( NAMED_UNIT ( * ) SI_UNIT ( $, .STERADIAN. ) SOLID_ANGLE_UNIT ( ) );
#737 = CYLINDRICAL_SURFACE ( 'NONE', #2288, 0.5000000000000008882 ) ;
#738 = FILL_AREA_STYLE_COLOUR ( '', #1990 ) ;
#739 = EDGE_CURVE ( 'NONE', #1024, #2286, #851, .T. ) ;
#740 = SURFACE_STYLE_USAGE ( .BOTH. , #932 ) ;
#741 = PLANE ( 'NONE',  #2559 ) ;
#742 = ORIENTED_EDGE ( 'NONE', *, *, #2539, .F. ) ;
#743 = ADVANCED_FACE ( 'NONE', ( #1349 ), #654, .F. ) ;
#744 = DIRECTION ( 'NONE',  ( 0.000000000000000000, 0.000000000000000000, -1.000000000000000000 ) ) ;
#745 = SURFACE_SIDE_STYLE ('',( #2535 ) ) ;
#746 = COLOUR_RGB ( '',0.6666666666666666297, 0.6980392156862744724, 0.7686274509803920907 ) ;
#747 = FACE_OUTER_BOUND ( 'NONE', #187, .T. ) ;
#748 = EDGE_CURVE ( 'NONE', #2856, #473, #290, .T. ) ;
#749 =( NAMED_UNIT ( * ) SI_UNIT ( $, .STERADIAN. ) SOLID_ANGLE_UNIT ( ) );
#750 = AXIS2_PLACEMENT_3D ( 'NONE', #810, #1784, #2417 ) ;
#751 = DIRECTION ( 'NONE',  ( -0.000000000000000000, -0.000000000000000000, 1.000000000000000000 ) ) ;
#752 = AXIS2_PLACEMENT_3D ( 'NONE', #837, #2410, #1748 ) ;
#753 = AXIS2_PLACEMENT_3D ( 'NONE', #1447, #2091, #1686 ) ;
#754 = LINE ( 'NONE', #1626, #1792 ) ;
#755 = VERTEX_POINT ( 'NONE', #231 ) ;
#756 = STYLED_ITEM ( 'NONE', ( #1076 ), #1100 ) ;
#757 = DIRECTION ( 'NONE',  ( -1.000000000000000000, 0.000000000000000000, 0.000000000000000000 ) ) ;
#758 = DIRECTION ( 'NONE',  ( 0.000000000000000000, 0.000000000000000000, 1.000000000000000000 ) ) ;
#759 = PLANE ( 'NONE',  #215 ) ;
#760 = STYLED_ITEM ( 'NONE', ( #2401 ), #2891 ) ;
#761 = PRESENTATION_LAYER_ASSIGNMENT (  '', '', ( #966 ) ) ;
#762 = CARTESIAN_POINT ( 'NONE',  ( 1.450000000000000400, -11.34999999999999964, 0.4000000000000000222 ) ) ;
#763 = ORIENTED_EDGE ( 'NONE', *, *, #2448, .F. ) ;
#764 = LINE ( 'NONE', #1696, #1365 ) ;
#765 = ORIENTED_EDGE ( 'NONE', *, *, #1958, .T. ) ;
#766 = VECTOR ( 'NONE', #2872, 1000.000000000000114 ) ;
#767 = EDGE_CURVE ( 'NONE', #1973, #2344, #2496, .T. ) ;
#768 = DIRECTION ( 'NONE',  ( -1.133806193448893442E-16, -1.000000000000000000, 0.000000000000000000 ) ) ;
#769 = AXIS2_PLACEMENT_3D ( 'NONE', #1621, #275, #1644 ) ;
#770 = EDGE_CURVE ( 'NONE', #2327, #689, #1558, .T. ) ;
#771 = FACE_BOUND ( 'NONE', #1543, .T. ) ;
#772 = EDGE_LOOP ( 'NONE', ( #379, #1510, #2108, #2452 ) ) ;
#773 = CARTESIAN_POINT ( 'NONE',  ( -1.200000000000000178, -11.09999999999999787, 0.4000000000000000222 ) ) ;
#774 = ORIENTED_EDGE ( 'NONE', *, *, #433, .F. ) ;
#775 = CARTESIAN_POINT ( 'NONE',  ( -2.549999999999997602, 3.700000000000000178, 0.8999999999999995781 ) ) ;
#776 = DIRECTION ( 'NONE',  ( 1.000000000000000000, 2.955440369727018323E-16, 0.000000000000000000 ) ) ;
#777 = FACE_BOUND ( 'NONE', #2596, .T. ) ;
#778 = DIRECTION ( 'NONE',  ( -0.000000000000000000, -0.000000000000000000, -1.000000000000000000 ) ) ;
#779 =( LENGTH_UNIT ( ) NAMED_UNIT ( * ) SI_UNIT ( .MILLI., .METRE. ) );
#780 = CARTESIAN_POINT ( 'NONE',  ( -4.549999999999998934, 3.700000000000000178, -0.8999999999999995781 ) ) ;
#781 = ORIENTED_EDGE ( 'NONE', *, *, #1169, .F. ) ;
#782 = UNCERTAINTY_MEASURE_WITH_UNIT (LENGTH_MEASURE( 1.000000000000000082E-05 ), #2686, 'distance_accuracy_value', 'NONE');
#783 = FACE_OUTER_BOUND ( 'NONE', #1168, .T. ) ;
#784 = DIRECTION ( 'NONE',  ( 1.000000000000000000, 0.000000000000000000, -2.168404344971008375E-16 ) ) ;
#785 = DIRECTION ( 'NONE',  ( -1.000000000000000000, 0.000000000000000000, 0.000000000000000000 ) ) ;
#786 = PRESENTATION_STYLE_ASSIGNMENT (( #2807 ) ) ;
#787 = ADVANCED_FACE ( 'NONE', ( #421 ), #221, .F. ) ;
#788 = FACE_OUTER_BOUND ( 'NONE', #1362, .T. ) ;
#789 = CARTESIAN_POINT ( 'NONE',  ( -3.621841060262849243, 2.000000000000000000, -0.7999999999999994893 ) ) ;
#790 = PLANE ( 'NONE',  #971 ) ;
#791 =( NAMED_UNIT ( * ) SI_UNIT ( $, .STERADIAN. ) SOLID_ANGLE_UNIT ( ) );
#792 = CARTESIAN_POINT ( 'NONE',  ( 4.121841060262851464, 2.000000000000000000, -0.7999999999999994893 ) ) ;
#793 = VERTEX_POINT ( 'NONE', #1608 ) ;
#794 = PLANE ( 'NONE',  #1059 ) ;
#795 = ORIENTED_EDGE ( 'NONE', *, *, #2927, .T. ) ;
#796 = FACE_OUTER_BOUND ( 'NONE', #2418, .T. ) ;
#797 = DIRECTION ( 'NONE',  ( -0.000000000000000000, -0.000000000000000000, 1.000000000000000000 ) ) ;
#798 = ORIENTED_EDGE ( 'NONE', *, *, #326, .T. ) ;
#799 = FACE_OUTER_BOUND ( 'NONE', #1873, .T. ) ;
#800 = CARTESIAN_POINT ( 'NONE',  ( 4.549999999999999822, -3.950000000000000178, 0.8999999999999995781 ) ) ;
#801 = SURFACE_SIDE_STYLE ('',( #138 ) ) ;
#802 = DIRECTION ( 'NONE',  ( 0.000000000000000000, 0.000000000000000000, 1.000000000000000000 ) ) ;
#803 = AXIS2_PLACEMENT_3D ( 'NONE', #2403, #843, #1770 ) ;
#804 = PRESENTATION_STYLE_ASSIGNMENT (( #2233 ) ) ;
#805 = ORIENTED_EDGE ( 'NONE', *, *, #1499, .F. ) ;
#806 = CARTESIAN_POINT ( 'NONE',  ( 3.121841060262850576, 2.000000000000000000, -0.8999999999999995781 ) ) ;
#807 = ORIENTED_EDGE ( 'NONE', *, *, #1298, .T. ) ;
#808 = STYLED_ITEM ( 'NONE', ( #2889 ), #2653 ) ;
#809 =( GEOMETRIC_REPRESENTATION_CONTEXT ( 3 ) GLOBAL_UNCERTAINTY_ASSIGNED_CONTEXT ( ( #2109 ) ) GLOBAL_UNIT_ASSIGNED_CONTEXT ( ( #2625, #369, #1541 ) ) REPRESENTATION_CONTEXT ( 'NONE', 'WORKASPACE' ) );
#810 = CARTESIAN_POINT ( 'NONE',  ( -1.000000000000000000, -11.34999999999999964, 0.4000000000000000222 ) ) ;
#811 = EDGE_CURVE ( 'NONE', #1067, #1286, #885, .T. ) ;
#812 = EDGE_LOOP ( 'NONE', ( #2008, #2409, #1356, #1184 ) ) ;
#813 = STYLED_ITEM ( 'NONE', ( #2916 ), #1015 ) ;
#814 = COLOUR_RGB ( '',0.6666666666666666297, 0.6980392156862744724, 0.7686274509803920907 ) ;
#815 = PRESENTATION_STYLE_ASSIGNMENT (( #2844 ) ) ;
#816 = DIRECTION ( 'NONE',  ( -0.000000000000000000, -0.000000000000000000, 1.000000000000000000 ) ) ;
#817 = EDGE_CURVE ( 'NONE', #1734, #2589, #1685, .T. ) ;
#818 = VECTOR ( 'NONE', #1394, 1000.000000000000000 ) ;
#819 = ORIENTED_EDGE ( 'NONE', *, *, #65, .T. ) ;
#820 = AXIS2_PLACEMENT_3D ( 'NONE', #512, #272, #2323 ) ;
#821 = DIRECTION ( 'NONE',  ( 1.000000000000000000, 0.000000000000000000, 0.000000000000000000 ) ) ;
#822 = DIRECTION ( 'NONE',  ( 0.000000000000000000, 0.000000000000000000, 1.000000000000000000 ) ) ;
#823 = ORIENTED_EDGE ( 'NONE', *, *, #208, .T. ) ;
#824 = DIRECTION ( 'NONE',  ( -0.000000000000000000, -0.000000000000000000, -1.000000000000000000 ) ) ;
#825 = FACE_OUTER_BOUND ( 'NONE', #374, .T. ) ;
#826 = CARTESIAN_POINT ( 'NONE',  ( 1.750000000000000222, 3.850000000000000533, -0.5000000000000004441 ) ) ;
#827 = SURFACE_STYLE_USAGE ( .BOTH. , #874 ) ;
#828 = ORIENTED_EDGE ( 'NONE', *, *, #1426, .F. ) ;
#829 = DIRECTION ( 'NONE',  ( 0.000000000000000000, 0.000000000000000000, 1.000000000000000000 ) ) ;
#830 = VERTEX_POINT ( 'NONE', #544 ) ;
#831 = ORIENTED_EDGE ( 'NONE', *, *, #1609, .F. ) ;
#832 = ADVANCED_FACE ( 'NONE', ( #1442 ), #77, .F. ) ;
#833 = ORIENTED_EDGE ( 'NONE', *, *, #2678, .F. ) ;
#834 = DIRECTION ( 'NONE',  ( -1.000000000000000000, 0.000000000000000000, 1.445602896647339163E-16 ) ) ;
#835 = CARTESIAN_POINT ( 'NONE',  ( -1.449999999999998623, -11.34999999999999964, 0.1500000000000015210 ) ) ;
#836 = PRESENTATION_STYLE_ASSIGNMENT (( #1295 ) ) ;
#837 = CARTESIAN_POINT ( 'NONE',  ( 0.000000000000000000, 0.000000000000000000, -0.4000000000000000222 ) ) ;
#838 = CARTESIAN_POINT ( 'NONE',  ( -3.250000000000000000, 3.950000000000000178, -0.4999999999999997780 ) ) ;
#839 = CARTESIAN_POINT ( 'NONE',  ( 1.200000000000000178, -6.842519067951209344, 0.4000000000000000222 ) ) ;
#840 = VERTEX_POINT ( 'NONE', #2394 ) ;
#841 = DIRECTION ( 'NONE',  ( 0.000000000000000000, 0.7071067811865524577, 0.7071067811865425767 ) ) ;
#842 = ORIENTED_EDGE ( 'NONE', *, *, #124, .T. ) ;
#843 = DIRECTION ( 'NONE',  ( 1.000000000000000000, 0.000000000000000000, -8.673617379884035472E-16 ) ) ;
#844 = CARTESIAN_POINT ( 'NONE',  ( 3.121841060262850132, -2.000000000000000000, -0.7999999999999994893 ) ) ;
#845 = CARTESIAN_POINT ( 'NONE',  ( -4.549999999999998934, -3.950000000000000178, -0.8999999999999995781 ) ) ;
#846 = ORIENTED_EDGE ( 'NONE', *, *, #873, .T. ) ;
#847 = CYLINDRICAL_SURFACE ( 'NONE', #635, 0.5000000000000004441 ) ;
#848 = SURFACE_SIDE_STYLE ('',( #159 ) ) ;
#849 = ADVANCED_FACE ( 'NONE', ( #2771, #1668, #1225 ), #2111, .T. ) ;
#850 = CARTESIAN_POINT ( 'NONE',  ( -1.749999999999999778, 3.850000000000000533, -0.5000000000000000000 ) ) ;
#851 = LINE ( 'NONE', #1777, #1588 ) ;
#852 = SURFACE_STYLE_FILL_AREA ( #2870 ) ;
#853 = ADVANCED_FACE ( 'NONE', ( #1922 ), #2819, .F. ) ;
#854 = VERTEX_POINT ( 'NONE', #404 ) ;
#855 = FACE_OUTER_BOUND ( 'NONE', #2320, .T. ) ;
#856 =( LENGTH_UNIT ( ) NAMED_UNIT ( * ) SI_UNIT ( .MILLI., .METRE. ) );
#857 = EDGE_LOOP ( 'NONE', ( #1815, #2211, #707, #1967 ) ) ;
#858 = VERTEX_POINT ( 'NONE', #2249 ) ;
#859 = AXIS2_PLACEMENT_3D ( 'NONE', #901, #2075, #957 ) ;
#860 = ORIENTED_EDGE ( 'NONE', *, *, #1517, .T. ) ;
#861 = COLOUR_RGB ( '',0.6666666666666666297, 0.6980392156862744724, 0.7686274509803920907 ) ;
#862 = PRESENTATION_LAYER_ASSIGNMENT (  '', '', ( #2127 ) ) ;
#863 = AXIS2_PLACEMENT_3D ( 'NONE', #88, #1698, #997 ) ;
#864 = LINE ( 'NONE', #1532, #1725 ) ;
#865 = DIRECTION ( 'NONE',  ( 1.133806193448893442E-16, 1.000000000000000000, 0.000000000000000000 ) ) ;
#866 = AXIS2_PLACEMENT_3D ( 'NONE', #850, #1077, #105 ) ;
#867 = PRESENTATION_LAYER_ASSIGNMENT (  '', '', ( #760 ) ) ;
#868 = CARTESIAN_POINT ( 'NONE',  ( -1.199999999999998179, -4.499999999999999112, 0.4000000000000000222 ) ) ;
#869 = CARTESIAN_POINT ( 'NONE',  ( 0.7999999999999963807, -10.70000000000000462, 0.8000000000000038192 ) ) ;
#870 = CARTESIAN_POINT ( 'NONE',  ( -2.649999999999999467, 3.850000000000000533, 1.899999999999999467 ) ) ;
#871 = VERTEX_POINT ( 'NONE', #2640 ) ;
#872 = CIRCLE ( 'NONE', #2043, 0.5000000000000004441 ) ;
#873 = EDGE_CURVE ( 'NONE', #2871, #271, #2898, .T. ) ;
#874 = SURFACE_SIDE_STYLE ('',( #207 ) ) ;
#875 = AXIS2_PLACEMENT_3D ( 'NONE', #1140, #474, #2931 ) ;
#876 = DIRECTION ( 'NONE',  ( -1.000000000000000000, 0.000000000000000000, 0.000000000000000000 ) ) ;
#877 = ADVANCED_FACE ( 'NONE', ( #605 ), #1524, .T. ) ;
#878 =( NAMED_UNIT ( * ) SI_UNIT ( $, .STERADIAN. ) SOLID_ANGLE_UNIT ( ) );
#879 = CARTESIAN_POINT ( 'NONE',  ( -3.121841060262848355, -2.000000000000000000, 0.7999999999999994893 ) ) ;
#880 = VERTEX_POINT ( 'NONE', #468 ) ;
#881 = VERTEX_POINT ( 'NONE', #2742 ) ;
#882 = DIRECTION ( 'NONE',  ( 0.000000000000000000, -0.000000000000000000, -1.000000000000000000 ) ) ;
#883 = DIRECTION ( 'NONE',  ( -1.000000000000000000, -0.000000000000000000, 0.000000000000000000 ) ) ;
#884 = CARTESIAN_POINT ( 'NONE',  ( 1.200000000000000178, -11.34999999999999964, 0.4000000000000000222 ) ) ;
#885 = LINE ( 'NONE', #1805, #205 ) ;
#886 = DIRECTION ( 'NONE',  ( 1.133806193448893442E-16, -1.000000000000000000, 0.000000000000000000 ) ) ;
#887 = FACE_OUTER_BOUND ( 'NONE', #2193, .T. ) ;
#888 = EDGE_CURVE ( 'NONE', #2382, #2142, #1599, .T. ) ;
#889 = EDGE_LOOP ( 'NONE', ( #1780, #2122 ) ) ;
#890 = ORIENTED_EDGE ( 'NONE', *, *, #2012, .T. ) ;
#891 = ORIENTED_EDGE ( 'NONE', *, *, #25, .F. ) ;
#892 = EDGE_CURVE ( 'NONE', #2115, #1061, #2051, .T. ) ;
#893 = SURFACE_STYLE_FILL_AREA ( #2463 ) ;
#894 = DIRECTION ( 'NONE',  ( -1.000000000000000000, 0.000000000000000000, 0.000000000000000000 ) ) ;
#895 = EDGE_LOOP ( 'NONE', ( #2781, #1852 ) ) ;
#896 = LINE ( 'NONE', #456, #1197 ) ;
#897 = DIRECTION ( 'NONE',  ( -0.000000000000000000, -0.000000000000000000, 1.000000000000000000 ) ) ;
#898 = DIRECTION ( 'NONE',  ( 1.000000000000000000, 0.000000000000000000, 0.000000000000000000 ) ) ;
#899 = ORIENTED_EDGE ( 'NONE', *, *, #1779, .T. ) ;
#900 = FACE_OUTER_BOUND ( 'NONE', #86, .T. ) ;
#901 = CARTESIAN_POINT ( 'NONE',  ( -4.549999999999998934, 3.950000000000000178, 1.899999999999999467 ) ) ;
#902 = VERTEX_POINT ( 'NONE', #459 ) ;
#903 = EDGE_CURVE ( 'NONE', #1801, #2069, #954, .T. ) ;
#904 = PRESENTATION_LAYER_ASSIGNMENT (  '', '', ( #2179 ) ) ;
#905 = VECTOR ( 'NONE', #245, 1000.000000000000000 ) ;
#906 = EDGE_CURVE ( 'NONE', #2660, #455, #915, .T. ) ;
#907 = SURFACE_STYLE_USAGE ( .BOTH. , #642 ) ;
#908 = DIRECTION ( 'NONE',  ( 0.000000000000000000, 0.000000000000000000, 1.000000000000000000 ) ) ;
#909 = VECTOR ( 'NONE', #533, 1000.000000000000000 ) ;
#910 = PRESENTATION_LAYER_ASSIGNMENT (  '', '', ( #2124 ) ) ;
#911 = ORIENTED_EDGE ( 'NONE', *, *, #312, .T. ) ;
#912 = VECTOR ( 'NONE', #643, 1000.000000000000114 ) ;
#913 = DIRECTION ( 'NONE',  ( 0.000000000000000000, 0.000000000000000000, 1.000000000000000000 ) ) ;
#914 =( GEOMETRIC_REPRESENTATION_CONTEXT ( 3 ) GLOBAL_UNCERTAINTY_ASSIGNED_CONTEXT ( ( #102 ) ) GLOBAL_UNIT_ASSIGNED_CONTEXT ( ( #729, #539, #1433 ) ) REPRESENTATION_CONTEXT ( 'NONE', 'WORKASPACE' ) );
#915 = LINE ( 'NONE', #2761, #668 ) ;
#916 = ORIENTED_EDGE ( 'NONE', *, *, #1389, .F. ) ;
#917 = VECTOR ( 'NONE', #1227, 1000.000000000000000 ) ;
#918 = CARTESIAN_POINT ( 'NONE',  ( -2.549999999999998490, -3.950000000000000178, -1.899999999999999467 ) ) ;
#919 = DIRECTION ( 'NONE',  ( 1.000000000000000000, 0.000000000000000000, 0.000000000000000000 ) ) ;
#920 = VECTOR ( 'NONE', #1882, 1000.000000000000000 ) ;
#921 = ORIENTED_EDGE ( 'NONE', *, *, #1332, .F. ) ;
#922 = AXIS2_PLACEMENT_3D ( 'NONE', #576, #2358, #2377 ) ;
#923 = FILL_AREA_STYLE ('',( #1148 ) ) ;
#924 = EDGE_CURVE ( 'NONE', #2170, #2644, #1645, .T. ) ;
#925 = CARTESIAN_POINT ( 'NONE',  ( -4.121841060262849687, -2.000000000000000000, 0.8999999999999995781 ) ) ;
#926 = LINE ( 'NONE', #201, #1449 ) ;
#927 = ORIENTED_EDGE ( 'NONE', *, *, #2917, .F. ) ;
#928 = EDGE_CURVE ( 'NONE', #2135, #881, #2272, .T. ) ;
#929 = CARTESIAN_POINT ( 'NONE',  ( 4.550000000000000711, 3.700000000000000178, 0.8999999999999995781 ) ) ;
#930 = CARTESIAN_POINT ( 'NONE',  ( 4.000000000000000000, -11.10000000000000142, 0.4000000000000000222 ) ) ;
#931 = ORIENTED_EDGE ( 'NONE', *, *, #222, .F. ) ;
#932 = SURFACE_SIDE_STYLE ('',( #2318 ) ) ;
#933 = CARTESIAN_POINT ( 'NONE',  ( -4.549999999999998934, 3.850000000000000533, 1.899999999999999467 ) ) ;
#934 = EDGE_LOOP ( 'NONE', ( #147, #798, #1651, #117 ) ) ;
#935 = CARTESIAN_POINT ( 'NONE',  ( 1.749999999999999778, 3.850000000000000533, 0.4999999999999994449 ) ) ;
#936 = DIRECTION ( 'NONE',  ( 0.000000000000000000, 1.000000000000000000, 0.000000000000000000 ) ) ;
#937 = EDGE_CURVE ( 'NONE', #2853, #271, #2380, .T. ) ;
#938 = FILL_AREA_STYLE ('',( #1610 ) ) ;
#939 = ORIENTED_EDGE ( 'NONE', *, *, #1523, .F. ) ;
#940 = FACE_OUTER_BOUND ( 'NONE', #2456, .T. ) ;
#941 = DIRECTION ( 'NONE',  ( -0.000000000000000000, -1.000000000000000000, -0.000000000000000000 ) ) ;
#942 = ORIENTED_EDGE ( 'NONE', *, *, #1407, .T. ) ;
#943 = SURFACE_SIDE_STYLE ('',( #2039 ) ) ;
#944 = STYLED_ITEM ( 'NONE', ( #95 ), #460 ) ;
#945 = LINE ( 'NONE', #1468, #2750 ) ;
#946 = FILL_AREA_STYLE ('',( #2335 ) ) ;
#947 = VERTEX_POINT ( 'NONE', #2139 ) ;
#948 = VECTOR ( 'NONE', #1299, 1000.000000000000000 ) ;
#949 = VECTOR ( 'NONE', #1053, 1000.000000000000000 ) ;
#950 = FACE_OUTER_BOUND ( 'NONE', #677, .T. ) ;
#951 = PLANE ( 'NONE',  #1782 ) ;
#952 = PRESENTATION_LAYER_ASSIGNMENT (  '', '', ( #2379 ) ) ;
#953 = AXIS2_PLACEMENT_3D ( 'NONE', #1495, #1043, #1940 ) ;
#954 = LINE ( 'NONE', #20, #292 ) ;
#955 = VECTOR ( 'NONE', #136, 1000.000000000000000 ) ;
#956 = ADVANCED_FACE ( 'NONE', ( #1202 ), #1880, .F. ) ;
#957 = DIRECTION ( 'NONE',  ( -1.000000000000000000, 0.000000000000000000, -0.000000000000000000 ) ) ;
#958 = CIRCLE ( 'NONE', #1494, 0.5000000000000004441 ) ;
#959 = VECTOR ( 'NONE', #2258, 1000.000000000000000 ) ;
#960 = EDGE_CURVE ( 'NONE', #1286, #1743, #1739, .T. ) ;
#961 = ORIENTED_EDGE ( 'NONE', *, *, #2636, .F. ) ;
#962 = AXIS2_PLACEMENT_3D ( 'NONE', #87, #1208, #996 ) ;
#963 = AXIS2_PLACEMENT_3D ( 'NONE', #1029, #2634, #1290 ) ;
#964 = DIRECTION ( 'NONE',  ( -1.000000000000000000, 0.000000000000000000, 0.000000000000000000 ) ) ;
#965 = FACE_OUTER_BOUND ( 'NONE', #2102, .T. ) ;
#966 = STYLED_ITEM ( 'NONE', ( #131 ), #2009 ) ;
#967 = VECTOR ( 'NONE', #941, 1000.000000000000000 ) ;
#968 = DIRECTION ( 'NONE',  ( 0.7071067811865464625, -0.7071067811865486830, -0.000000000000000000 ) ) ;
#969 = DIRECTION ( 'NONE',  ( -0.000000000000000000, -0.000000000000000000, 1.000000000000000000 ) ) ;
#970 = EDGE_LOOP ( 'NONE', ( #1259, #1096, #2895, #733 ) ) ;
#971 = AXIS2_PLACEMENT_3D ( 'NONE', #1966, #1023, #337 ) ;
#972 = VERTEX_POINT ( 'NONE', #1216 ) ;
#973 = FILL_AREA_STYLE_COLOUR ( '', #634 ) ;
#974 = SURFACE_STYLE_FILL_AREA ( #721 ) ;
#975 =( NAMED_UNIT ( * ) SI_UNIT ( $, .STERADIAN. ) SOLID_ANGLE_UNIT ( ) );
#976 = CARTESIAN_POINT ( 'NONE',  ( -3.621841060262849243, -2.000000000000000000, 0.7999999999999994893 ) ) ;
#977 = EDGE_LOOP ( 'NONE', ( #2908, #2591, #2440, #2465 ) ) ;
#978 = CARTESIAN_POINT ( 'NONE',  ( -1.749999999999999778, 3.950000000000000178, -0.5000000000000000000 ) ) ;
#979 = LINE ( 'NONE', #580, #575 ) ;
#980 = EDGE_CURVE ( 'NONE', #2241, #547, #1692, .T. ) ;
#981 = DIRECTION ( 'NONE',  ( -0.000000000000000000, -0.000000000000000000, -1.000000000000000000 ) ) ;
#982 = SURFACE_STYLE_FILL_AREA ( #2121 ) ;
#983 = EDGE_CURVE ( 'NONE', #2432, #2218, #2573, .T. ) ;
#984 = ORIENTED_EDGE ( 'NONE', *, *, #1348, .F. ) ;
#985 = CARTESIAN_POINT ( 'NONE',  ( -3.621841060262849243, 2.000000000000000000, -0.8999999999999995781 ) ) ;
#986 = LINE ( 'NONE', #2785, #2040 ) ;
#987 = CARTESIAN_POINT ( 'NONE',  ( -3.250000000000000000, 3.850000000000000533, 0.5000000000000002220 ) ) ;
#988 = DIRECTION ( 'NONE',  ( 1.133806193448893442E-16, 1.000000000000000000, 0.000000000000000000 ) ) ;
#989 = EDGE_CURVE ( 'NONE', #547, #1004, #1268, .T. ) ;
#990 = FILL_AREA_STYLE_COLOUR ( '', #717 ) ;
#991 = SURFACE_STYLE_FILL_AREA ( #946 ) ;
#992 = ORIENTED_EDGE ( 'NONE', *, *, #2590, .F. ) ;
#993 = AXIS2_PLACEMENT_3D ( 'NONE', #2614, #363, #585 ) ;
#994 = ADVANCED_FACE ( 'NONE', ( #2550 ), #314, .F. ) ;
#995 = UNCERTAINTY_MEASURE_WITH_UNIT (LENGTH_MEASURE( 1.000000000000000082E-05 ), #2338, 'distance_accuracy_value', 'NONE');
#996 = DIRECTION ( 'NONE',  ( -1.000000000000000000, 0.000000000000000000, 0.000000000000000000 ) ) ;
#997 = DIRECTION ( 'NONE',  ( 0.7071067811865465735, -0.7071067811865485719, 0.000000000000000000 ) ) ;
#998 = VECTOR ( 'NONE', #988, 1000.000000000000000 ) ;
#999 = DIRECTION ( 'NONE',  ( -1.000000000000000000, 0.000000000000000000, 0.000000000000000000 ) ) ;
#1000 = PLANE ( 'NONE',  #153 ) ;
#1001 = CARTESIAN_POINT ( 'NONE',  ( 1.199999999999999956, -4.499999999999999112, -0.4000000000000004108 ) ) ;
#1002 = VECTOR ( 'NONE', #2852, 1000.000000000000000 ) ;
#1003 = DIRECTION ( 'NONE',  ( -0.000000000000000000, -0.000000000000000000, 1.000000000000000000 ) ) ;
#1004 = VERTEX_POINT ( 'NONE', #2906 ) ;
#1005 = CIRCLE ( 'NONE', #1065, 0.5000000000000004441 ) ;
#1006 = VECTOR ( 'NONE', #2920, 1000.000000000000000 ) ;
#1007 = UNCERTAINTY_MEASURE_WITH_UNIT (LENGTH_MEASURE( 1.000000000000000082E-05 ), #1347, 'distance_accuracy_value', 'NONE');
#1008 = DIRECTION ( 'NONE',  ( -2.955440369727018323E-16, 1.000000000000000000, 0.000000000000000000 ) ) ;
#1009 = AXIS2_PLACEMENT_3D ( 'NONE', #2520, #2579, #1437 ) ;
#1010 = ORIENTED_EDGE ( 'NONE', *, *, #873, .F. ) ;
#1011 = VECTOR ( 'NONE', #280, 1000.000000000000000 ) ;
#1012 =( NAMED_UNIT ( * ) PLANE_ANGLE_UNIT ( ) SI_UNIT ( $, .RADIAN. ) );
#1013 = DIRECTION ( 'NONE',  ( 0.000000000000000000, 0.000000000000000000, 1.000000000000000000 ) ) ;
#1014 = ORIENTED_EDGE ( 'NONE', *, *, #1810, .F. ) ;
#1015 = ADVANCED_FACE ( 'NONE', ( #2212 ), #1809, .F. ) ;
#1016 = PRESENTATION_STYLE_ASSIGNMENT (( #542 ) ) ;
#1017 = VERTEX_POINT ( 'NONE', #1287 ) ;
#1018 = CIRCLE ( 'NONE', #2763, 1.900000000000000133 ) ;
#1019 = FILL_AREA_STYLE ('',( #306 ) ) ;
#1020 = DIRECTION ( 'NONE',  ( -0.000000000000000000, 1.000000000000000000, -0.000000000000000000 ) ) ;
#1021 = CARTESIAN_POINT ( 'NONE',  ( -4.550000000000000711, 3.950000000000000178, -1.900000000000000355 ) ) ;
#1022 = ADVANCED_FACE ( 'NONE', ( #2240 ), #1768, .F. ) ;
#1023 = DIRECTION ( 'NONE',  ( 2.168404344971008375E-16, 0.000000000000000000, 1.000000000000000000 ) ) ;
#1024 = VERTEX_POINT ( 'NONE', #375 ) ;
#1025 =( LENGTH_UNIT ( ) NAMED_UNIT ( * ) SI_UNIT ( .MILLI., .METRE. ) );
#1026 = DIRECTION ( 'NONE',  ( -1.000000000000000000, 0.000000000000000000, 0.000000000000000000 ) ) ;
#1027 = VERTEX_POINT ( 'NONE', #1574 ) ;
#1028 = LINE ( 'NONE', #1927, #2615 ) ;
#1029 = CARTESIAN_POINT ( 'NONE',  ( 3.621841060262851020, 2.000000000000000000, 0.7999999999999994893 ) ) ;
#1030 = ORIENTED_EDGE ( 'NONE', *, *, #1596, .T. ) ;
#1031 = ORIENTED_EDGE ( 'NONE', *, *, #2152, .T. ) ;
#1032 = CARTESIAN_POINT ( 'NONE',  ( -2.649999999999999467, 3.850000000000000533, 0.000000000000000000 ) ) ;
#1033 = ORIENTED_EDGE ( 'NONE', *, *, #16, .F. ) ;
#1034 = DIRECTION ( 'NONE',  ( -0.000000000000000000, 1.000000000000000000, -0.000000000000000000 ) ) ;
#1035 = CARTESIAN_POINT ( 'NONE',  ( -3.621841060262849243, -2.000000000000000000, -0.7999999999999994893 ) ) ;
#1036 = PRESENTATION_STYLE_ASSIGNMENT (( #1263 ) ) ;
#1037 = EDGE_CURVE ( 'NONE', #99, #2172, #1955, .T. ) ;
#1038 = DIRECTION ( 'NONE',  ( -0.000000000000000000, 0.000000000000000000, -1.000000000000000000 ) ) ;
#1039 = ORIENTED_EDGE ( 'NONE', *, *, #1309, .F. ) ;
#1040 = PLANE ( 'NONE',  #2569 ) ;
#1041 = ORIENTED_EDGE ( 'NONE', *, *, #817, .F. ) ;
#1042 = EDGE_CURVE ( 'NONE', #698, #24, #1005, .T. ) ;
#1043 = DIRECTION ( 'NONE',  ( 0.7071067811865500152, 0.7071067811865451302, 0.000000000000000000 ) ) ;
#1044 = ORIENTED_EDGE ( 'NONE', *, *, #2487, .F. ) ;
#1045 = PLANE ( 'NONE',  #11 ) ;
#1046 = FACE_OUTER_BOUND ( 'NONE', #730, .T. ) ;
#1047 = EDGE_LOOP ( 'NONE', ( #612, #1715, #1138, #2188 ) ) ;
#1048 = CARTESIAN_POINT ( 'NONE',  ( 3.121841060262850576, 2.000000000000000000, 0.7999999999999994893 ) ) ;
#1049 = ORIENTED_EDGE ( 'NONE', *, *, #2904, .T. ) ;
#1050 = DIRECTION ( 'NONE',  ( -1.000000000000000000, 0.000000000000000000, 0.000000000000000000 ) ) ;
#1051 =( NAMED_UNIT ( * ) SI_UNIT ( $, .STERADIAN. ) SOLID_ANGLE_UNIT ( ) );
#1052 = AXIS2_PLACEMENT_3D ( 'NONE', #1231, #67, #1452 ) ;
#1053 = DIRECTION ( 'NONE',  ( 1.133806193448893442E-16, -1.000000000000000000, 0.000000000000000000 ) ) ;
#1054 = VERTEX_POINT ( 'NONE', #1097 ) ;
#1055 = EDGE_CURVE ( 'NONE', #2172, #1772, #958, .T. ) ;
#1056 = VECTOR ( 'NONE', #1844, 1000.000000000000000 ) ;
#1057 = DIRECTION ( 'NONE',  ( 0.000000000000000000, 1.000000000000000000, 0.000000000000000000 ) ) ;
#1058 = ORIENTED_EDGE ( 'NONE', *, *, #661, .F. ) ;
#1059 = AXIS2_PLACEMENT_3D ( 'NONE', #1313, #2386, #347 ) ;
#1060 = VECTOR ( 'NONE', #333, 1000.000000000000000 ) ;
#1061 = VERTEX_POINT ( 'NONE', #2874 ) ;
#1062 = ORIENTED_EDGE ( 'NONE', *, *, #1655, .F. ) ;
#1063 = PRESENTATION_LAYER_ASSIGNMENT (  '', '', ( #1357 ) ) ;
#1064 = DIRECTION ( 'NONE',  ( 0.000000000000000000, 0.000000000000000000, -1.000000000000000000 ) ) ;
#1065 = AXIS2_PLACEMENT_3D ( 'NONE', #1753, #2416, #1968 ) ;
#1066 = PRESENTATION_LAYER_ASSIGNMENT (  '', '', ( #2044 ) ) ;
#1067 = VERTEX_POINT ( 'NONE', #2887 ) ;
#1068 = DIRECTION ( 'NONE',  ( -1.000000000000000000, -0.000000000000000000, 1.445602896647339163E-16 ) ) ;
#1069 = VECTOR ( 'NONE', #2816, 1000.000000000000000 ) ;
#1070 = VECTOR ( 'NONE', #1722, 1000.000000000000000 ) ;
#1071 = CARTESIAN_POINT ( 'NONE',  ( -3.250000000000000000, 3.850000000000000533, -0.4999999999999997780 ) ) ;
#1072 = PLANE ( 'NONE',  #301 ) ;
#1073 = ORIENTED_EDGE ( 'NONE', *, *, #2388, .F. ) ;
#1074 = CARTESIAN_POINT ( 'NONE',  ( 2.549999999999999378, 3.700000000000000178, 1.899999999999999467 ) ) ;
#1075 = STYLED_ITEM ( 'NONE', ( #1453 ), #42 ) ;
#1076 = PRESENTATION_STYLE_ASSIGNMENT (( #2457 ) ) ;
#1077 = DIRECTION ( 'NONE',  ( 1.000000000000000000, 0.000000000000000000, -4.336808689942017736E-16 ) ) ;
#1078 =( NAMED_UNIT ( * ) PLANE_ANGLE_UNIT ( ) SI_UNIT ( $, .RADIAN. ) );
#1079 = DIRECTION ( 'NONE',  ( 1.000000000000000000, 0.000000000000000000, 0.000000000000000000 ) ) ;
#1080 = ORIENTED_EDGE ( 'NONE', *, *, #1904, .F. ) ;
#1081 = DIRECTION ( 'NONE',  ( 0.000000000000000000, 1.000000000000000000, -0.000000000000000000 ) ) ;
#1082 = ORIENTED_EDGE ( 'NONE', *, *, #2214, .T. ) ;
#1083 = ADVANCED_FACE ( 'NONE', ( #855 ), #2689, .T. ) ;
#1084 = DIRECTION ( 'NONE',  ( -0.000000000000000000, -0.000000000000000000, 1.000000000000000000 ) ) ;
#1085 = FILL_AREA_STYLE ('',( #2662 ) ) ;
#1086 = EDGE_CURVE ( 'NONE', #2135, #1234, #430, .T. ) ;
#1087 = ORIENTED_EDGE ( 'NONE', *, *, #1089, .T. ) ;
#1088 = FACE_BOUND ( 'NONE', #142, .T. ) ;
#1089 = EDGE_CURVE ( 'NONE', #2660, #2683, #1338, .T. ) ;
#1090 = CARTESIAN_POINT ( 'NONE',  ( -3.621841060262849243, -2.000000000000000000, 0.7999999999999994893 ) ) ;
#1091 = ORIENTED_EDGE ( 'NONE', *, *, #2838, .F. ) ;
#1092 = DIRECTION ( 'NONE',  ( 0.7071067811865496822, 0.7071067811865453523, 0.000000000000000000 ) ) ;
#1093 = LINE ( 'NONE', #633, #1650 ) ;
#1094 = LINE ( 'NONE', #1980, #1820 ) ;
#1095 = CARTESIAN_POINT ( 'NONE',  ( 2.549999999999999378, 3.700000000000000178, 0.8999999999999995781 ) ) ;
#1096 = ORIENTED_EDGE ( 'NONE', *, *, #208, .F. ) ;
#1097 = CARTESIAN_POINT ( 'NONE',  ( 1.749999999999999778, 3.950000000000000178, 0.4999999999999994449 ) ) ;
#1098 = DIRECTION ( 'NONE',  ( 0.000000000000000000, -0.000000000000000000, 1.000000000000000000 ) ) ;
#1099 = DIRECTION ( 'NONE',  ( 1.133806193448893442E-16, 1.000000000000000000, -0.000000000000000000 ) ) ;
#1100 = ADVANCED_FACE ( 'NONE', ( #825 ), #1569, .T. ) ;
#1101 = FACE_OUTER_BOUND ( 'NONE', #2907, .T. ) ;
#1102 = CARTESIAN_POINT ( 'NONE',  ( 3.250000000000000000, 3.850000000000000533, -0.5000000000000005551 ) ) ;
#1103 = DIRECTION ( 'NONE',  ( -1.000000000000000000, 0.000000000000000000, 0.000000000000000000 ) ) ;
#1104 = DIRECTION ( 'NONE',  ( -0.000000000000000000, 1.000000000000000000, -0.000000000000000000 ) ) ;
#1105 = EDGE_CURVE ( 'NONE', #1189, #2772, #261, .T. ) ;
#1106 = CARTESIAN_POINT ( 'NONE',  ( 1.000000000000000000, -3.949999999999999734, 0.4000000000000000222 ) ) ;
#1107 = VECTOR ( 'NONE', #1103, 1000.000000000000000 ) ;
#1108 =( NAMED_UNIT ( * ) SI_UNIT ( $, .STERADIAN. ) SOLID_ANGLE_UNIT ( ) );
#1109 = ORIENTED_EDGE ( 'NONE', *, *, #425, .F. ) ;
#1110 = VECTOR ( 'NONE', #184, 1000.000000000000000 ) ;
#1111 = SURFACE_STYLE_USAGE ( .BOTH. , #2682 ) ;
#1112 = AXIS2_PLACEMENT_3D ( 'NONE', #1187, #1175, #2334 ) ;
#1113 = AXIS2_PLACEMENT_3D ( 'NONE', #2786, #2133, #308 ) ;
#1114 = AXIS2_PLACEMENT_3D ( 'NONE', #2769, #1482, #2088 ) ;
#1115 = VECTOR ( 'NONE', #1127, 1000.000000000000000 ) ;
#1116 = COLOUR_RGB ( '',0.6666666666666666297, 0.6980392156862744724, 0.7686274509803920907 ) ;
#1117 = DIRECTION ( 'NONE',  ( -8.673617379884035472E-16, -0.000000000000000000, -1.000000000000000000 ) ) ;
#1118 = EDGE_CURVE ( 'NONE', #2644, #2635, #160, .T. ) ;
#1119 = DIRECTION ( 'NONE',  ( 0.000000000000000000, 1.000000000000000000, 0.000000000000000000 ) ) ;
#1120 = EDGE_LOOP ( 'NONE', ( #719, #2702, #313, #1289 ) ) ;
#1121 = AXIS2_PLACEMENT_3D ( 'NONE', #985, #1657, #2768 ) ;
#1122 = DIRECTION ( 'NONE',  ( 1.000000000000000000, 0.000000000000000000, 0.000000000000000000 ) ) ;
#1123 = VECTOR ( 'NONE', #1117, 1000.000000000000000 ) ;
#1124 = MECHANICAL_DESIGN_GEOMETRIC_PRESENTATION_REPRESENTATION (  '', ( #1075 ), #541 ) ;
#1125 = ADVANCED_FACE ( 'NONE', ( #747 ), #1887, .F. ) ;
#1126 = DIRECTION ( 'NONE',  ( 1.000000000000000000, -0.000000000000000000, 0.000000000000000000 ) ) ;
#1127 = DIRECTION ( 'NONE',  ( 1.133806193448893442E-16, -1.000000000000000000, 0.000000000000000000 ) ) ;
#1128 = ORIENTED_EDGE ( 'NONE', *, *, #1504, .F. ) ;
#1129 = SURFACE_STYLE_USAGE ( .BOTH. , #1604 ) ;
#1130 = DIRECTION ( 'NONE',  ( -1.000000000000000000, 0.000000000000000000, 0.000000000000000000 ) ) ;
#1131 = ORIENTED_EDGE ( 'NONE', *, *, #1879, .T. ) ;
#1132 = DIRECTION ( 'NONE',  ( -1.924271563350043697E-16, -1.000000000000000000, 0.000000000000000000 ) ) ;
#1133 = CARTESIAN_POINT ( 'NONE',  ( -3.250000000000000000, 3.850000000000000533, -0.4999999999999997780 ) ) ;
#1134 = CARTESIAN_POINT ( 'NONE',  ( 3.250000000000000888, 3.850000000000000533, 0.4999999999999994449 ) ) ;
#1135 = EDGE_CURVE ( 'NONE', #1595, #2170, #531, .T. ) ;
#1136 = DIRECTION ( 'NONE',  ( -1.000000000000000000, 0.000000000000000000, 0.000000000000000000 ) ) ;
#1137 = ADVANCED_FACE ( 'NONE', ( #1281 ), #137, .T. ) ;
#1138 = ORIENTED_EDGE ( 'NONE', *, *, #888, .F. ) ;
#1139 = ORIENTED_EDGE ( 'NONE', *, *, #906, .T. ) ;
#1140 = CARTESIAN_POINT ( 'NONE',  ( 1.000000000000000000, -3.949999999999999734, 0.4000000000000000222 ) ) ;
#1141 = CARTESIAN_POINT ( 'NONE',  ( 0.000000000000000000, 3.850000000000000533, 0.000000000000000000 ) ) ;
#1142 = ORIENTED_EDGE ( 'NONE', *, *, #1298, .F. ) ;
#1143 = DIRECTION ( 'NONE',  ( 1.133806193448893442E-16, -1.000000000000000000, 0.000000000000000000 ) ) ;
#1144 = CARTESIAN_POINT ( 'NONE',  ( 0.000000000000000000, -11.09999999999999787, 0.4000000000000000222 ) ) ;
#1145 = DIRECTION ( 'NONE',  ( 0.000000000000000000, 1.000000000000000000, 0.000000000000000000 ) ) ;
#1146 = EDGE_CURVE ( 'NONE', #1839, #1374, #1509, .T. ) ;
#1147 = EDGE_LOOP ( 'NONE', ( #691, #499, #2359, #1049 ) ) ;
#1148 = FILL_AREA_STYLE_COLOUR ( '', #2546 ) ;
#1149 = VECTOR ( 'NONE', #1370, 1000.000000000000000 ) ;
#1150 = COLOUR_RGB ( '',0.6666666666666666297, 0.6980392156862744724, 0.7686274509803920907 ) ;
#1151 = CARTESIAN_POINT ( 'NONE',  ( 2.649999999999999467, 3.950000000000000178, -1.900000000000000355 ) ) ;
#1152 = COLOUR_RGB ( '',0.6666666666666666297, 0.6980392156862744724, 0.7686274509803920907 ) ;
#1153 = VERTEX_POINT ( 'NONE', #1458 ) ;
#1154 = ORIENTED_EDGE ( 'NONE', *, *, #1332, .T. ) ;
#1155 = COLOUR_RGB ( '',0.6666666666666666297, 0.6980392156862744724, 0.7686274509803920907 ) ;
#1156 = VECTOR ( 'NONE', #2271, 1000.000000000000000 ) ;
#1157 = FACE_OUTER_BOUND ( 'NONE', #401, .T. ) ;
#1158 = VECTOR ( 'NONE', #2718, 1000.000000000000114 ) ;
#1159 = VECTOR ( 'NONE', #1130, 1000.000000000000000 ) ;
#1160 = STYLED_ITEM ( 'NONE', ( #815 ), #2026 ) ;
#1161 = DIRECTION ( 'NONE',  ( -0.000000000000000000, -0.000000000000000000, 1.000000000000000000 ) ) ;
#1162 = AXIS2_PLACEMENT_3D ( 'NONE', #1406, #2105, #1232 ) ;
#1163 = CARTESIAN_POINT ( 'NONE',  ( -3.121841060262848355, -2.000000000000000000, 0.7999999999999994893 ) ) ;
#1164 = EDGE_LOOP ( 'NONE', ( #74, #807, #38, #831 ) ) ;
#1165 = EDGE_CURVE ( 'NONE', #2015, #2115, #986, .T. ) ;
#1166 = CARTESIAN_POINT ( 'NONE',  ( 3.250000000000000000, 3.850000000000000533, -0.5000000000000005551 ) ) ;
#1167 = CARTESIAN_POINT ( 'NONE',  ( -3.121841060262848355, -2.000000000000000000, -0.8999999999999995781 ) ) ;
#1168 = EDGE_LOOP ( 'NONE', ( #1062, #2481, #1434, #842, #1456 ) ) ;
#1169 = EDGE_CURVE ( 'NONE', #2406, #1658, #2148, .T. ) ;
#1170 = LINE ( 'NONE', #2260, #6 ) ;
#1171 = ORIENTED_EDGE ( 'NONE', *, *, #1181, .T. ) ;
#1172 = DIRECTION ( 'NONE',  ( 0.000000000000000000, -0.000000000000000000, 1.000000000000000000 ) ) ;
#1173 = VERTEX_POINT ( 'NONE', #320 ) ;
#1174 = FILL_AREA_STYLE_COLOUR ( '', #637 ) ;
#1175 = DIRECTION ( 'NONE',  ( 0.7071067811865425767, 0.7071067811865524577, 0.000000000000000000 ) ) ;
#1176 = CARTESIAN_POINT ( 'NONE',  ( 2.550000000000000266, -3.950000000000000178, 1.899999999999999467 ) ) ;
#1177 = ORIENTED_EDGE ( 'NONE', *, *, #2152, .F. ) ;
#1178 = EDGE_CURVE ( 'NONE', #1637, #1836, #2325, .T. ) ;
#1179 = ORIENTED_EDGE ( 'NONE', *, *, #657, .T. ) ;
#1180 = LINE ( 'NONE', #2071, #53 ) ;
#1181 = EDGE_CURVE ( 'NONE', #1194, #871, #1224, .T. ) ;
#1182 = CARTESIAN_POINT ( 'NONE',  ( 2.833333333333325044, -12.26666666666666217, 0.7666666666666752672 ) ) ;
#1183 = PLANE ( 'NONE',  #859 ) ;
#1184 = ORIENTED_EDGE ( 'NONE', *, *, #2173, .T. ) ;
#1185 = UNCERTAINTY_MEASURE_WITH_UNIT (LENGTH_MEASURE( 1.000000000000000082E-05 ), #1264, 'distance_accuracy_value', 'NONE');
#1186 = DIRECTION ( 'NONE',  ( -0.7071067811865507924, -0.7071067811865441310, 0.000000000000000000 ) ) ;
#1187 = CARTESIAN_POINT ( 'NONE',  ( 1.200000000000000178, -11.10000000000000142, -1.900000000000000355 ) ) ;
#1188 = EDGE_LOOP ( 'NONE', ( #2627, #589, #819, #66, #1497, #911, #1755, #1310, #2277 ) ) ;
#1189 = VERTEX_POINT ( 'NONE', #1710 ) ;
#1190 = PRESENTATION_LAYER_ASSIGNMENT (  '', '', ( #1435 ) ) ;
#1191 = CIRCLE ( 'NONE', #2848, 1.900000000000000133 ) ;
#1192 = DIRECTION ( 'NONE',  ( -1.000000000000000000, 0.000000000000000000, 0.000000000000000000 ) ) ;
#1193 = CARTESIAN_POINT ( 'NONE',  ( 3.250000000000000888, 3.950000000000000178, 0.4999999999999994449 ) ) ;
#1194 = VERTEX_POINT ( 'NONE', #1921 ) ;
#1195 = STYLED_ITEM ( 'NONE', ( #2543 ), #2509 ) ;
#1196 = FACE_OUTER_BOUND ( 'NONE', #1147, .T. ) ;
#1197 = VECTOR ( 'NONE', #1384, 1000.000000000000000 ) ;
#1198 = MECHANICAL_DESIGN_GEOMETRIC_PRESENTATION_REPRESENTATION (  '', ( #2902 ), #914 ) ;
#1199 = ORIENTED_EDGE ( 'NONE', *, *, #1773, .T. ) ;
#1200 = AXIS2_PLACEMENT_3D ( 'NONE', #1553, #1293, #1480 ) ;
#1201 = EDGE_CURVE ( 'NONE', #99, #338, #1397, .T. ) ;
#1202 = FACE_OUTER_BOUND ( 'NONE', #1937, .T. ) ;
#1203 = DIRECTION ( 'NONE',  ( -0.000000000000000000, -0.000000000000000000, 1.000000000000000000 ) ) ;
#1204 = DIRECTION ( 'NONE',  ( 1.000000000000000000, -0.000000000000000000, 0.000000000000000000 ) ) ;
#1205 = PLANE ( 'NONE',  #354 ) ;
#1206 = CARTESIAN_POINT ( 'NONE',  ( 3.621841060262851020, -2.000000000000000000, -0.7999999999999994893 ) ) ;
#1207 = VERTEX_POINT ( 'NONE', #800 ) ;
#1208 = DIRECTION ( 'NONE',  ( -0.000000000000000000, -0.000000000000000000, -1.000000000000000000 ) ) ;
#1209 = DIRECTION ( 'NONE',  ( -0.000000000000000000, -0.000000000000000000, -1.000000000000000000 ) ) ;
#1210 =( NAMED_UNIT ( * ) PLANE_ANGLE_UNIT ( ) SI_UNIT ( $, .RADIAN. ) );
#1211 = APPLICATION_CONTEXT ( 'automotive_design' ) ;
#1212 = CARTESIAN_POINT ( 'NONE',  ( 4.000000000000000000, -11.10000000000000142, -0.4000000000000000222 ) ) ;
#1213 = EDGE_CURVE ( 'NONE', #262, #2432, #2544, .T. ) ;
#1214 = ORIENTED_EDGE ( 'NONE', *, *, #2566, .F. ) ;
#1215 = UNCERTAINTY_MEASURE_WITH_UNIT (LENGTH_MEASURE( 1.000000000000000082E-05 ), #263, 'distance_accuracy_value', 'NONE');
#1216 = CARTESIAN_POINT ( 'NONE',  ( -2.549999999999997602, -3.950000000000000178, -0.8999999999999995781 ) ) ;
#1217 = CARTESIAN_POINT ( 'NONE',  ( 3.621841060262851020, -2.000000000000000000, 0.7999999999999994893 ) ) ;
#1218 = CARTESIAN_POINT ( 'NONE',  ( -1.000000000000000000, -11.34999999999999964, -0.1500000000000015210 ) ) ;
#1219 = EDGE_CURVE ( 'NONE', #1607, #1386, #569, .T. ) ;
#1220 = CARTESIAN_POINT ( 'NONE',  ( -1.199999999999999289, -6.842519067951209344, 0.4000000000000000222 ) ) ;
#1221 = LINE ( 'NONE', #2755, #1905 ) ;
#1222 = ORIENTED_EDGE ( 'NONE', *, *, #12, .T. ) ;
#1223 = SURFACE_SIDE_STYLE ('',( #974 ) ) ;
#1224 = LINE ( 'NONE', #2770, #484 ) ;
#1225 = FACE_OUTER_BOUND ( 'NONE', #1984, .T. ) ;
#1226 = DIRECTION ( 'NONE',  ( -1.000000000000000000, 0.000000000000000000, 0.000000000000000000 ) ) ;
#1227 = DIRECTION ( 'NONE',  ( -1.000000000000000000, 0.000000000000000000, 0.000000000000000000 ) ) ;
#1228 = DIRECTION ( 'NONE',  ( 0.000000000000000000, 0.000000000000000000, 1.000000000000000000 ) ) ;
#1229 = ORIENTED_EDGE ( 'NONE', *, *, #120, .F. ) ;
#1230 = ADVANCED_FACE ( 'NONE', ( #307 ), #1484, .F. ) ;
#1231 = CARTESIAN_POINT ( 'NONE',  ( 3.621841060262851020, 2.000000000000000000, -0.7999999999999994893 ) ) ;
#1232 = DIRECTION ( 'NONE',  ( 1.000000000000000000, 0.000000000000000000, -0.000000000000000000 ) ) ;
#1233 = CARTESIAN_POINT ( 'NONE',  ( -3.621841060262849243, -2.000000000000000000, -0.8999999999999995781 ) ) ;
#1234 = VERTEX_POINT ( 'NONE', #2100 ) ;
#1235 = ORIENTED_EDGE ( 'NONE', *, *, #604, .F. ) ;
#1236 = FILL_AREA_STYLE_COLOUR ( '', #1546 ) ;
#1237 = CIRCLE ( 'NONE', #336, 0.5000000000000004441 ) ;
#1238 = CARTESIAN_POINT ( 'NONE',  ( -2.549999999999997602, 3.700000000000000178, -0.8999999999999995781 ) ) ;
#1239 = FACE_OUTER_BOUND ( 'NONE', #812, .T. ) ;
#1240 = DIRECTION ( 'NONE',  ( 1.000000000000000000, 0.000000000000000000, 0.000000000000000000 ) ) ;
#1241 = STYLED_ITEM ( 'NONE', ( #423 ), #617 ) ;
#1242 = VECTOR ( 'NONE', #500, 1000.000000000000000 ) ;
#1243 = CARTESIAN_POINT ( 'NONE',  ( 4.549999999999999822, 3.950000000000000178, 1.899999999999999467 ) ) ;
#1244 = LINE ( 'NONE', #2134, #438 ) ;
#1245 = VECTOR ( 'NONE', #968, 999.9999999999998863 ) ;
#1246 = VECTOR ( 'NONE', #1642, 1000.000000000000000 ) ;
#1247 = CYLINDRICAL_SURFACE ( 'NONE', #1404, 1.900000000000000133 ) ;
#1248 = AXIS2_PLACEMENT_3D ( 'NONE', #2183, #1775, #785 ) ;
#1249 = VECTOR ( 'NONE', #475, 1000.000000000000000 ) ;
#1250 = LINE ( 'NONE', #549, #1778 ) ;
#1251 = VECTOR ( 'NONE', #797, 1000.000000000000000 ) ;
#1252 = MECHANICAL_DESIGN_GEOMETRIC_PRESENTATION_REPRESENTATION (  '', ( #581 ), #2366 ) ;
#1253 = CARTESIAN_POINT ( 'NONE',  ( 4.121841060262851464, 2.000000000000000000, -0.7999999999999994893 ) ) ;
#1254 = SURFACE_STYLE_FILL_AREA ( #2215 ) ;
#1255 = ORIENTED_EDGE ( 'NONE', *, *, #1042, .T. ) ;
#1256 = FACE_BOUND ( 'NONE', #2611, .T. ) ;
#1257 = ADVANCED_FACE ( 'NONE', ( #1440 ), #367, .F. ) ;
#1258 = FACE_OUTER_BOUND ( 'NONE', #2390, .T. ) ;
#1259 = ORIENTED_EDGE ( 'NONE', *, *, #172, .T. ) ;
#1260 = LINE ( 'NONE', #2219, #955 ) ;
#1261 = DIRECTION ( 'NONE',  ( 0.000000000000000000, 0.000000000000000000, 1.000000000000000000 ) ) ;
#1262 = EDGE_CURVE ( 'NONE', #1970, #1952, #1903, .T. ) ;
#1263 = SURFACE_STYLE_USAGE ( .BOTH. , #2372 ) ;
#1264 =( LENGTH_UNIT ( ) NAMED_UNIT ( * ) SI_UNIT ( .MILLI., .METRE. ) );
#1265 = LINE ( 'NONE', #1461, #1898 ) ;
#1266 = CARTESIAN_POINT ( 'NONE',  ( 3.621841060262851020, 2.000000000000000000, -0.8999999999999995781 ) ) ;
#1267 = ORIENTED_EDGE ( 'NONE', *, *, #2821, .T. ) ;
#1268 = LINE ( 'NONE', #1465, #2238 ) ;
#1269 = SURFACE_STYLE_USAGE ( .BOTH. , #1913 ) ;
#1270 = ORIENTED_EDGE ( 'NONE', *, *, #924, .F. ) ;
#1271 = PLANE ( 'NONE',  #1947 ) ;
#1272 = FACE_OUTER_BOUND ( 'NONE', #244, .T. ) ;
#1273 = ORIENTED_EDGE ( 'NONE', *, *, #2388, .T. ) ;
#1274 = LINE ( 'NONE', #2365, #2664 ) ;
#1275 = UNCERTAINTY_MEASURE_WITH_UNIT (LENGTH_MEASURE( 1.000000000000000082E-05 ), #1419, 'distance_accuracy_value', 'NONE');
#1276 = DIRECTION ( 'NONE',  ( -0.000000000000000000, -0.000000000000000000, 1.000000000000000000 ) ) ;
#1277 = ORIENTED_EDGE ( 'NONE', *, *, #2722, .F. ) ;
#1278 = EDGE_CURVE ( 'NONE', #1194, #1637, #2621, .T. ) ;
#1279 = LINE ( 'NONE', #869, #912 ) ;
#1280 = ORIENTED_EDGE ( 'NONE', *, *, #2636, .T. ) ;
#1281 = FACE_OUTER_BOUND ( 'NONE', #1737, .T. ) ;
#1282 = LINE ( 'NONE', #162, #2612 ) ;
#1283 = EDGE_CURVE ( 'NONE', #15, #858, #1712, .T. ) ;
#1284 = EDGE_LOOP ( 'NONE', ( #2248, #1548, #1926, #846 ) ) ;
#1285 = CARTESIAN_POINT ( 'NONE',  ( 1.750000000000000222, 3.950000000000000178, -0.5000000000000004441 ) ) ;
#1286 = VERTEX_POINT ( 'NONE', #2328 ) ;
#1287 = CARTESIAN_POINT ( 'NONE',  ( -4.549999999999998934, 3.700000000000000178, -0.8999999999999995781 ) ) ;
#1288 = CARTESIAN_POINT ( 'NONE',  ( -4.121841060262849687, 2.000000000000000000, -0.7999999999999994893 ) ) ;
#1289 = ORIENTED_EDGE ( 'NONE', *, *, #1042, .F. ) ;
#1290 = DIRECTION ( 'NONE',  ( 1.000000000000000000, 0.000000000000000000, 0.000000000000000000 ) ) ;
#1291 = ORIENTED_EDGE ( 'NONE', *, *, #1883, .T. ) ;
#1292 = CARTESIAN_POINT ( 'NONE',  ( 4.549999999999999822, -3.950000000000000178, -1.900000000000000355 ) ) ;
#1293 = DIRECTION ( 'NONE',  ( 0.000000000000000000, 1.000000000000000000, -0.000000000000000000 ) ) ;
#1294 = ORIENTED_EDGE ( 'NONE', *, *, #565, .T. ) ;
#1295 = SURFACE_STYLE_USAGE ( .BOTH. , #1977 ) ;
#1296 = PLANE ( 'NONE',  #866 ) ;
#1297 = SURFACE_STYLE_USAGE ( .BOTH. , #385 ) ;
#1298 = EDGE_CURVE ( 'NONE', #1829, #2918, #310, .T. ) ;
#1299 = DIRECTION ( 'NONE',  ( -1.000000000000000000, -0.000000000000000000, 1.445602896647339163E-16 ) ) ;
#1300 = DIRECTION ( 'NONE',  ( -0.000000000000000000, 0.000000000000000000, 1.000000000000000000 ) ) ;
#1301 = ORIENTED_EDGE ( 'NONE', *, *, #433, .T. ) ;
#1302 = CARTESIAN_POINT ( 'NONE',  ( -1.199999999999998179, -4.499999999999999112, 0.4000000000000000222 ) ) ;
#1303 = EDGE_CURVE ( 'NONE', #1027, #2589, #2098, .T. ) ;
#1304 = VERTEX_POINT ( 'NONE', #935 ) ;
#1305 = VECTOR ( 'NONE', #2588, 1000.000000000000000 ) ;
#1306 = VECTOR ( 'NONE', #2101, 1000.000000000000000 ) ;
#1307 = FILL_AREA_STYLE_COLOUR ( '', #2081 ) ;
#1308 = ORIENTED_EDGE ( 'NONE', *, *, #748, .T. ) ;
#1309 = EDGE_CURVE ( 'NONE', #1760, #2015, #58, .T. ) ;
#1310 = ORIENTED_EDGE ( 'NONE', *, *, #2582, .F. ) ;
#1311 = VECTOR ( 'NONE', #1730, 1000.000000000000000 ) ;
#1312 = VECTOR ( 'NONE', #232, 1000.000000000000000 ) ;
#1313 = CARTESIAN_POINT ( 'NONE',  ( -1.449999999999998623, -11.34999999999999964, 0.4000000000000000222 ) ) ;
#1314 = PRESENTATION_LAYER_ASSIGNMENT (  '', '', ( #403 ) ) ;
#1315 = ORIENTED_EDGE ( 'NONE', *, *, #2799, .F. ) ;
#1316 = DIRECTION ( 'NONE',  ( -0.000000000000000000, -1.000000000000000000, -0.000000000000000000 ) ) ;
#1317 =( GEOMETRIC_REPRESENTATION_CONTEXT ( 3 ) GLOBAL_UNCERTAINTY_ASSIGNED_CONTEXT ( ( #2332 ) ) GLOBAL_UNIT_ASSIGNED_CONTEXT ( ( #1808, #377, #1742 ) ) REPRESENTATION_CONTEXT ( 'NONE', 'WORKASPACE' ) );
#1318 = CARTESIAN_POINT ( 'NONE',  ( -4.549999999999998934, -3.950000000000000178, 0.8999999999999986899 ) ) ;
#1319 = ORIENTED_EDGE ( 'NONE', *, *, #2308, .T. ) ;
#1320 =( NAMED_UNIT ( * ) SI_UNIT ( $, .STERADIAN. ) SOLID_ANGLE_UNIT ( ) );
#1321 = ORIENTED_EDGE ( 'NONE', *, *, #1146, .F. ) ;
#1322 = MECHANICAL_DESIGN_GEOMETRIC_PRESENTATION_REPRESENTATION (  '', ( #2629 ), #255 ) ;
#1323 = SURFACE_STYLE_FILL_AREA ( #1538 ) ;
#1324 = CARTESIAN_POINT ( 'NONE',  ( 2.549999999999999378, 3.700000000000000178, 0.8999999999999995781 ) ) ;
#1325 = AXIS2_PLACEMENT_3D ( 'NONE', #1134, #2023, #2924 ) ;
#1326 = FACE_OUTER_BOUND ( 'NONE', #2492, .T. ) ;
#1327 = VECTOR ( 'NONE', #2724, 1000.000000000000000 ) ;
#1328 = ORIENTED_EDGE ( 'NONE', *, *, #100, .T. ) ;
#1329 = EDGE_LOOP ( 'NONE', ( #2630, #597 ) ) ;
#1330 = EDGE_CURVE ( 'NONE', #1625, #1723, #557, .T. ) ;
#1331 = ORIENTED_EDGE ( 'NONE', *, *, #2042, .T. ) ;
#1332 = EDGE_CURVE ( 'NONE', #1734, #2036, #1557, .T. ) ;
#1333 = ORIENTED_EDGE ( 'NONE', *, *, #2566, .T. ) ;
#1334 = CARTESIAN_POINT ( 'NONE',  ( 4.550000000000000711, 3.700000000000000178, -1.899999999999999467 ) ) ;
#1335 = LINE ( 'NONE', #118, #2857 ) ;
#1336 = ORIENTED_EDGE ( 'NONE', *, *, #328, .T. ) ;
#1337 = FILL_AREA_STYLE ('',( #1566 ) ) ;
#1338 = LINE ( 'NONE', #2209, #1549 ) ;
#1339 =( LENGTH_UNIT ( ) NAMED_UNIT ( * ) SI_UNIT ( .MILLI., .METRE. ) );
#1340 = CARTESIAN_POINT ( 'NONE',  ( 1.199999999999999956, -4.499999999999999112, -1.900000000000000355 ) ) ;
#1341 = LINE ( 'NONE', #299, #450 ) ;
#1342 = VERTEX_POINT ( 'NONE', #2883 ) ;
#1343 = ADVANCED_FACE ( 'NONE', ( #1239 ), #1296, .F. ) ;
#1344 = DIRECTION ( 'NONE',  ( -0.000000000000000000, -0.000000000000000000, 1.000000000000000000 ) ) ;
#1345 =( NAMED_UNIT ( * ) SI_UNIT ( $, .STERADIAN. ) SOLID_ANGLE_UNIT ( ) );
#1346 = CARTESIAN_POINT ( 'NONE',  ( 1.000000000000000000, -3.950000000000000178, -0.4000000000000000222 ) ) ;
#1347 =( LENGTH_UNIT ( ) NAMED_UNIT ( * ) SI_UNIT ( .MILLI., .METRE. ) );
#1348 = EDGE_CURVE ( 'NONE', #640, #793, #2514, .T. ) ;
#1349 = FACE_OUTER_BOUND ( 'NONE', #183, .T. ) ;
#1350 = PLANE ( 'NONE',  #2276 ) ;
#1351 = AXIS2_PLACEMENT_3D ( 'NONE', #627, #1756, #614 ) ;
#1352 = DIRECTION ( 'NONE',  ( 1.000000000000000000, -0.000000000000000000, 0.000000000000000000 ) ) ;
#1353 = SURFACE_STYLE_FILL_AREA ( #1085 ) ;
#1354 = ORIENTED_EDGE ( 'NONE', *, *, #545, .F. ) ;
#1355 = MECHANICAL_DESIGN_GEOMETRIC_PRESENTATION_REPRESENTATION (  '', ( #1542 ), #809 ) ;
#1356 = ORIENTED_EDGE ( 'NONE', *, *, #2703, .F. ) ;
#1357 = STYLED_ITEM ( 'NONE', ( #340 ), #994 ) ;
#1358 = AXIS2_PLACEMENT_3D ( 'NONE', #556, #2581, #2834 ) ;
#1359 = COLOUR_RGB ( '',0.3882352941176470673, 0.4000000000000000222, 0.8588235294117646523 ) ;
#1360 = FACE_OUTER_BOUND ( 'NONE', #2665, .T. ) ;
#1361 = LINE ( 'NONE', #2029, #298 ) ;
#1362 = EDGE_LOOP ( 'NONE', ( #1687, #237, #731, #1280 ) ) ;
#1363 = EDGE_CURVE ( 'NONE', #1304, #1530, #1711, .T. ) ;
#1364 = LINE ( 'NONE', #1375, #1688 ) ;
#1365 = VECTOR ( 'NONE', #554, 1000.000000000000000 ) ;
#1366 = CARTESIAN_POINT ( 'NONE',  ( 3.621841060262851020, 2.000000000000000000, 0.7999999999999994893 ) ) ;
#1367 = LINE ( 'NONE', #1399, #2476 ) ;
#1368 = EDGE_CURVE ( 'NONE', #1173, #1473, #2371, .T. ) ;
#1369 = AXIS2_PLACEMENT_3D ( 'NONE', #2527, #501, #1416 ) ;
#1370 = DIRECTION ( 'NONE',  ( -0.000000000000000000, 1.000000000000000000, -0.000000000000000000 ) ) ;
#1371 = PLANE ( 'NONE',  #1436 ) ;
#1372 = EDGE_LOOP ( 'NONE', ( #594, #1277, #31, #1929 ) ) ;
#1373 = DIRECTION ( 'NONE',  ( -1.924271563350043204E-16, -1.000000000000000000, -0.000000000000000000 ) ) ;
#1374 = VERTEX_POINT ( 'NONE', #441 ) ;
#1375 = CARTESIAN_POINT ( 'NONE',  ( -1.299999999999999822, -11.19999999999999929, -0.3000000000000004330 ) ) ;
#1376 = EDGE_CURVE ( 'NONE', #2620, #2832, #896, .T. ) ;
#1377 = CARTESIAN_POINT ( 'NONE',  ( -4.000000000000000000, -3.949999999999999734, 0.4000000000000000222 ) ) ;
#1378 = PRODUCT_RELATED_PRODUCT_CATEGORY ( 'part', '', ( #1811 ) ) ;
#1379 = DIRECTION ( 'NONE',  ( 0.000000000000000000, 0.000000000000000000, 1.000000000000000000 ) ) ;
#1380 = ORIENTED_EDGE ( 'NONE', *, *, #2610, .F. ) ;
#1381 = CARTESIAN_POINT ( 'NONE',  ( 4.549999999999999822, 3.850000000000000533, 0.000000000000000000 ) ) ;
#1382 = CARTESIAN_POINT ( 'NONE',  ( 0.000000000000000000, 3.850000000000000533, 0.000000000000000000 ) ) ;
#1383 = EDGE_LOOP ( 'NONE', ( #2113, #724, #890, #2412 ) ) ;
#1384 = DIRECTION ( 'NONE',  ( 1.133806193448893442E-16, -1.000000000000000000, 0.000000000000000000 ) ) ;
#1385 = DIRECTION ( 'NONE',  ( 1.000000000000000000, 0.000000000000000000, 0.000000000000000000 ) ) ;
#1386 = VERTEX_POINT ( 'NONE', #2020 ) ;
#1387 =( NAMED_UNIT ( * ) PLANE_ANGLE_UNIT ( ) SI_UNIT ( $, .RADIAN. ) );
#1388 = DIRECTION ( 'NONE',  ( 0.000000000000000000, -1.000000000000000000, 0.000000000000000000 ) ) ;
#1389 = EDGE_CURVE ( 'NONE', #282, #2692, #2048, .T. ) ;
#1390 = ORIENTED_EDGE ( 'NONE', *, *, #817, .T. ) ;
#1391 = EDGE_CURVE ( 'NONE', #2115, #2327, #2922, .T. ) ;
#1392 = VECTOR ( 'NONE', #1079, 1000.000000000000000 ) ;
#1393 = LINE ( 'NONE', #1789, #2516 ) ;
#1394 = DIRECTION ( 'NONE',  ( -1.000000000000000000, -2.891205793294678326E-16, -0.000000000000000000 ) ) ;
#1395 = VECTOR ( 'NONE', #1912, 1000.000000000000000 ) ;
#1396 = ORIENTED_EDGE ( 'NONE', *, *, #1146, .T. ) ;
#1397 = CIRCLE ( 'NONE', #1684, 0.5000000000000004441 ) ;
#1398 = VECTOR ( 'NONE', #2833, 1000.000000000000000 ) ;
#1399 = CARTESIAN_POINT ( 'NONE',  ( -2.833333333333338810, -12.26666666666666927, 0.7666666666666616115 ) ) ;
#1400 = CARTESIAN_POINT ( 'NONE',  ( 4.000000000000000000, -3.949999999999998845, -0.4000000000000000222 ) ) ;
#1401 = FACE_OUTER_BOUND ( 'NONE', #1670, .T. ) ;
#1402 = CARTESIAN_POINT ( 'NONE',  ( -4.550000000000000711, 3.950000000000000178, -1.900000000000000355 ) ) ;
#1403 = VERTEX_POINT ( 'NONE', #2740 ) ;
#1404 = AXIS2_PLACEMENT_3D ( 'NONE', #2626, #2858, #1751 ) ;
#1405 = EDGE_CURVE ( 'NONE', #689, #547, #699, .T. ) ;
#1406 = CARTESIAN_POINT ( 'NONE',  ( 0.000000000000000000, 0.000000000000000000, 0.8999999999999995781 ) ) ;
#1407 = EDGE_CURVE ( 'NONE', #2692, #1503, #1364, .T. ) ;
#1408 =( NAMED_UNIT ( * ) PLANE_ANGLE_UNIT ( ) SI_UNIT ( $, .RADIAN. ) );
#1409 = FACE_OUTER_BOUND ( 'NONE', #2568, .T. ) ;
#1410 = ORIENTED_EDGE ( 'NONE', *, *, #236, .T. ) ;
#1411 = LINE ( 'NONE', #2759, #2753 ) ;
#1412 = LINE ( 'NONE', #929, #1156 ) ;
#1413 = DIRECTION ( 'NONE',  ( -0.000000000000000000, -0.000000000000000000, -1.000000000000000000 ) ) ;
#1414 = CARTESIAN_POINT ( 'NONE',  ( 2.550000000000000266, -3.950000000000000178, 0.8999999999999995781 ) ) ;
#1415 = ORIENTED_EDGE ( 'NONE', *, *, #29, .T. ) ;
#1416 = DIRECTION ( 'NONE',  ( -1.133806193448893442E-16, 1.000000000000000000, 0.000000000000000000 ) ) ;
#1417 = VERTEX_POINT ( 'NONE', #478 ) ;
#1418 = DIRECTION ( 'NONE',  ( -0.7999999999999999334, -0.6000000000000001998, 0.000000000000000000 ) ) ;
#1419 =( LENGTH_UNIT ( ) NAMED_UNIT ( * ) SI_UNIT ( .MILLI., .METRE. ) );
#1420 = CARTESIAN_POINT ( 'NONE',  ( 1.199999999999999956, -4.499999999999999112, -1.900000000000000355 ) ) ;
#1421 = FACE_OUTER_BOUND ( 'NONE', #2396, .T. ) ;
#1422 = LINE ( 'NONE', #1915, #405 ) ;
#1423 = ORIENTED_EDGE ( 'NONE', *, *, #903, .F. ) ;
#1424 = LINE ( 'NONE', #2783, #165 ) ;
#1425 = SURFACE_STYLE_USAGE ( .BOTH. , #1223 ) ;
#1426 = EDGE_CURVE ( 'NONE', #24, #698, #2558, .T. ) ;
#1427 = CARTESIAN_POINT ( 'NONE',  ( 4.121841060262851464, 2.000000000000000000, 0.7999999999999994893 ) ) ;
#1428 = ORIENTED_EDGE ( 'NONE', *, *, #980, .T. ) ;
#1429 = UNCERTAINTY_MEASURE_WITH_UNIT (LENGTH_MEASURE( 1.000000000000000082E-05 ), #1584, 'distance_accuracy_value', 'NONE');
#1430 = FACE_OUTER_BOUND ( 'NONE', #889, .T. ) ;
#1431 = DIRECTION ( 'NONE',  ( 0.6000000000000001998, 0.7999999999999999334, 0.000000000000000000 ) ) ;
#1432 = AXIS2_PLACEMENT_3D ( 'NONE', #1881, #360, #315 ) ;
#1433 =( NAMED_UNIT ( * ) SI_UNIT ( $, .STERADIAN. ) SOLID_ANGLE_UNIT ( ) );
#1434 = ORIENTED_EDGE ( 'NONE', *, *, #1540, .T. ) ;
#1435 = STYLED_ITEM ( 'NONE', ( #2675 ), #650 ) ;
#1436 = AXIS2_PLACEMENT_3D ( 'NONE', #2025, #1379, #2925 ) ;
#1437 = DIRECTION ( 'NONE',  ( 0.000000000000000000, 0.000000000000000000, 1.000000000000000000 ) ) ;
#1438 = EDGE_CURVE ( 'NONE', #972, #1417, #414, .T. ) ;
#1439 = FACE_OUTER_BOUND ( 'NONE', #574, .T. ) ;
#1440 = FACE_OUTER_BOUND ( 'NONE', #1988, .T. ) ;
#1441 = LINE ( 'NONE', #1518, #2175 ) ;
#1442 = FACE_OUTER_BOUND ( 'NONE', #1188, .T. ) ;
#1443 = ORIENTED_EDGE ( 'NONE', *, *, #1037, .F. ) ;
#1444 = AXIS2_PLACEMENT_3D ( 'NONE', #2734, #655, #2723 ) ;
#1445 = DIRECTION ( 'NONE',  ( -0.7999999999999999334, 0.6000000000000001998, -0.000000000000000000 ) ) ;
#1446 = EDGE_CURVE ( 'NONE', #1207, #2495, #1519, .T. ) ;
#1447 = CARTESIAN_POINT ( 'NONE',  ( -3.621841060262849243, 2.000000000000000000, -0.7999999999999994893 ) ) ;
#1448 = PRESENTATION_LAYER_ASSIGNMENT (  '', '', ( #756 ) ) ;
#1449 = VECTOR ( 'NONE', #2464, 1000.000000000000000 ) ;
#1450 = VERTEX_POINT ( 'NONE', #1334 ) ;
#1451 = MECHANICAL_DESIGN_GEOMETRIC_PRESENTATION_REPRESENTATION (  '', ( #403 ), #8 ) ;
#1452 = DIRECTION ( 'NONE',  ( 1.000000000000000000, 0.000000000000000000, 0.000000000000000000 ) ) ;
#1453 = PRESENTATION_STYLE_ASSIGNMENT (( #2333 ) ) ;
#1454 = CARTESIAN_POINT ( 'NONE',  ( 3.750000000000000000, -11.34999999999999964, 0.1499999999999998002 ) ) ;
#1455 = DIRECTION ( 'NONE',  ( 1.000000000000000000, 0.000000000000000000, 0.000000000000000000 ) ) ;
#1456 = ORIENTED_EDGE ( 'NONE', *, *, #2232, .T. ) ;
#1457 = UNCERTAINTY_MEASURE_WITH_UNIT (LENGTH_MEASURE( 1.000000000000000082E-05 ), #2073, 'distance_accuracy_value', 'NONE');
#1458 = CARTESIAN_POINT ( 'NONE',  ( 1.200000000000000178, -6.842519067951209344, -0.4000000000000000222 ) ) ;
#1459 = FILL_AREA_STYLE_COLOUR ( '', #1824 ) ;
#1460 = ADVANCED_FACE ( 'NONE', ( #1974 ), #154, .F. ) ;
#1461 = CARTESIAN_POINT ( 'NONE',  ( -2.649999999999999467, 3.850000000000000533, 1.899999999999999467 ) ) ;
#1462 = VERTEX_POINT ( 'NONE', #1758 ) ;
#1463 = FACE_BOUND ( 'NONE', #555, .T. ) ;
#1464 = ORIENTED_EDGE ( 'NONE', *, *, #2012, .F. ) ;
#1465 = CARTESIAN_POINT ( 'NONE',  ( 1.200000000000000622, -6.701097711713900118, 0.4000000000000000222 ) ) ;
#1466 = PLANE ( 'NONE',  #1432 ) ;
#1467 = DIRECTION ( 'NONE',  ( -8.673617379884035472E-16, -0.000000000000000000, -1.000000000000000000 ) ) ;
#1468 = CARTESIAN_POINT ( 'NONE',  ( 2.550000000000000266, -3.950000000000000178, -0.8999999999999995781 ) ) ;
#1469 = CARTESIAN_POINT ( 'NONE',  ( 0.000000000000000000, 3.850000000000000533, 0.000000000000000000 ) ) ;
#1470 = EDGE_LOOP ( 'NONE', ( #735, #1619, #1139 ) ) ;
#1471 = CARTESIAN_POINT ( 'NONE',  ( -1.000000000000000000, -3.950000000000000178, 0.4000000000000000222 ) ) ;
#1472 = DIRECTION ( 'NONE',  ( 0.000000000000000000, 1.000000000000000000, -0.000000000000000000 ) ) ;
#1473 = VERTEX_POINT ( 'NONE', #844 ) ;
#1474 = CARTESIAN_POINT ( 'NONE',  ( -4.000000000000000000, -3.949999999999999734, 0.4000000000000000222 ) ) ;
#1475 = ORIENTED_EDGE ( 'NONE', *, *, #1055, .T. ) ;
#1476 = FACE_OUTER_BOUND ( 'NONE', #424, .T. ) ;
#1477 = ADVANCED_FACE ( 'NONE', ( #2668 ), #628, .F. ) ;
#1478 = LINE ( 'NONE', #2176, #407 ) ;
#1479 = ORIENTED_EDGE ( 'NONE', *, *, #712, .F. ) ;
#1480 = DIRECTION ( 'NONE',  ( 0.000000000000000000, 0.000000000000000000, 1.000000000000000000 ) ) ;
#1481 = ORIENTED_EDGE ( 'NONE', *, *, #1405, .T. ) ;
#1482 = DIRECTION ( 'NONE',  ( -0.6000000000000001998, 0.7999999999999999334, 0.000000000000000000 ) ) ;
#1483 = ORIENTED_EDGE ( 'NONE', *, *, #661, .T. ) ;
#1484 = CYLINDRICAL_SURFACE ( 'NONE', #2189, 0.5000000000000004441 ) ;
#1485 = SURFACE_STYLE_FILL_AREA ( #571 ) ;
#1486 = VECTOR ( 'NONE', #2459, 1000.000000000000000 ) ;
#1487 = DIRECTION ( 'NONE',  ( -1.000000000000000000, 0.000000000000000000, 0.000000000000000000 ) ) ;
#1488 = CARTESIAN_POINT ( 'NONE',  ( -3.621841060262849243, 2.000000000000000000, 0.8999999999999995781 ) ) ;
#1489 = ORIENTED_EDGE ( 'NONE', *, *, #2264, .T. ) ;
#1490 = CIRCLE ( 'NONE', #2757, 0.5000000000000004441 ) ;
#1491 = AXIS2_PLACEMENT_3D ( 'NONE', #2222, #193, #2934 ) ;
#1492 = FACE_OUTER_BOUND ( 'NONE', #2245, .T. ) ;
#1493 = ORIENTED_EDGE ( 'NONE', *, *, #1363, .F. ) ;
#1494 = AXIS2_PLACEMENT_3D ( 'NONE', #393, #1983, #1798 ) ;
#1495 = CARTESIAN_POINT ( 'NONE',  ( -3.750000000000001776, -11.34999999999999964, 0.4000000000000000222 ) ) ;
#1496 = DIRECTION ( 'NONE',  ( -0.000000000000000000, -0.000000000000000000, 1.000000000000000000 ) ) ;
#1497 = ORIENTED_EDGE ( 'NONE', *, *, #274, .T. ) ;
#1498 = VECTOR ( 'NONE', #2518, 1000.000000000000000 ) ;
#1499 = EDGE_CURVE ( 'NONE', #1061, #625, #1845, .T. ) ;
#1500 = MECHANICAL_DESIGN_GEOMETRIC_PRESENTATION_REPRESENTATION (  '', ( #2379 ), #592 ) ;
#1501 = CARTESIAN_POINT ( 'NONE',  ( 1.200000000000000178, -11.10000000000000142, -0.4000000000000000222 ) ) ;
#1502 = FILL_AREA_STYLE_COLOUR ( '', #98 ) ;
#1503 = VERTEX_POINT ( 'NONE', #2501 ) ;
#1504 = EDGE_CURVE ( 'NONE', #15, #1004, #471, .T. ) ;
#1505 = LINE ( 'NONE', #364, #251 ) ;
#1506 = VERTEX_POINT ( 'NONE', #2204 ) ;
#1507 = AXIS2_PLACEMENT_3D ( 'NONE', #2643, #1228, #2192 ) ;
#1508 =( NAMED_UNIT ( * ) PLANE_ANGLE_UNIT ( ) SI_UNIT ( $, .RADIAN. ) );
#1509 = LINE ( 'NONE', #2818, #2796 ) ;
#1510 = ORIENTED_EDGE ( 'NONE', *, *, #770, .T. ) ;
#1511 = CYLINDRICAL_SURFACE ( 'NONE', #1793, 0.5000000000000004441 ) ;
#1512 = VERTEX_POINT ( 'NONE', #2667 ) ;
#1513 = ORIENTED_EDGE ( 'NONE', *, *, #326, .F. ) ;
#1514 = DIRECTION ( 'NONE',  ( -0.000000000000000000, -0.000000000000000000, -1.000000000000000000 ) ) ;
#1515 =( LENGTH_UNIT ( ) NAMED_UNIT ( * ) SI_UNIT ( .MILLI., .METRE. ) );
#1516 = ORIENTED_EDGE ( 'NONE', *, *, #2863, .F. ) ;
#1517 = EDGE_CURVE ( 'NONE', #2557, #2620, #1341, .T. ) ;
#1518 = CARTESIAN_POINT ( 'NONE',  ( -3.250000000000000000, 3.850000000000000533, -0.4999999999999997780 ) ) ;
#1519 = LINE ( 'NONE', #1292, #2903 ) ;
#1520 = CYLINDRICAL_SURFACE ( 'NONE', #1643, 0.5000000000000008882 ) ;
#1521 = ORIENTED_EDGE ( 'NONE', *, *, #2655, .F. ) ;
#1522 = FACE_OUTER_BOUND ( 'NONE', #2462, .T. ) ;
#1523 = EDGE_CURVE ( 'NONE', #1417, #2353, #2087, .T. ) ;
#1524 = PLANE ( 'NONE',  #1781 ) ;
#1525 = DIRECTION ( 'NONE',  ( 0.000000000000000000, 1.000000000000000000, -0.000000000000000000 ) ) ;
#1526 = FILL_AREA_STYLE_COLOUR ( '', #1150 ) ;
#1527 = ORIENTED_EDGE ( 'NONE', *, *, #2484, .F. ) ;
#1528 = ADVANCED_FACE ( 'NONE', ( #1874 ), #732, .F. ) ;
#1529 = DIRECTION ( 'NONE',  ( -0.7999999999999998224, -0.6000000000000001998, -0.000000000000000000 ) ) ;
#1530 = VERTEX_POINT ( 'NONE', #75 ) ;
#1531 = ORIENTED_EDGE ( 'NONE', *, *, #1840, .T. ) ;
#1532 = CARTESIAN_POINT ( 'NONE',  ( 4.550000000000000711, 3.700000000000000178, 0.8999999999999995781 ) ) ;
#1533 = CYLINDRICAL_SURFACE ( 'NONE', #2433, 1.900000000000000133 ) ;
#1534 = EDGE_LOOP ( 'NONE', ( #2881, #2483, #1577, #2062 ) ) ;
#1535 = CARTESIAN_POINT ( 'NONE',  ( -1.199999999999999289, -6.701097711713900118, -0.4000000000000004108 ) ) ;
#1536 = ORIENTED_EDGE ( 'NONE', *, *, #1303, .F. ) ;
#1537 = PRESENTATION_LAYER_ASSIGNMENT (  '', '', ( #2841 ) ) ;
#1538 = FILL_AREA_STYLE ('',( #644 ) ) ;
#1539 = DIRECTION ( 'NONE',  ( -4.925733949545030538E-16, -1.000000000000000000, -0.000000000000000000 ) ) ;
#1540 = EDGE_CURVE ( 'NONE', #1024, #902, #1597, .T. ) ;
#1541 =( NAMED_UNIT ( * ) SI_UNIT ( $, .STERADIAN. ) SOLID_ANGLE_UNIT ( ) );
#1542 = STYLED_ITEM ( 'NONE', ( #804 ), #2360 ) ;
#1543 = EDGE_LOOP ( 'NONE', ( #111, #1294 ) ) ;
#1544 = EDGE_CURVE ( 'NONE', #1189, #1462, #2089, .T. ) ;
#1545 = COLOUR_RGB ( '',0.6666666666666666297, 0.6980392156862744724, 0.7686274509803920907 ) ;
#1546 = COLOUR_RGB ( '',0.6666666666666666297, 0.6980392156862744724, 0.7686274509803920907 ) ;
#1547 = SURFACE_SIDE_STYLE ('',( #1353 ) ) ;
#1548 = ORIENTED_EDGE ( 'NONE', *, *, #1560, .F. ) ;
#1549 = VECTOR ( 'NONE', #440, 1000.000000000000000 ) ;
#1550 =( LENGTH_UNIT ( ) NAMED_UNIT ( * ) SI_UNIT ( .MILLI., .METRE. ) );
#1551 = EDGE_LOOP ( 'NONE', ( #1878, #176 ) ) ;
#1552 = VECTOR ( 'NONE', #2554, 1000.000000000000000 ) ;
#1553 = CARTESIAN_POINT ( 'NONE',  ( -2.649999999999999467, 3.950000000000000178, 0.000000000000000000 ) ) ;
#1554 = ORIENTED_EDGE ( 'NONE', *, *, #2227, .F. ) ;
#1555 = CARTESIAN_POINT ( 'NONE',  ( -4.549999999999998934, -3.950000000000000178, 1.899999999999999467 ) ) ;
#1556 = PRESENTATION_LAYER_ASSIGNMENT (  '', '', ( #2629 ) ) ;
#1557 = LINE ( 'NONE', #1979, #671 ) ;
#1558 = LINE ( 'NONE', #2030, #2427 ) ;
#1559 = DIRECTION ( 'NONE',  ( 0.000000000000000000, -1.000000000000000000, 0.000000000000000000 ) ) ;
#1560 = EDGE_CURVE ( 'NONE', #880, #2853, #537, .T. ) ;
#1561 = SURFACE_SIDE_STYLE ('',( #639 ) ) ;
#1562 = ORIENTED_EDGE ( 'NONE', *, *, #1523, .T. ) ;
#1563 = EDGE_LOOP ( 'NONE', ( #2477, #109, #2499, #396 ) ) ;
#1564 = EDGE_CURVE ( 'NONE', #1061, #2142, #1424, .T. ) ;
#1565 = PRESENTATION_STYLE_ASSIGNMENT (( #907 ) ) ;
#1566 = FILL_AREA_STYLE_COLOUR ( '', #814 ) ;
#1567 = CARTESIAN_POINT ( 'NONE',  ( 2.649999999999999467, 3.950000000000000178, 2.117582368135750848E-19 ) ) ;
#1568 = ORIENTED_EDGE ( 'NONE', *, *, #1956, .F. ) ;
#1569 = PLANE ( 'NONE',  #535 ) ;
#1570 = CARTESIAN_POINT ( 'NONE',  ( 3.250000000000000000, 3.850000000000000533, -0.5000000000000005551 ) ) ;
#1571 = FILL_AREA_STYLE ('',( #1526 ) ) ;
#1572 = CARTESIAN_POINT ( 'NONE',  ( -4.121841060262849687, -2.000000000000000000, -0.7999999999999994893 ) ) ;
#1573 = SURFACE_STYLE_FILL_AREA ( #2349 ) ;
#1574 = CARTESIAN_POINT ( 'NONE',  ( -2.649999999999999467, 3.950000000000000178, 1.899999999999999467 ) ) ;
#1575 = ORIENTED_EDGE ( 'NONE', *, *, #767, .F. ) ;
#1576 = EDGE_CURVE ( 'NONE', #2548, #1678, #2375, .T. ) ;
#1577 = ORIENTED_EDGE ( 'NONE', *, *, #1363, .T. ) ;
#1578 = ADVANCED_FACE ( 'NONE', ( #950 ), #1680, .F. ) ;
#1579 = CARTESIAN_POINT ( 'NONE',  ( 3.250000000000000000, 3.850000000000000533, -0.5000000000000005551 ) ) ;
#1580 = CARTESIAN_POINT ( 'NONE',  ( -4.549999999999998934, 3.700000000000000178, 1.899999999999999467 ) ) ;
#1581 = ORIENTED_EDGE ( 'NONE', *, *, #2329, .T. ) ;
#1582 = CARTESIAN_POINT ( 'NONE',  ( 3.621841060262851020, -2.000000000000000000, 0.8999999999999995781 ) ) ;
#1583 = ORIENTED_EDGE ( 'NONE', *, *, #2733, .T. ) ;
#1584 =( LENGTH_UNIT ( ) NAMED_UNIT ( * ) SI_UNIT ( .MILLI., .METRE. ) );
#1585 = FACE_OUTER_BOUND ( 'NONE', #304, .T. ) ;
#1586 = CARTESIAN_POINT ( 'NONE',  ( 0.000000000000000000, 0.000000000000000000, 0.000000000000000000 ) ) ;
#1587 = VERTEX_POINT ( 'NONE', #283 ) ;
#1588 = VECTOR ( 'NONE', #683, 1000.000000000000000 ) ;
#1589 =( GEOMETRIC_REPRESENTATION_CONTEXT ( 3 ) GLOBAL_UNCERTAINTY_ASSIGNED_CONTEXT ( ( #553 ) ) GLOBAL_UNIT_ASSIGNED_CONTEXT ( ( #2445, #388, #2677 ) ) REPRESENTATION_CONTEXT ( 'NONE', 'WORKASPACE' ) );
#1590 = VECTOR ( 'NONE', #1385, 1000.000000000000000 ) ;
#1591 = ADVANCED_FACE ( 'NONE', ( #1665 ), #2310, .F. ) ;
#1592 = AXIS2_PLACEMENT_3D ( 'NONE', #543, #332, #2563 ) ;
#1593 = AXIS2_PLACEMENT_3D ( 'NONE', #1102, #602, #632 ) ;
#1594 = CARTESIAN_POINT ( 'NONE',  ( 1.000000000000000000, -4.349999999999998757, -1.900000000000000355 ) ) ;
#1595 = VERTEX_POINT ( 'NONE', #1865 ) ;
#1596 = EDGE_CURVE ( 'NONE', #1973, #1506, #1411, .T. ) ;
#1597 = CIRCLE ( 'NONE', #1009, 1.900000000000000133 ) ;
#1598 = PLANE ( 'NONE',  #1114 ) ;
#1599 = LINE ( 'NONE', #1182, #2552 ) ;
#1600 = DIRECTION ( 'NONE',  ( 1.133806193448893442E-16, -1.000000000000000000, 0.000000000000000000 ) ) ;
#1601 = COLOUR_RGB ( '',0.6666666666666666297, 0.6980392156862744724, 0.7686274509803920907 ) ;
#1602 = PLANE ( 'NONE',  #1948 ) ;
#1603 = ORIENTED_EDGE ( 'NONE', *, *, #1683, .T. ) ;
#1604 = SURFACE_SIDE_STYLE ('',( #893 ) ) ;
#1605 = EDGE_CURVE ( 'NONE', #947, #2918, #764, .T. ) ;
#1606 = LINE ( 'NONE', #1594, #959 ) ;
#1607 = VERTEX_POINT ( 'NONE', #1471 ) ;
#1608 = CARTESIAN_POINT ( 'NONE',  ( -3.121841060262848799, 2.000000000000000000, 0.7999999999999994893 ) ) ;
#1609 = EDGE_CURVE ( 'NONE', #2580, #947, #1180, .T. ) ;
#1610 = FILL_AREA_STYLE_COLOUR ( '', #293 ) ;
#1611 = CARTESIAN_POINT ( 'NONE',  ( -3.250000000000000000, 3.950000000000000178, -0.4999999999999997780 ) ) ;
#1612 = ORIENTED_EDGE ( 'NONE', *, *, #1779, .F. ) ;
#1613 = EDGE_CURVE ( 'NONE', #2069, #2353, #2880, .T. ) ;
#1614 = CARTESIAN_POINT ( 'NONE',  ( 2.549999999999999378, 3.700000000000000178, 0.8999999999999995781 ) ) ;
#1615 = CARTESIAN_POINT ( 'NONE',  ( 4.000000000000000000, -3.949999999999998845, 0.4000000000000000222 ) ) ;
#1616 = ORIENTED_EDGE ( 'NONE', *, *, #960, .T. ) ;
#1617 = CARTESIAN_POINT ( 'NONE',  ( -3.250000000000000000, 3.950000000000000178, -0.4999999999999997780 ) ) ;
#1618 = DIRECTION ( 'NONE',  ( -4.336808689942017736E-16, -0.000000000000000000, -1.000000000000000000 ) ) ;
#1619 = ORIENTED_EDGE ( 'NONE', *, *, #506, .T. ) ;
#1620 = DIRECTION ( 'NONE',  ( 0.000000000000000000, -0.000000000000000000, 1.000000000000000000 ) ) ;
#1621 = CARTESIAN_POINT ( 'NONE',  ( -3.621841060262849243, 2.000000000000000000, -0.7999999999999994893 ) ) ;
#1622 = DIRECTION ( 'NONE',  ( 1.000000000000000000, -0.000000000000000000, 0.000000000000000000 ) ) ;
#1623 = EDGE_CURVE ( 'NONE', #1595, #2635, #601, .T. ) ;
#1624 = DIRECTION ( 'NONE',  ( -0.000000000000000000, 1.000000000000000000, 0.000000000000000000 ) ) ;
#1625 = VERTEX_POINT ( 'NONE', #845 ) ;
#1626 = CARTESIAN_POINT ( 'NONE',  ( -1.200000000000000178, -11.09999999999999787, 0.4000000000000000222 ) ) ;
#1627 = EDGE_CURVE ( 'NONE', #1153, #2253, #1945, .T. ) ;
#1628 = EDGE_LOOP ( 'NONE', ( #1581, #1531, #2693, #2528 ) ) ;
#1629 =( GEOMETRIC_REPRESENTATION_CONTEXT ( 3 ) GLOBAL_UNCERTAINTY_ASSIGNED_CONTEXT ( ( #134 ) ) GLOBAL_UNIT_ASSIGNED_CONTEXT ( ( #1693, #2605, #736 ) ) REPRESENTATION_CONTEXT ( 'NONE', 'WORKASPACE' ) );
#1630 =( NAMED_UNIT ( * ) SI_UNIT ( $, .STERADIAN. ) SOLID_ANGLE_UNIT ( ) );
#1631 = VECTOR ( 'NONE', #734, 1000.000000000000000 ) ;
#1632 = CARTESIAN_POINT ( 'NONE',  ( 1.450000000000000400, -11.34999999999999964, 0.1499999999999998002 ) ) ;
#1633 = PRESENTATION_LAYER_ASSIGNMENT (  '', '', ( #2897 ) ) ;
#1634 = CARTESIAN_POINT ( 'NONE',  ( 4.121841060262851464, -2.000000000000000000, 0.8999999999999995781 ) ) ;
#1635 = COLOUR_RGB ( '',0.6666666666666666297, 0.6980392156862744724, 0.7686274509803920907 ) ;
#1636 = STYLED_ITEM ( 'NONE', ( #62 ), #2529 ) ;
#1637 = VERTEX_POINT ( 'NONE', #2405 ) ;
#1638 = CARTESIAN_POINT ( 'NONE',  ( 1.270710678118655013, -6.771808389832554731, 0.4000000000000000222 ) ) ;
#1639 = ORIENTED_EDGE ( 'NONE', *, *, #1278, .F. ) ;
#1640 = AXIS2_PLACEMENT_3D ( 'NONE', #1206, #969, #71 ) ;
#1641 = CARTESIAN_POINT ( 'NONE',  ( 3.621841060262851020, -2.000000000000000000, 0.7999999999999994893 ) ) ;
#1642 = DIRECTION ( 'NONE',  ( -0.000000000000000000, -0.000000000000000000, 1.000000000000000000 ) ) ;
#1643 = AXIS2_PLACEMENT_3D ( 'NONE', #2144, #1276, #2867 ) ;
#1644 = DIRECTION ( 'NONE',  ( -1.000000000000000000, 0.000000000000000000, 0.000000000000000000 ) ) ;
#1645 = LINE ( 'NONE', #686, #247 ) ;
#1646 = ORIENTED_EDGE ( 'NONE', *, *, #1407, .F. ) ;
#1647 = VECTOR ( 'NONE', #2685, 1000.000000000000000 ) ;
#1648 = LINE ( 'NONE', #1867, #1056 ) ;
#1649 = ADVANCED_FACE ( 'NONE', ( #2650, #415, #382 ), #189, .T. ) ;
#1650 = VECTOR ( 'NONE', #1104, 1000.000000000000000 ) ;
#1651 = ORIENTED_EDGE ( 'NONE', *, *, #604, .T. ) ;
#1652 = SURFACE_SIDE_STYLE ('',( #2066 ) ) ;
#1653 = CARTESIAN_POINT ( 'NONE',  ( -3.621841060262849243, 2.000000000000000000, 0.7999999999999994893 ) ) ;
#1654 = PRESENTATION_STYLE_ASSIGNMENT (( #85 ) ) ;
#1655 = EDGE_CURVE ( 'NONE', #2286, #1027, #2480, .T. ) ;
#1656 = VERTEX_POINT ( 'NONE', #2181 ) ;
#1657 = DIRECTION ( 'NONE',  ( -0.000000000000000000, -0.000000000000000000, 1.000000000000000000 ) ) ;
#1658 = VERTEX_POINT ( 'NONE', #2617 ) ;
#1659 = DIRECTION ( 'NONE',  ( -0.000000000000000000, 0.000000000000000000, -1.000000000000000000 ) ) ;
#1660 = CYLINDRICAL_SURFACE ( 'NONE', #2745, 0.5000000000000004441 ) ;
#1661 = EDGE_CURVE ( 'NONE', #2382, #1970, #1335, .T. ) ;
#1662 = EDGE_LOOP ( 'NONE', ( #1800, #1706, #828, #2876 ) ) ;
#1663 = DIRECTION ( 'NONE',  ( -0.5773502691896285066, 0.5773502691896204020, -0.5773502691896285066 ) ) ;
#1664 = EDGE_CURVE ( 'NONE', #2580, #1829, #156, .T. ) ;
#1665 = FACE_OUTER_BOUND ( 'NONE', #2027, .T. ) ;
#1666 = PLANE ( 'NONE',  #863 ) ;
#1667 = DIRECTION ( 'NONE',  ( -1.000000000000000000, 1.133806193448893442E-16, 0.000000000000000000 ) ) ;
#1668 = FACE_BOUND ( 'NONE', #1551, .T. ) ;
#1669 = FACE_OUTER_BOUND ( 'NONE', #37, .T. ) ;
#1670 = EDGE_LOOP ( 'NONE', ( #992, #2628, #1171, #361 ) ) ;
#1671 = UNCERTAINTY_MEASURE_WITH_UNIT (LENGTH_MEASURE( 1.000000000000000082E-05 ), #1339, 'distance_accuracy_value', 'NONE');
#1672 = DIRECTION ( 'NONE',  ( -2.955440369727018323E-16, 1.000000000000000000, 0.000000000000000000 ) ) ;
#1673 = PRESENTATION_STYLE_ASSIGNMENT (( #82 ) ) ;
#1674 = AXIS2_PLACEMENT_3D ( 'NONE', #2443, #238, #418 ) ;
#1675 = AXIS2_PLACEMENT_3D ( 'NONE', #2777, #2574, #1026 ) ;
#1676 = DIRECTION ( 'NONE',  ( 0.000000000000000000, 0.000000000000000000, -1.000000000000000000 ) ) ;
#1677 = DIRECTION ( 'NONE',  ( -1.000000000000000000, 0.000000000000000000, -0.000000000000000000 ) ) ;
#1678 = VERTEX_POINT ( 'NONE', #352 ) ;
#1679 = ADVANCED_FACE ( 'NONE', ( #1258 ), #1072, .T. ) ;
#1680 = CYLINDRICAL_SURFACE ( 'NONE', #962, 0.5000000000000004441 ) ;
#1681 =( NAMED_UNIT ( * ) PLANE_ANGLE_UNIT ( ) SI_UNIT ( $, .RADIAN. ) );
#1682 = DIRECTION ( 'NONE',  ( 0.000000000000000000, 0.000000000000000000, 1.000000000000000000 ) ) ;
#1683 = EDGE_CURVE ( 'NONE', #2856, #214, #1505, .T. ) ;
#1684 = AXIS2_PLACEMENT_3D ( 'NONE', #89, #2392, #1699 ) ;
#1685 = LINE ( 'NONE', #2565, #155 ) ;
#1686 = DIRECTION ( 'NONE',  ( -1.000000000000000000, 0.000000000000000000, 0.000000000000000000 ) ) ;
#1687 = ORIENTED_EDGE ( 'NONE', *, *, #1376, .T. ) ;
#1688 = VECTOR ( 'NONE', #230, 1000.000000000000114 ) ;
#1689 = VECTOR ( 'NONE', #1373, 1000.000000000000000 ) ;
#1690 = DIRECTION ( 'NONE',  ( -1.000000000000000000, 0.000000000000000000, 0.000000000000000000 ) ) ;
#1691 = ORIENTED_EDGE ( 'NONE', *, *, #1178, .T. ) ;
#1692 = LINE ( 'NONE', #129, #1997 ) ;
#1693 =( LENGTH_UNIT ( ) NAMED_UNIT ( * ) SI_UNIT ( .MILLI., .METRE. ) );
#1694 = EDGE_LOOP ( 'NONE', ( #1010, #1527 ) ) ;
#1695 = UNCERTAINTY_MEASURE_WITH_UNIT (LENGTH_MEASURE( 1.000000000000000082E-05 ), #1515, 'distance_accuracy_value', 'NONE');
#1696 = CARTESIAN_POINT ( 'NONE',  ( -1.270710678118653902, -6.771808389832553843, -1.900000000000000355 ) ) ;
#1697 = EDGE_LOOP ( 'NONE', ( #431, #1255 ) ) ;
#1698 = DIRECTION ( 'NONE',  ( -0.7071067811865485719, -0.7071067811865465735, 0.000000000000000000 ) ) ;
#1699 = DIRECTION ( 'NONE',  ( -1.000000000000000000, 0.000000000000000000, 0.000000000000000000 ) ) ;
#1700 = ADVANCED_FACE ( 'NONE', ( #2593 ), #1520, .F. ) ;
#1701 = PLANE ( 'NONE',  #291 ) ;
#1702 = ORIENTED_EDGE ( 'NONE', *, *, #1544, .F. ) ;
#1703 = FACE_BOUND ( 'NONE', #540, .T. ) ;
#1704 = ORIENTED_EDGE ( 'NONE', *, *, #1330, .F. ) ;
#1705 =( NAMED_UNIT ( * ) PLANE_ANGLE_UNIT ( ) SI_UNIT ( $, .RADIAN. ) );
#1706 = ORIENTED_EDGE ( 'NONE', *, *, #667, .T. ) ;
#1707 = VERTEX_POINT ( 'NONE', #835 ) ;
#1708 = CARTESIAN_POINT ( 'NONE',  ( 2.649999999999999467, 3.850000000000000533, 1.899999999999999467 ) ) ;
#1709 = DIRECTION ( 'NONE',  ( -1.000000000000000000, 1.924271563350043697E-16, 0.000000000000000000 ) ) ;
#1710 = CARTESIAN_POINT ( 'NONE',  ( -3.121841060262848355, -2.000000000000000000, -0.7999999999999994893 ) ) ;
#1711 = LINE ( 'NONE', #2598, #2901 ) ;
#1712 = LINE ( 'NONE', #2600, #710 ) ;
#1713 = PLANE ( 'NONE',  #2847 ) ;
#1714 = CARTESIAN_POINT ( 'NONE',  ( -3.121841060262848355, -2.000000000000000000, 0.8999999999999995781 ) ) ;
#1715 = ORIENTED_EDGE ( 'NONE', *, *, #267, .F. ) ;
#1716 = EDGE_CURVE ( 'NONE', #1153, #2327, #615, .T. ) ;
#1717 = LINE ( 'NONE', #1474, #217 ) ;
#1718 = ORIENTED_EDGE ( 'NONE', *, *, #1920, .T. ) ;
#1719 = DIRECTION ( 'NONE',  ( 1.000000000000000000, 0.000000000000000000, 0.000000000000000000 ) ) ;
#1720 = ADVANCED_FACE ( 'NONE', ( #783 ), #1533, .T. ) ;
#1721 = SURFACE_SIDE_STYLE ('',( #1573 ) ) ;
#1722 = DIRECTION ( 'NONE',  ( -1.000000000000000000, -2.891205793294678326E-16, -0.000000000000000000 ) ) ;
#1723 = VERTEX_POINT ( 'NONE', #1318 ) ;
#1724 = CARTESIAN_POINT ( 'NONE',  ( -4.121841060262849687, -2.000000000000000000, 0.7999999999999994893 ) ) ;
#1725 = VECTOR ( 'NONE', #1099, 1000.000000000000000 ) ;
#1726 = DIRECTION ( 'NONE',  ( 1.000000000000000000, 0.000000000000000000, 0.000000000000000000 ) ) ;
#1727 = VERTEX_POINT ( 'NONE', #2205 ) ;
#1728 = LINE ( 'NONE', #1962, #711 ) ;
#1729 = AXIS2_PLACEMENT_3D ( 'NONE', #2826, #776, #1008 ) ;
#1730 = DIRECTION ( 'NONE',  ( -1.000000000000000000, 0.000000000000000000, 0.000000000000000000 ) ) ;
#1731 = MECHANICAL_DESIGN_GEOMETRIC_PRESENTATION_REPRESENTATION (  '', ( #808 ), #2376 ) ;
#1732 = VECTOR ( 'NONE', #2869, 1000.000000000000000 ) ;
#1733 = AXIS2_PLACEMENT_3D ( 'NONE', #789, #527, #2773 ) ;
#1734 = VERTEX_POINT ( 'NONE', #1708 ) ;
#1735 = AXIS2_PLACEMENT_3D ( 'NONE', #1888, #1876, #1240 ) ;
#1736 = DIRECTION ( 'NONE',  ( -0.000000000000000000, -0.000000000000000000, 1.000000000000000000 ) ) ;
#1737 = EDGE_LOOP ( 'NONE', ( #348, #530, #2720, #1562 ) ) ;
#1738 = AXIS2_PLACEMENT_3D ( 'NONE', #1233, #2096, #2068 ) ;
#1739 = LINE ( 'NONE', #775, #2278 ) ;
#1740 = SURFACE_STYLE_USAGE ( .BOTH. , #1547 ) ;
#1741 = VECTOR ( 'NONE', #60, 1000.000000000000000 ) ;
#1742 =( NAMED_UNIT ( * ) SI_UNIT ( $, .STERADIAN. ) SOLID_ANGLE_UNIT ( ) );
#1743 = VERTEX_POINT ( 'NONE', #2160 ) ;
#1744 = DIRECTION ( 'NONE',  ( 0.000000000000000000, -0.000000000000000000, -1.000000000000000000 ) ) ;
#1745 = EDGE_LOOP ( 'NONE', ( #774, #1154, #2846 ) ) ;
#1746 = VECTOR ( 'NONE', #1600, 1000.000000000000000 ) ;
#1747 = CARTESIAN_POINT ( 'NONE',  ( -3.621841060262849243, 2.000000000000000000, -0.7999999999999994893 ) ) ;
#1748 = DIRECTION ( 'NONE',  ( 1.000000000000000000, 0.000000000000000000, -0.000000000000000000 ) ) ;
#1749 = DIRECTION ( 'NONE',  ( -1.000000000000000000, -1.133806193448893442E-16, 0.000000000000000000 ) ) ;
#1750 = VERTEX_POINT ( 'NONE', #175 ) ;
#1751 = DIRECTION ( 'NONE',  ( 0.000000000000000000, 0.000000000000000000, 1.000000000000000000 ) ) ;
#1752 = ORIENTED_EDGE ( 'NONE', *, *, #1165, .F. ) ;
#1753 = CARTESIAN_POINT ( 'NONE',  ( 3.621841060262851020, -2.000000000000000000, -0.8999999999999995781 ) ) ;
#1754 = ORIENTED_EDGE ( 'NONE', *, *, #309, .T. ) ;
#1755 = ORIENTED_EDGE ( 'NONE', *, *, #1283, .T. ) ;
#1756 = DIRECTION ( 'NONE',  ( -0.000000000000000000, -0.000000000000000000, -1.000000000000000000 ) ) ;
#1757 = EDGE_CURVE ( 'NONE', #1473, #24, #1930, .T. ) ;
#1758 = CARTESIAN_POINT ( 'NONE',  ( -4.121841060262849687, -2.000000000000000000, -0.7999999999999994893 ) ) ;
#1759 = CARTESIAN_POINT ( 'NONE',  ( -2.549999999999997602, 3.700000000000000178, -1.899999999999999467 ) ) ;
#1760 = VERTEX_POINT ( 'NONE', #630 ) ;
#1761 = CARTESIAN_POINT ( 'NONE',  ( 2.649999999999999467, 3.950000000000000178, 1.899999999999999467 ) ) ;
#1762 = ORIENTED_EDGE ( 'NONE', *, *, #1664, .F. ) ;
#1763 = EDGE_CURVE ( 'NONE', #338, #99, #872, .T. ) ;
#1764 = CARTESIAN_POINT ( 'NONE',  ( 2.666666666666654972, -12.43333333333333002, -0.9333333333333458937 ) ) ;
#1765 = CARTESIAN_POINT ( 'NONE',  ( 1.750000000000000222, 3.850000000000000533, -0.5000000000000004441 ) ) ;
#1766 = FACE_OUTER_BOUND ( 'NONE', #2265, .T. ) ;
#1767 = EDGE_LOOP ( 'NONE', ( #1039, #2571, #114, #1752 ) ) ;
#1768 = PLANE ( 'NONE',  #629 ) ;
#1769 = ORIENTED_EDGE ( 'NONE', *, *, #25, .T. ) ;
#1770 = DIRECTION ( 'NONE',  ( -8.673617379884035472E-16, 0.000000000000000000, -1.000000000000000000 ) ) ;
#1771 = DIRECTION ( 'NONE',  ( 0.000000000000000000, 0.000000000000000000, 1.000000000000000000 ) ) ;
#1772 = VERTEX_POINT ( 'NONE', #925 ) ;
#1773 = EDGE_CURVE ( 'NONE', #1743, #2683, #1393, .T. ) ;
#1774 =( NAMED_UNIT ( * ) PLANE_ANGLE_UNIT ( ) SI_UNIT ( $, .RADIAN. ) );
#1775 = DIRECTION ( 'NONE',  ( 0.000000000000000000, 0.000000000000000000, 1.000000000000000000 ) ) ;
#1776 =( NAMED_UNIT ( * ) PLANE_ANGLE_UNIT ( ) SI_UNIT ( $, .RADIAN. ) );
#1777 = CARTESIAN_POINT ( 'NONE',  ( -2.649999999999999467, 3.850000000000000533, -1.900000000000000355 ) ) ;
#1778 = VECTOR ( 'NONE', #2315, 1000.000000000000000 ) ;
#1779 = EDGE_CURVE ( 'NONE', #323, #262, #2909, .T. ) ;
#1780 = ORIENTED_EDGE ( 'NONE', *, *, #748, .F. ) ;
#1781 = AXIS2_PLACEMENT_3D ( 'NONE', #286, #672, #30 ) ;
#1782 = AXIS2_PLACEMENT_3D ( 'NONE', #2324, #1709, #1866 ) ;
#1783 = SURFACE_STYLE_USAGE ( .BOTH. , #2224 ) ;
#1784 = DIRECTION ( 'NONE',  ( 0.000000000000000000, 1.000000000000000000, -0.000000000000000000 ) ) ;
#1785 = AXIS2_PLACEMENT_3D ( 'NONE', #648, #621, #2461 ) ;
#1786 = VECTOR ( 'NONE', #1814, 1000.000000000000000 ) ;
#1787 =( NAMED_UNIT ( * ) PLANE_ANGLE_UNIT ( ) SI_UNIT ( $, .RADIAN. ) );
#1788 = AXIS2_PLACEMENT_3D ( 'NONE', #2879, #1344, #821 ) ;
#1789 = CARTESIAN_POINT ( 'NONE',  ( -4.549999999999998934, 3.700000000000000178, 0.8999999999999995781 ) ) ;
#1790 = PLANE ( 'NONE',  #1729 ) ;
#1791 = ORIENTED_EDGE ( 'NONE', *, *, #2411, .F. ) ;
#1792 = VECTOR ( 'NONE', #2570, 1000.000000000000000 ) ;
#1793 = AXIS2_PLACEMENT_3D ( 'NONE', #561, #1003, #2137 ) ;
#1794 = LINE ( 'NONE', #607, #2672 ) ;
#1795 = EDGE_CURVE ( 'NONE', #2873, #2399, #464, .T. ) ;
#1796 = CARTESIAN_POINT ( 'NONE',  ( -4.121841060262849687, 2.000000000000000000, 0.7999999999999994893 ) ) ;
#1797 = SHAPE_DEFINITION_REPRESENTATION ( #676, #2653 ) ;
#1798 = DIRECTION ( 'NONE',  ( -1.000000000000000000, 0.000000000000000000, 0.000000000000000000 ) ) ;
#1799 = ADVANCED_FACE ( 'NONE', ( #1101 ), #2257, .F. ) ;
#1800 = ORIENTED_EDGE ( 'NONE', *, *, #2866, .T. ) ;
#1801 = VERTEX_POINT ( 'NONE', #2045 ) ;
#1802 = SURFACE_STYLE_FILL_AREA ( #2695 ) ;
#1803 = LINE ( 'NONE', #23, #9 ) ;
#1804 = EDGE_LOOP ( 'NONE', ( #641, #335, #1769, #2157 ) ) ;
#1805 = CARTESIAN_POINT ( 'NONE',  ( -2.549999999999997602, 3.700000000000000178, 0.8999999999999995781 ) ) ;
#1806 = CARTESIAN_POINT ( 'NONE',  ( -2.750548855856945973, -2.750548855856929098, -0.4000000000000000222 ) ) ;
#1807 = VERTEX_POINT ( 'NONE', #434 ) ;
#1808 =( LENGTH_UNIT ( ) NAMED_UNIT ( * ) SI_UNIT ( .MILLI., .METRE. ) );
#1809 = PLANE ( 'NONE',  #1864 ) ;
#1810 = EDGE_CURVE ( 'NONE', #2036, #2435, #1827, .T. ) ;
#1811 = PRODUCT ( 'MIC2015.VP', 'MIC2015.VP', '', ( #2446 ) ) ;
#1812 = ORIENTED_EDGE ( 'NONE', *, *, #486, .F. ) ;
#1813 = DIRECTION ( 'NONE',  ( 1.000000000000000000, 0.000000000000000000, -6.847592668329502052E-16 ) ) ;
#1814 = DIRECTION ( 'NONE',  ( 1.000000000000000000, 0.000000000000000000, 0.000000000000000000 ) ) ;
#1815 = ORIENTED_EDGE ( 'NONE', *, *, #39, .T. ) ;
#1816 = DIRECTION ( 'NONE',  ( -0.000000000000000000, -0.000000000000000000, -1.000000000000000000 ) ) ;
#1817 = VECTOR ( 'NONE', #463, 1000.000000000000000 ) ;
#1818 = DIRECTION ( 'NONE',  ( 0.7071067811865519026, 0.7071067811865431318, 0.000000000000000000 ) ) ;
#1819 = CARTESIAN_POINT ( 'NONE',  ( -4.121841060262849687, -2.000000000000000000, 0.7999999999999994893 ) ) ;
#1820 = VECTOR ( 'NONE', #2885, 1000.000000000000000 ) ;
#1821 = ORIENTED_EDGE ( 'NONE', *, *, #980, .F. ) ;
#1822 = MECHANICAL_DESIGN_GEOMETRIC_PRESENTATION_REPRESENTATION (  '', ( #2127 ), #2751 ) ;
#1823 = AXIS2_PLACEMENT_3D ( 'NONE', #1488, #311, #2547 ) ;
#1824 = COLOUR_RGB ( '',0.6666666666666666297, 0.6980392156862744724, 0.7686274509803920907 ) ;
#1825 = PRESENTATION_LAYER_ASSIGNMENT (  '', '', ( #1195 ) ) ;
#1826 = ADVANCED_FACE ( 'NONE', ( #1360 ), #2268, .F. ) ;
#1827 = LINE ( 'NONE', #1381, #1996 ) ;
#1828 = LINE ( 'NONE', #690, #1006 ) ;
#1829 = VERTEX_POINT ( 'NONE', #2028 ) ;
#1830 = LINE ( 'NONE', #2498, #2674 ) ;
#1831 = ORIENTED_EDGE ( 'NONE', *, *, #2545, .T. ) ;
#1832 = PRESENTATION_STYLE_ASSIGNMENT (( #709 ) ) ;
#1833 = APPLICATION_PROTOCOL_DEFINITION ( 'draft international standard', 'automotive_design', 1998, #1211 ) ;
#1834 = ORIENTED_EDGE ( 'NONE', *, *, #649, .F. ) ;
#1835 = PRESENTATION_STYLE_ASSIGNMENT (( #504 ) ) ;
#1836 = VERTEX_POINT ( 'NONE', #868 ) ;
#1837 = LINE ( 'NONE', #1579, #1123 ) ;
#1838 = DIRECTION ( 'NONE',  ( 0.000000000000000000, -0.000000000000000000, 1.000000000000000000 ) ) ;
#1839 = VERTEX_POINT ( 'NONE', #2730 ) ;
#1840 = EDGE_CURVE ( 'NONE', #2739, #2399, #2919, .T. ) ;
#1841 = CARTESIAN_POINT ( 'NONE',  ( -4.000000000000000000, -3.949999999999999734, 0.4000000000000000222 ) ) ;
#1842 = EDGE_CURVE ( 'NONE', #157, #2692, #2228, .T. ) ;
#1843 = DIRECTION ( 'NONE',  ( -1.000000000000000000, -0.000000000000000000, -0.000000000000000000 ) ) ;
#1844 = DIRECTION ( 'NONE',  ( 0.000000000000000000, -1.000000000000000000, 0.000000000000000000 ) ) ;
#1845 = LINE ( 'NONE', #1615, #2800 ) ;
#1846 = EDGE_LOOP ( 'NONE', ( #2809, #2504, #577, #1082 ) ) ;
#1847 =( LENGTH_UNIT ( ) NAMED_UNIT ( * ) SI_UNIT ( .MILLI., .METRE. ) );
#1848 = DIRECTION ( 'NONE',  ( -0.7999999999999998224, 0.6000000000000001998, 0.000000000000000000 ) ) ;
#1849 = ORIENTED_EDGE ( 'NONE', *, *, #1920, .F. ) ;
#1850 = EDGE_CURVE ( 'NONE', #1530, #1973, #1837, .T. ) ;
#1851 = SURFACE_STYLE_FILL_AREA ( #938 ) ;
#1852 = ORIENTED_EDGE ( 'NONE', *, *, #1135, .T. ) ;
#1853 = CYLINDRICAL_SURFACE ( 'NONE', #2793, 0.5000000000000004441 ) ;
#1854 = FACE_OUTER_BOUND ( 'NONE', #977, .T. ) ;
#1855 = ORIENTED_EDGE ( 'NONE', *, *, #83, .T. ) ;
#1856 = ADVANCED_FACE ( 'NONE', ( #2006 ), #679, .F. ) ;
#1857 = PLANE ( 'NONE',  #593 ) ;
#1858 = MECHANICAL_DESIGN_GEOMETRIC_PRESENTATION_REPRESENTATION (  '', ( #1435 ), #479 ) ;
#1859 = VECTOR ( 'NONE', #357, 1000.000000000000000 ) ;
#1860 =( LENGTH_UNIT ( ) NAMED_UNIT ( * ) SI_UNIT ( .MILLI., .METRE. ) );
#1861 = AXIS2_PLACEMENT_3D ( 'NONE', #2221, #618, #420 ) ;
#1862 = PRESENTATION_LAYER_ASSIGNMENT (  '', '', ( #96 ) ) ;
#1863 = ORIENTED_EDGE ( 'NONE', *, *, #2610, .T. ) ;
#1864 = AXIS2_PLACEMENT_3D ( 'NONE', #2701, #841, #1352 ) ;
#1865 = CARTESIAN_POINT ( 'NONE',  ( 3.121841060262850576, 2.000000000000000000, 0.7999999999999994893 ) ) ;
#1866 = DIRECTION ( 'NONE',  ( -1.924271563350043697E-16, -1.000000000000000000, 0.000000000000000000 ) ) ;
#1867 = CARTESIAN_POINT ( 'NONE',  ( 1.000000000000000000, -3.949999999999999734, 0.4000000000000000222 ) ) ;
#1868 = UNCERTAINTY_MEASURE_WITH_UNIT (LENGTH_MEASURE( 1.000000000000000082E-05 ), #1860, 'distance_accuracy_value', 'NONE');
#1869 = FILL_AREA_STYLE ('',( #1174 ) ) ;
#1870 = EDGE_CURVE ( 'NONE', #1952, #1760, #2067, .T. ) ;
#1871 = DIRECTION ( 'NONE',  ( 0.000000000000000000, 0.000000000000000000, 1.000000000000000000 ) ) ;
#1872 = ORIENTED_EDGE ( 'NONE', *, *, #682, .T. ) ;
#1873 = EDGE_LOOP ( 'NONE', ( #145, #1479, #1575, #1030 ) ) ;
#1874 = FACE_OUTER_BOUND ( 'NONE', #151, .T. ) ;
#1875 = FACE_OUTER_BOUND ( 'NONE', #2840, .T. ) ;
#1876 = DIRECTION ( 'NONE',  ( -0.000000000000000000, 0.000000000000000000, 1.000000000000000000 ) ) ;
#1877 = DIRECTION ( 'NONE',  ( -0.000000000000000000, -0.000000000000000000, -1.000000000000000000 ) ) ;
#1878 = ORIENTED_EDGE ( 'NONE', *, *, #222, .T. ) ;
#1879 = EDGE_CURVE ( 'NONE', #1727, #2832, #1895, .T. ) ;
#1880 = PLANE ( 'NONE',  #2673 ) ;
#1881 = CARTESIAN_POINT ( 'NONE',  ( 0.000000000000000000, 3.850000000000000533, 0.000000000000000000 ) ) ;
#1882 = DIRECTION ( 'NONE',  ( 0.000000000000000000, 1.000000000000000000, 0.000000000000000000 ) ) ;
#1883 = EDGE_CURVE ( 'NONE', #972, #2069, #303, .T. ) ;
#1884 = DIRECTION ( 'NONE',  ( 6.847592668329502052E-16, 0.000000000000000000, 1.000000000000000000 ) ) ;
#1885 = ORIENTED_EDGE ( 'NONE', *, *, #83, .F. ) ;
#1886 =( LENGTH_UNIT ( ) NAMED_UNIT ( * ) SI_UNIT ( .MILLI., .METRE. ) );
#1887 = CYLINDRICAL_SURFACE ( 'NONE', #1358, 0.5000000000000008882 ) ;
#1888 = CARTESIAN_POINT ( 'NONE',  ( 0.000000000000000000, 0.000000000000000000, -0.4000000000000000222 ) ) ;
#1889 = LINE ( 'NONE', #2808, #1631 ) ;
#1890 = ORIENTED_EDGE ( 'NONE', *, *, #989, .T. ) ;
#1891 = UNCERTAINTY_MEASURE_WITH_UNIT (LENGTH_MEASURE( 1.000000000000000082E-05 ), #779, 'distance_accuracy_value', 'NONE');
#1892 = CARTESIAN_POINT ( 'NONE',  ( -3.621841060262849243, -2.000000000000000000, -0.7999999999999994893 ) ) ;
#1893 = DIRECTION ( 'NONE',  ( -0.000000000000000000, -0.000000000000000000, 1.000000000000000000 ) ) ;
#1894 = FACE_OUTER_BOUND ( 'NONE', #502, .T. ) ;
#1895 = LINE ( 'NONE', #316, #1552 ) ;
#1896 = DIRECTION ( 'NONE',  ( -0.000000000000000000, -0.000000000000000000, -1.000000000000000000 ) ) ;
#1897 = ORIENTED_EDGE ( 'NONE', *, *, #2022, .T. ) ;
#1898 = VECTOR ( 'NONE', #2356, 1000.000000000000000 ) ;
#1899 = ADVANCED_FACE ( 'NONE', ( #1421 ), #1205, .F. ) ;
#1900 = MECHANICAL_DESIGN_GEOMETRIC_PRESENTATION_REPRESENTATION (  '', ( #1636 ), #1950 ) ;
#1901 = DIRECTION ( 'NONE',  ( 1.000000000000000000, 0.000000000000000000, 0.000000000000000000 ) ) ;
#1902 = ORIENTED_EDGE ( 'NONE', *, *, #892, .T. ) ;
#1903 = LINE ( 'NONE', #2804, #1311 ) ;
#1904 = EDGE_CURVE ( 'NONE', #1587, #902, #70, .T. ) ;
#1905 = VECTOR ( 'NONE', #1896, 1000.000000000000000 ) ;
#1906 = CARTESIAN_POINT ( 'NONE',  ( 4.000000000000000000, -3.949999999999998845, 0.4000000000000000222 ) ) ;
#1907 = CARTESIAN_POINT ( 'NONE',  ( -3.250000000000000000, 3.850000000000000533, 0.5000000000000002220 ) ) ;
#1908 = VECTOR ( 'NONE', #135, 1000.000000000000000 ) ;
#1909 = VECTOR ( 'NONE', #883, 1000.000000000000000 ) ;
#1910 = PLANE ( 'NONE',  #168 ) ;
#1911 = ORIENTED_EDGE ( 'NONE', *, *, #2779, .F. ) ;
#1912 = DIRECTION ( 'NONE',  ( -4.336808689942017736E-16, -0.000000000000000000, -1.000000000000000000 ) ) ;
#1913 = SURFACE_SIDE_STYLE ('',( #130 ) ) ;
#1914 = FILL_AREA_STYLE ('',( #68 ) ) ;
#1915 = CARTESIAN_POINT ( 'NONE',  ( -3.250000000000000000, 3.850000000000000533, -0.4999999999999997780 ) ) ;
#1916 = ORIENTED_EDGE ( 'NONE', *, *, #256, .T. ) ;
#1917 = UNCERTAINTY_MEASURE_WITH_UNIT (LENGTH_MEASURE( 1.000000000000000082E-05 ), #1550, 'distance_accuracy_value', 'NONE');
#1918 = CARTESIAN_POINT ( 'NONE',  ( -1.199999999999999289, -6.701097711713900118, -1.900000000000000355 ) ) ;
#1919 = ORIENTED_EDGE ( 'NONE', *, *, #2497, .F. ) ;
#1920 = EDGE_CURVE ( 'NONE', #2918, #1656, #257, .T. ) ;
#1921 = CARTESIAN_POINT ( 'NONE',  ( -0.9999999999999983347, -4.349999999999998757, -0.4000000000000004108 ) ) ;
#1922 = FACE_OUTER_BOUND ( 'NONE', #170, .T. ) ;
#1923 = EDGE_CURVE ( 'NONE', #2344, #1304, #2576, .T. ) ;
#1924 = FACE_OUTER_BOUND ( 'NONE', #2398, .T. ) ;
#1925 = ORIENTED_EDGE ( 'NONE', *, *, #2296, .T. ) ;
#1926 = ORIENTED_EDGE ( 'NONE', *, *, #560, .T. ) ;
#1927 = CARTESIAN_POINT ( 'NONE',  ( -1.000000000000000000, -3.949999999999999734, 0.4000000000000000222 ) ) ;
#1928 = CARTESIAN_POINT ( 'NONE',  ( 1.000000000000000000, -3.949999999999999734, 0.4000000000000000222 ) ) ;
#1929 = ORIENTED_EDGE ( 'NONE', *, *, #2167, .T. ) ;
#1930 = LINE ( 'NONE', #2851, #1908 ) ;
#1931 = ORIENTED_EDGE ( 'NONE', *, *, #312, .F. ) ;
#1932 = LINE ( 'NONE', #1555, #1398 ) ;
#1933 = DIRECTION ( 'NONE',  ( -1.000000000000000000, 0.000000000000000000, 0.000000000000000000 ) ) ;
#1934 = DIRECTION ( 'NONE',  ( 6.847592668329503038E-16, 0.000000000000000000, 1.000000000000000000 ) ) ;
#1935 = LINE ( 'NONE', #355, #1732 ) ;
#1936 = LINE ( 'NONE', #2330, #1306 ) ;
#1937 = EDGE_LOOP ( 'NONE', ( #1791, #1702 ) ) ;
#1938 = FACE_OUTER_BOUND ( 'NONE', #1804, .T. ) ;
#1939 = ORIENTED_EDGE ( 'NONE', *, *, #1089, .F. ) ;
#1940 = DIRECTION ( 'NONE',  ( 0.000000000000000000, 0.000000000000000000, -1.000000000000000000 ) ) ;
#1941 = ORIENTED_EDGE ( 'NONE', *, *, #2735, .F. ) ;
#1942 = SURFACE_STYLE_FILL_AREA ( #2158 ) ;
#1943 = LINE ( 'NONE', #1928, #1070 ) ;
#1944 = ORIENTED_EDGE ( 'NONE', *, *, #1135, .F. ) ;
#1945 = LINE ( 'NONE', #2368, #487 ) ;
#1946 = ORIENTED_EDGE ( 'NONE', *, *, #2632, .T. ) ;
#1947 = AXIS2_PLACEMENT_3D ( 'NONE', #647, #1145, #43 ) ;
#1948 = AXIS2_PLACEMENT_3D ( 'NONE', #2273, #1388, #2526 ) ;
#1949 = ORIENTED_EDGE ( 'NONE', *, *, #1564, .T. ) ;
#1950 =( GEOMETRIC_REPRESENTATION_CONTEXT ( 3 ) GLOBAL_UNCERTAINTY_ASSIGNED_CONTEXT ( ( #2592 ) ) GLOBAL_UNIT_ASSIGNED_CONTEXT ( ( #2784, #2099, #2110 ) ) REPRESENTATION_CONTEXT ( 'NONE', 'WORKASPACE' ) );
#1951 = FACE_OUTER_BOUND ( 'NONE', #278, .T. ) ;
#1952 = VERTEX_POINT ( 'NONE', #1632 ) ;
#1953 = VECTOR ( 'NONE', #1663, 1000.000000000000114 ) ;
#1954 = AXIS2_PLACEMENT_3D ( 'NONE', #1141, #1119, #1838 ) ;
#1955 = LINE ( 'NONE', #879, #2429 ) ;
#1956 = EDGE_CURVE ( 'NONE', #1234, #1801, #945, .T. ) ;
#1957 =( NAMED_UNIT ( * ) SI_UNIT ( $, .STERADIAN. ) SOLID_ANGLE_UNIT ( ) );
#1958 = EDGE_CURVE ( 'NONE', #840, #2647, #1490, .T. ) ;
#1959 = ORIENTED_EDGE ( 'NONE', *, *, #906, .F. ) ;
#1960 = DIRECTION ( 'NONE',  ( -1.445602896647339163E-16, 0.000000000000000000, -1.000000000000000000 ) ) ;
#1961 = DIRECTION ( 'NONE',  ( -0.000000000000000000, -0.000000000000000000, -1.000000000000000000 ) ) ;
#1962 = CARTESIAN_POINT ( 'NONE',  ( 2.549999999999999378, 3.700000000000000178, 0.8999999999999995781 ) ) ;
#1963 = DIRECTION ( 'NONE',  ( -0.5773502691896285066, -0.5773502691896204020, -0.5773502691896285066 ) ) ;
#1964 = DIRECTION ( 'NONE',  ( -1.000000000000000000, -0.000000000000000000, 0.000000000000000000 ) ) ;
#1965 = ORIENTED_EDGE ( 'NONE', *, *, #1219, .F. ) ;
#1966 = CARTESIAN_POINT ( 'NONE',  ( -3.250000000000000000, 3.850000000000000533, 0.5000000000000002220 ) ) ;
#1967 = ORIENTED_EDGE ( 'NONE', *, *, #2779, .T. ) ;
#1968 = DIRECTION ( 'NONE',  ( 1.000000000000000000, 0.000000000000000000, 0.000000000000000000 ) ) ;
#1969 =( NAMED_UNIT ( * ) PLANE_ANGLE_UNIT ( ) SI_UNIT ( $, .RADIAN. ) );
#1970 = VERTEX_POINT ( 'NONE', #1454 ) ;
#1971 = EDGE_CURVE ( 'NONE', #2435, #1839, #507, .T. ) ;
#1972 = DIRECTION ( 'NONE',  ( -0.000000000000000000, -0.000000000000000000, -1.000000000000000000 ) ) ;
#1973 = VERTEX_POINT ( 'NONE', #1166 ) ;
#1974 = FACE_OUTER_BOUND ( 'NONE', #2606, .T. ) ;
#1975 = DIRECTION ( 'NONE',  ( 0.000000000000000000, -1.000000000000000000, 0.000000000000000000 ) ) ;
#1976 = VERTEX_POINT ( 'NONE', #55 ) ;
#1977 = SURFACE_SIDE_STYLE ('',( #2146 ) ) ;
#1978 = CARTESIAN_POINT ( 'NONE',  ( 3.121841060262850132, -2.000000000000000000, -0.8999999999999995781 ) ) ;
#1979 = CARTESIAN_POINT ( 'NONE',  ( 0.000000000000000000, 3.850000000000000533, 1.899999999999999467 ) ) ;
#1980 = CARTESIAN_POINT ( 'NONE',  ( -1.449999999999998623, -11.34999999999999964, 0.4000000000000000222 ) ) ;
#1981 = PLANE ( 'NONE',  #2428 ) ;
#1982 = ORIENTED_EDGE ( 'NONE', *, *, #1118, .T. ) ;
#1983 = DIRECTION ( 'NONE',  ( 0.000000000000000000, 0.000000000000000000, 1.000000000000000000 ) ) ;
#1984 = EDGE_LOOP ( 'NONE', ( #656, #1315, #1812, #2357 ) ) ;
#1985 = DIRECTION ( 'NONE',  ( -0.000000000000000000, -0.000000000000000000, 1.000000000000000000 ) ) ;
#1986 = DIRECTION ( 'NONE',  ( -6.847592668329502052E-16, 0.000000000000000000, -1.000000000000000000 ) ) ;
#1987 = CARTESIAN_POINT ( 'NONE',  ( -2.549999999999997602, 3.700000000000000178, 1.899999999999999467 ) ) ;
#1988 = EDGE_LOOP ( 'NONE', ( #2313, #331, #1516, #1834 ) ) ;
#1989 = ADVANCED_FACE ( 'NONE', ( #84 ), #728, .F. ) ;
#1990 = COLOUR_RGB ( '',0.6666666666666666297, 0.6980392156862744724, 0.7686274509803920907 ) ;
#1991 = CARTESIAN_POINT ( 'NONE',  ( 3.621841060262851020, 2.000000000000000000, -0.7999999999999994893 ) ) ;
#1992 = MECHANICAL_DESIGN_GEOMETRIC_PRESENTATION_REPRESENTATION (  '', ( #1160 ), #2843 ) ;
#1993 = SURFACE_SIDE_STYLE ('',( #852 ) ) ;
#1994 = EDGE_CURVE ( 'NONE', #1607, #871, #1028, .T. ) ;
#1995 = STYLED_ITEM ( 'NONE', ( #2458 ), #2292 ) ;
#1996 = VECTOR ( 'NONE', #882, 1000.000000000000000 ) ;
#1997 = VECTOR ( 'NONE', #2776, 1000.000000000000000 ) ;
#1998 = VECTOR ( 'NONE', #886, 1000.000000000000000 ) ;
#1999 = DIRECTION ( 'NONE',  ( -1.000000000000000000, 0.000000000000000000, 0.000000000000000000 ) ) ;
#2000 =( NAMED_UNIT ( * ) SI_UNIT ( $, .STERADIAN. ) SOLID_ANGLE_UNIT ( ) );
#2001 = ORIENTED_EDGE ( 'NONE', *, *, #811, .T. ) ;
#2002 = PRESENTATION_LAYER_ASSIGNMENT (  '', '', ( #813 ) ) ;
#2003 =( GEOMETRIC_REPRESENTATION_CONTEXT ( 3 ) GLOBAL_UNCERTAINTY_ASSIGNED_CONTEXT ( ( #2801 ) ) GLOBAL_UNIT_ASSIGNED_CONTEXT ( ( #327, #2306, #36 ) ) REPRESENTATION_CONTEXT ( 'NONE', 'WORKASPACE' ) );
#2004 = COLOUR_RGB ( '',0.6666666666666666297, 0.6980392156862744724, 0.7686274509803920907 ) ;
#2005 = VECTOR ( 'NONE', #2532, 1000.000000000000000 ) ;
#2006 = FACE_OUTER_BOUND ( 'NONE', #1767, .T. ) ;
#2007 = CARTESIAN_POINT ( 'NONE',  ( -3.621841060262849243, 2.000000000000000000, 0.7999999999999994893 ) ) ;
#2008 = ORIENTED_EDGE ( 'NONE', *, *, #983, .T. ) ;
#2009 = ADVANCED_FACE ( 'NONE', ( #2633 ), #1045, .F. ) ;
#2010 = CARTESIAN_POINT ( 'NONE',  ( 3.250000000000000888, 3.950000000000000178, 0.4999999999999994449 ) ) ;
#2011 = DIRECTION ( 'NONE',  ( -0.7071067811865453523, 0.7071067811865496822, -0.000000000000000000 ) ) ;
#2012 = EDGE_CURVE ( 'NONE', #2743, #1503, #1478, .T. ) ;
#2013 = SURFACE_SIDE_STYLE ('',( #1942 ) ) ;
#2014 = FILL_AREA_STYLE ('',( #1307 ) ) ;
#2015 = VERTEX_POINT ( 'NONE', #1501 ) ;
#2016 = VERTEX_POINT ( 'NONE', #2363 ) ;
#2017 = PLANE ( 'NONE',  #2515 ) ;
#2018 = ORIENTED_EDGE ( 'NONE', *, *, #1181, .F. ) ;
#2019 = CARTESIAN_POINT ( 'NONE',  ( 1.728000000000000203, -2.303999999999999826, -0.4000000000000000222 ) ) ;
#2020 = CARTESIAN_POINT ( 'NONE',  ( -4.000000000000000000, -3.950000000000000178, 0.4000000000000000222 ) ) ;
#2021 = CARTESIAN_POINT ( 'NONE',  ( -3.621841060262849243, 2.000000000000000000, -0.7999999999999994893 ) ) ;
#2022 = EDGE_CURVE ( 'NONE', #473, #1342, #2385, .T. ) ;
#2023 = DIRECTION ( 'NONE',  ( 0.000000000000000000, 0.000000000000000000, 1.000000000000000000 ) ) ;
#2024 =( NAMED_UNIT ( * ) SI_UNIT ( $, .STERADIAN. ) SOLID_ANGLE_UNIT ( ) );
#2025 = CARTESIAN_POINT ( 'NONE',  ( 3.621841060262851020, 2.000000000000000000, 0.7999999999999994893 ) ) ;
#2026 = ADVANCED_FACE ( 'NONE', ( #2120 ), #1271, .F. ) ;
#2027 = EDGE_LOOP ( 'NONE', ( #1308, #1897, #931, #126 ) ) ;
#2028 = CARTESIAN_POINT ( 'NONE',  ( -1.199999999999999289, -6.701097711713900118, 0.4000000000000000222 ) ) ;
#2029 = CARTESIAN_POINT ( 'NONE',  ( -1.749999999999999778, 3.850000000000000533, -0.5000000000000000000 ) ) ;
#2030 = CARTESIAN_POINT ( 'NONE',  ( 1.200000000000000178, -6.842519067951209344, 0.4000000000000000222 ) ) ;
#2031 = CARTESIAN_POINT ( 'NONE',  ( 4.549999999999999822, 3.850000000000000533, 2.117582368135750848E-19 ) ) ;
#2032 = PRESENTATION_LAYER_ASSIGNMENT (  '', '', ( #944 ) ) ;
#2033 = CARTESIAN_POINT ( 'NONE',  ( -3.121841060262848355, -2.000000000000000000, -0.7999999999999994893 ) ) ;
#2034 = DIRECTION ( 'NONE',  ( -0.000000000000000000, -0.000000000000000000, 1.000000000000000000 ) ) ;
#2035 = ORIENTED_EDGE ( 'NONE', *, *, #2342, .F. ) ;
#2036 = VERTEX_POINT ( 'NONE', #2290 ) ;
#2037 =( GEOMETRIC_REPRESENTATION_CONTEXT ( 3 ) GLOBAL_UNCERTAINTY_ASSIGNED_CONTEXT ( ( #532 ) ) GLOBAL_UNIT_ASSIGNED_CONTEXT ( ( #1025, #563, #791 ) ) REPRESENTATION_CONTEXT ( 'NONE', 'WORKASPACE' ) );
#2038 = EDGE_CURVE ( 'NONE', #1750, #2683, #2063, .T. ) ;
#2039 = SURFACE_STYLE_FILL_AREA ( #265 ) ;
#2040 = VECTOR ( 'NONE', #1682, 1000.000000000000000 ) ;
#2041 = AXIS2_PLACEMENT_3D ( 'NONE', #2442, #1092, #2652 ) ;
#2042 = EDGE_CURVE ( 'NONE', #2490, #1807, #1648, .T. ) ;
#2043 = AXIS2_PLACEMENT_3D ( 'NONE', #1090, #822, #568 ) ;
#2044 = STYLED_ITEM ( 'NONE', ( #1654 ), #2849 ) ;
#2045 = CARTESIAN_POINT ( 'NONE',  ( 2.550000000000000266, -3.950000000000000178, -1.899999999999999467 ) ) ;
#2046 = DIRECTION ( 'NONE',  ( 0.000000000000000000, 1.000000000000000000, -0.000000000000000000 ) ) ;
#2047 = EDGE_LOOP ( 'NONE', ( #416, #2765 ) ) ;
#2048 = LINE ( 'NONE', #27, #2321 ) ;
#2049 = VECTOR ( 'NONE', #1514, 1000.000000000000000 ) ;
#2050 = SURFACE_SIDE_STYLE ('',( #1851 ) ) ;
#2051 = LINE ( 'NONE', #930, #1590 ) ;
#2052 = CARTESIAN_POINT ( 'NONE',  ( -1.000000000000000000, -3.949999999999999734, 0.4000000000000000222 ) ) ;
#2053 = ORIENTED_EDGE ( 'NONE', *, *, #989, .F. ) ;
#2054 = LINE ( 'NONE', #1402, #967 ) ;
#2055 = ORIENTED_EDGE ( 'NONE', *, *, #1219, .T. ) ;
#2056 = ADVANCED_FACE ( 'NONE', ( #1401 ), #2764, .F. ) ;
#2057 = CARTESIAN_POINT ( 'NONE',  ( 1.270710678118655013, -6.771808389832554731, -1.900000000000000355 ) ) ;
#2058 = VERTEX_POINT ( 'NONE', #276 ) ;
#2059 = DIRECTION ( 'NONE',  ( -0.7071067811865507924, -0.7071067811865442421, -0.000000000000000000 ) ) ;
#2060 = CARTESIAN_POINT ( 'NONE',  ( 3.750000000000000000, -11.34999999999999964, -0.1499999999999998002 ) ) ;
#2061 = ADVANCED_FACE ( 'NONE', ( #2725 ), #1602, .T. ) ;
#2062 = ORIENTED_EDGE ( 'NONE', *, *, #1850, .T. ) ;
#2063 = LINE ( 'NONE', #694, #660 ) ;
#2064 = ORIENTED_EDGE ( 'NONE', *, *, #811, .F. ) ;
#2065 = UNCERTAINTY_MEASURE_WITH_UNIT (LENGTH_MEASURE( 1.000000000000000082E-05 ), #2184, 'distance_accuracy_value', 'NONE');
#2066 = SURFACE_STYLE_FILL_AREA ( #1869 ) ;
#2067 = LINE ( 'NONE', #762, #2138 ) ;
#2068 = DIRECTION ( 'NONE',  ( -1.000000000000000000, 0.000000000000000000, 0.000000000000000000 ) ) ;
#2069 = VERTEX_POINT ( 'NONE', #918 ) ;
#2070 = EDGE_LOOP ( 'NONE', ( #666, #1855, #1941, #1849, #1142, #1058, #1229, #2815, #2055 ) ) ;
#2071 = CARTESIAN_POINT ( 'NONE',  ( 2.750548855856956187, -2.750548855856981501, -0.4000000000000000222 ) ) ;
#2072 = ADVANCED_FACE ( 'NONE', ( #1585 ), #2736, .F. ) ;
#2073 =( LENGTH_UNIT ( ) NAMED_UNIT ( * ) SI_UNIT ( .MILLI., .METRE. ) );
#2074 = ADVANCED_FACE ( 'NONE', ( #940 ), #1853, .F. ) ;
#2075 = DIRECTION ( 'NONE',  ( 0.000000000000000000, 0.000000000000000000, -1.000000000000000000 ) ) ;
#2076 = EDGE_LOOP ( 'NONE', ( #2533, #287, #2256, #1475 ) ) ;
#2077 = CARTESIAN_POINT ( 'NONE',  ( 3.250000000000000000, 3.950000000000000178, -0.5000000000000005551 ) ) ;
#2078 = VECTOR ( 'NONE', #816, 1000.000000000000000 ) ;
#2079 = DIRECTION ( 'NONE',  ( -0.000000000000000000, -0.000000000000000000, -1.000000000000000000 ) ) ;
#2080 = SURFACE_SIDE_STYLE ('',( #982 ) ) ;
#2081 = COLOUR_RGB ( '',0.6666666666666666297, 0.6980392156862744724, 0.7686274509803920907 ) ;
#2082 = ORIENTED_EDGE ( 'NONE', *, *, #2042, .F. ) ;
#2083 = CARTESIAN_POINT ( 'NONE',  ( -1.270710678118653902, -6.771808389832553843, 0.4000000000000000222 ) ) ;
#2084 = ORIENTED_EDGE ( 'NONE', *, *, #2119, .T. ) ;
#2085 =( GEOMETRIC_REPRESENTATION_CONTEXT ( 3 ) GLOBAL_UNCERTAINTY_ASSIGNED_CONTEXT ( ( #294 ) ) GLOBAL_UNIT_ASSIGNED_CONTEXT ( ( #2860, #2196, #1108 ) ) REPRESENTATION_CONTEXT ( 'NONE', 'WORKASPACE' ) );
#2086 = CIRCLE ( 'NONE', #1640, 0.5000000000000004441 ) ;
#2087 = LINE ( 'NONE', #2803, #1741 ) ;
#2088 = DIRECTION ( 'NONE',  ( -0.7999999999999999334, -0.6000000000000001998, 0.000000000000000000 ) ) ;
#2089 = CIRCLE ( 'NONE', #820, 0.5000000000000004441 ) ;
#2090 = EDGE_CURVE ( 'NONE', #338, #1772, #2508, .T. ) ;
#2091 = DIRECTION ( 'NONE',  ( -0.000000000000000000, -0.000000000000000000, 1.000000000000000000 ) ) ;
#2092 = ADVANCED_FACE ( 'NONE', ( #2300 ), #1183, .F. ) ;
#2093 = UNCERTAINTY_MEASURE_WITH_UNIT (LENGTH_MEASURE( 1.000000000000000082E-05 ), #1847, 'distance_accuracy_value', 'NONE');
#2094 = CARTESIAN_POINT ( 'NONE',  ( 1.200000000000000622, -6.701097711713900118, 0.4000000000000000222 ) ) ;
#2095 = CARTESIAN_POINT ( 'NONE',  ( 1.200000000000000178, 0.000000000000000000, -0.4000000000000000222 ) ) ;
#2096 = DIRECTION ( 'NONE',  ( -0.000000000000000000, -0.000000000000000000, 1.000000000000000000 ) ) ;
#2097 = ORIENTED_EDGE ( 'NONE', *, *, #426, .F. ) ;
#2098 = LINE ( 'NONE', #73, #445 ) ;
#2099 =( NAMED_UNIT ( * ) PLANE_ANGLE_UNIT ( ) SI_UNIT ( $, .RADIAN. ) );
#2100 = CARTESIAN_POINT ( 'NONE',  ( 2.550000000000000266, -3.950000000000000178, -0.8999999999999995781 ) ) ;
#2101 = DIRECTION ( 'NONE',  ( 1.000000000000000000, 0.000000000000000000, 0.000000000000000000 ) ) ;
#2102 = EDGE_LOOP ( 'NONE', ( #1616, #2423, #2364, #2001 ) ) ;
#2103 = FILL_AREA_STYLE ('',( #112 ) ) ;
#2104 = PLANE ( 'NONE',  #2506 ) ;
#2105 = DIRECTION ( 'NONE',  ( 0.000000000000000000, 0.000000000000000000, 1.000000000000000000 ) ) ;
#2106 = CARTESIAN_POINT ( 'NONE',  ( 4.549999999999999822, 3.850000000000000533, 0.000000000000000000 ) ) ;
#2107 = ADVANCED_FACE ( 'NONE', ( #451 ), #1371, .T. ) ;
#2108 = ORIENTED_EDGE ( 'NONE', *, *, #2658, .F. ) ;
#2109 = UNCERTAINTY_MEASURE_WITH_UNIT (LENGTH_MEASURE( 1.000000000000000082E-05 ), #2625, 'distance_accuracy_value', 'NONE');
#2110 =( NAMED_UNIT ( * ) SI_UNIT ( $, .STERADIAN. ) SOLID_ANGLE_UNIT ( ) );
#2111 = PLANE ( 'NONE',  #1113 ) ;
#2112 = CARTESIAN_POINT ( 'NONE',  ( -3.750000000000001776, -11.34999999999999964, 0.4000000000000000222 ) ) ;
#2113 = ORIENTED_EDGE ( 'NONE', *, *, #426, .T. ) ;
#2114 = LINE ( 'NONE', #143, #766 ) ;
#2115 = VERTEX_POINT ( 'NONE', #461 ) ;
#2116 = SURFACE_SIDE_STYLE ('',( #324 ) ) ;
#2117 = LINE ( 'NONE', #295, #2468 ) ;
#2118 = AXIS2_PLACEMENT_3D ( 'NONE', #2491, #34, #1186 ) ;
#2119 = EDGE_CURVE ( 'NONE', #625, #1403, #2263, .T. ) ;
#2120 = FACE_OUTER_BOUND ( 'NONE', #2159, .T. ) ;
#2121 = FILL_AREA_STYLE ('',( #508 ) ) ;
#2122 = ORIENTED_EDGE ( 'NONE', *, *, #256, .F. ) ;
#2123 = AXIS2_PLACEMENT_3D ( 'NONE', #386, #1487, #2820 ) ;
#2124 = STYLED_ITEM ( 'NONE', ( #1832 ), #2056 ) ;
#2125 = ADVANCED_FACE ( 'NONE', ( #573 ), #64, .F. ) ;
#2126 = MECHANICAL_DESIGN_GEOMETRIC_PRESENTATION_REPRESENTATION (  '', ( #2897 ), #489 ) ;
#2127 = STYLED_ITEM ( 'NONE', ( #1036 ), #853 ) ;
#2128 = AXIS2_PLACEMENT_3D ( 'NONE', #467, #2289, #273 ) ;
#2129 = DIRECTION ( 'NONE',  ( -1.000000000000000000, 4.925733949545031524E-16, 0.000000000000000000 ) ) ;
#2130 = CARTESIAN_POINT ( 'NONE',  ( -1.199999999999998179, -4.499999999999999112, -1.900000000000000355 ) ) ;
#2131 = DIRECTION ( 'NONE',  ( 1.000000000000000000, -0.000000000000000000, 0.000000000000000000 ) ) ;
#2132 = VECTOR ( 'NONE', #2059, 1000.000000000000114 ) ;
#2133 = DIRECTION ( 'NONE',  ( 0.000000000000000000, 0.000000000000000000, -1.000000000000000000 ) ) ;
#2134 = CARTESIAN_POINT ( 'NONE',  ( -0.9999999999999983347, -4.349999999999998757, -1.900000000000000355 ) ) ;
#2135 = VERTEX_POINT ( 'NONE', #2373 ) ;
#2136 = VECTOR ( 'NONE', #1161, 1000.000000000000000 ) ;
#2137 = DIRECTION ( 'NONE',  ( 1.000000000000000000, 0.000000000000000000, 0.000000000000000000 ) ) ;
#2138 = VECTOR ( 'NONE', #1676, 1000.000000000000000 ) ;
#2139 = CARTESIAN_POINT ( 'NONE',  ( -1.270710678118653902, -6.771808389832553843, -0.4000000000000004108 ) ) ;
#2140 = FACE_OUTER_BOUND ( 'NONE', #1284, .T. ) ;
#2141 = CARTESIAN_POINT ( 'NONE',  ( 4.000000000000000000, -11.10000000000000142, 0.4000000000000000222 ) ) ;
#2142 = VERTEX_POINT ( 'NONE', #1212 ) ;
#2143 = ADVANCED_FACE ( 'NONE', ( #1669 ), #546, .F. ) ;
#2144 = CARTESIAN_POINT ( 'NONE',  ( -3.621841060262849243, -2.000000000000000000, 0.7999999999999994893 ) ) ;
#2145 = ORIENTED_EDGE ( 'NONE', *, *, #1795, .T. ) ;
#2146 = SURFACE_STYLE_FILL_AREA ( #1337 ) ;
#2147 = ORIENTED_EDGE ( 'NONE', *, *, #1540, .F. ) ;
#2148 = LINE ( 'NONE', #2164, #2622 ) ;
#2149 = SURFACE_SIDE_STYLE ('',( #107 ) ) ;
#2150 = CARTESIAN_POINT ( 'NONE',  ( 0.000000000000000000, 0.000000000000000000, -0.8999999999999995781 ) ) ;
#2151 = ORIENTED_EDGE ( 'NONE', *, *, #638, .T. ) ;
#2152 = EDGE_CURVE ( 'NONE', #2930, #2058, #624, .T. ) ;
#2153 = CARTESIAN_POINT ( 'NONE',  ( 2.649999999999999467, 3.850000000000000533, -1.900000000000000355 ) ) ;
#2154 = EDGE_LOOP ( 'NONE', ( #2145, #2169, #281, #462 ) ) ;
#2155 = CARTESIAN_POINT ( 'NONE',  ( -3.621841060262849243, -2.000000000000000000, 0.8999999999999995781 ) ) ;
#2156 = ORIENTED_EDGE ( 'NONE', *, *, #2119, .F. ) ;
#2157 = ORIENTED_EDGE ( 'NONE', *, *, #469, .T. ) ;
#2158 = FILL_AREA_STYLE ('',( #212 ) ) ;
#2159 = EDGE_LOOP ( 'NONE', ( #2517, #2259, #2888, #493 ) ) ;
#2160 = CARTESIAN_POINT ( 'NONE',  ( -4.549999999999998934, 3.700000000000000178, 0.8999999999999995781 ) ) ;
#2161 = ORIENTED_EDGE ( 'NONE', *, *, #350, .T. ) ;
#2162 = CARTESIAN_POINT ( 'NONE',  ( 4.550000000000000711, 3.700000000000000178, 1.899999999999999467 ) ) ;
#2163 = ORIENTED_EDGE ( 'NONE', *, *, #2191, .T. ) ;
#2164 = CARTESIAN_POINT ( 'NONE',  ( -3.250000000000000000, 3.850000000000000533, -0.4999999999999997780 ) ) ;
#2165 = FILL_AREA_STYLE ('',( #1459 ) ) ;
#2166 = DIRECTION ( 'NONE',  ( -0.000000000000000000, -1.000000000000000000, -0.000000000000000000 ) ) ;
#2167 = EDGE_CURVE ( 'NONE', #2647, #840, #202, .T. ) ;
#2168 = DIRECTION ( 'NONE',  ( 0.000000000000000000, 1.000000000000000000, 0.000000000000000000 ) ) ;
#2169 = ORIENTED_EDGE ( 'NONE', *, *, #1840, .F. ) ;
#2170 = VERTEX_POINT ( 'NONE', #1427 ) ;
#2171 = DIRECTION ( 'NONE',  ( 1.000000000000000000, 0.000000000000000000, 0.000000000000000000 ) ) ;
#2172 = VERTEX_POINT ( 'NONE', #1714 ) ;
#2173 = EDGE_CURVE ( 'NONE', #854, #2432, #1889, .T. ) ;
#2174 = ORIENTED_EDGE ( 'NONE', *, *, #2744, .T. ) ;
#2175 = VECTOR ( 'NONE', #1068, 1000.000000000000000 ) ;
#2176 = CARTESIAN_POINT ( 'NONE',  ( -1.000000000000000000, -11.34999999999999964, -0.1500000000000015210 ) ) ;
#2177 = CARTESIAN_POINT ( 'NONE',  ( 4.550000000000000711, 3.700000000000000178, 0.8999999999999995781 ) ) ;
#2178 = ORIENTED_EDGE ( 'NONE', *, *, #928, .T. ) ;
#2179 = STYLED_ITEM ( 'NONE', ( #2645 ), #587 ) ;
#2180 = UNCERTAINTY_MEASURE_WITH_UNIT (LENGTH_MEASURE( 1.000000000000000082E-05 ), #2778, 'distance_accuracy_value', 'NONE');
#2181 = CARTESIAN_POINT ( 'NONE',  ( -1.199999999999999289, -6.842519067951209344, 0.4000000000000000222 ) ) ;
#2182 = ORIENTED_EDGE ( 'NONE', *, *, #16, .T. ) ;
#2183 = CARTESIAN_POINT ( 'NONE',  ( -3.621841060262849243, 2.000000000000000000, 0.7999999999999994893 ) ) ;
#2184 =( LENGTH_UNIT ( ) NAMED_UNIT ( * ) SI_UNIT ( .MILLI., .METRE. ) );
#2185 = MECHANICAL_DESIGN_GEOMETRIC_PRESENTATION_REPRESENTATION (  '', ( #582 ), #343 ) ;
#2186 = LINE ( 'NONE', #1764, #2893 ) ;
#2187 = LINE ( 'NONE', #1106, #701 ) ;
#2188 = ORIENTED_EDGE ( 'NONE', *, *, #2690, .F. ) ;
#2189 = AXIS2_PLACEMENT_3D ( 'NONE', #2370, #76, #353 ) ;
#2190 = COLOUR_RGB ( '',0.6666666666666666297, 0.6980392156862744724, 0.7686274509803920907 ) ;
#2191 = EDGE_CURVE ( 'NONE', #1234, #2495, #1936, .T. ) ;
#2192 = DIRECTION ( 'NONE',  ( 1.000000000000000000, 0.000000000000000000, 0.000000000000000000 ) ) ;
#2193 = EDGE_LOOP ( 'NONE', ( #631, #1911, #1493, #823 ) ) ;
#2194 = VECTOR ( 'NONE', #784, 1000.000000000000000 ) ;
#2195 = PRESENTATION_LAYER_ASSIGNMENT (  '', '', ( #2902 ) ) ;
#2196 =( NAMED_UNIT ( * ) PLANE_ANGLE_UNIT ( ) SI_UNIT ( $, .RADIAN. ) );
#2197 = LINE ( 'NONE', #410, #1110 ) ;
#2198 = AXIS2_PLACEMENT_3D ( 'NONE', #496, #2534, #1192 ) ;
#2199 = VECTOR ( 'NONE', #1467, 1000.000000000000000 ) ;
#2200 = FILL_AREA_STYLE ('',( #395 ) ) ;
#2201 = ORIENTED_EDGE ( 'NONE', *, *, #2431, .F. ) ;
#2202 = AXIS2_PLACEMENT_3D ( 'NONE', #1266, #1736, #2171 ) ;
#2203 = CARTESIAN_POINT ( 'NONE',  ( 2.549999999999999378, 3.700000000000000178, 0.8999999999999995781 ) ) ;
#2204 = CARTESIAN_POINT ( 'NONE',  ( 3.250000000000000000, 3.950000000000000178, -0.5000000000000005551 ) ) ;
#2205 = CARTESIAN_POINT ( 'NONE',  ( 2.549999999999999378, -3.950000000000000178, 0.8999999999999995781 ) ) ;
#2206 = ORIENTED_EDGE ( 'NONE', *, *, #457, .T. ) ;
#2207 = DIRECTION ( 'NONE',  ( -0.000000000000000000, -0.000000000000000000, 1.000000000000000000 ) ) ;
#2208 = ORIENTED_EDGE ( 'NONE', *, *, #1262, .F. ) ;
#2209 = CARTESIAN_POINT ( 'NONE',  ( -4.549999999999998934, 3.950000000000000178, 1.899999999999999467 ) ) ;
#2210 = CARTESIAN_POINT ( 'NONE',  ( -2.549999999999998490, -3.950000000000000178, -0.8999999999999995781 ) ) ;
#2211 = ORIENTED_EDGE ( 'NONE', *, *, #1596, .F. ) ;
#2212 = FACE_OUTER_BOUND ( 'NONE', #1047, .T. ) ;
#2213 = DIRECTION ( 'NONE',  ( -0.000000000000000000, -0.000000000000000000, -1.000000000000000000 ) ) ;
#2214 = EDGE_CURVE ( 'NONE', #1658, #854, #78, .T. ) ;
#2215 = FILL_AREA_STYLE ('',( #1502 ) ) ;
#2216 = ADVANCED_FACE ( 'NONE', ( #723, #771, #2312 ), #1000, .T. ) ;
#2217 = DIRECTION ( 'NONE',  ( 1.133806193448893442E-16, 1.000000000000000000, 0.000000000000000000 ) ) ;
#2218 = VERTEX_POINT ( 'NONE', #2601 ) ;
#2219 = CARTESIAN_POINT ( 'NONE',  ( -1.199999999999995959, 5.910880739454017910E-16, -0.4000000000000000222 ) ) ;
#2220 = LINE ( 'NONE', #191, #1107 ) ;
#2221 = CARTESIAN_POINT ( 'NONE',  ( 3.621841060262851020, -2.000000000000000000, 0.8999999999999995781 ) ) ;
#2222 = CARTESIAN_POINT ( 'NONE',  ( 3.621841060262851020, -2.000000000000000000, -0.7999999999999994893 ) ) ;
#2223 = DIRECTION ( 'NONE',  ( 0.000000000000000000, 0.000000000000000000, 1.000000000000000000 ) ) ;
#2224 = SURFACE_SIDE_STYLE ('',( #196 ) ) ;
#2225 = ORIENTED_EDGE ( 'NONE', *, *, #2915, .F. ) ;
#2226 =( NAMED_UNIT ( * ) SI_UNIT ( $, .STERADIAN. ) SOLID_ANGLE_UNIT ( ) );
#2227 = EDGE_CURVE ( 'NONE', #1342, #214, #2317, .T. ) ;
#2228 = LINE ( 'NONE', #240, #481 ) ;
#2229 = CARTESIAN_POINT ( 'NONE',  ( 2.549999999999999378, 3.700000000000000178, 0.8999999999999995781 ) ) ;
#2230 = DIRECTION ( 'NONE',  ( -0.000000000000000000, 1.000000000000000000, -0.000000000000000000 ) ) ;
#2231 = ORIENTED_EDGE ( 'NONE', *, *, #120, .T. ) ;
#2232 = EDGE_CURVE ( 'NONE', #455, #1027, #1265, .T. ) ;
#2233 = SURFACE_STYLE_USAGE ( .BOTH. , #1993 ) ;
#2234 = PRESENTATION_LAYER_ASSIGNMENT (  '', '', ( #1995 ) ) ;
#2235 = CARTESIAN_POINT ( 'NONE',  ( 3.121841060262850132, -2.000000000000000000, 0.8999999999999995781 ) ) ;
#2236 = AXIS2_PLACEMENT_3D ( 'NONE', #115, #1126, #2460 ) ;
#2237 = DIRECTION ( 'NONE',  ( -0.7071067811865425767, 0.7071067811865524577, 0.000000000000000000 ) ) ;
#2238 = VECTOR ( 'NONE', #1672, 1000.000000000000000 ) ;
#2239 =( GEOMETRIC_REPRESENTATION_CONTEXT ( 3 ) GLOBAL_UNCERTAINTY_ASSIGNED_CONTEXT ( ( #782 ) ) GLOBAL_UNIT_ASSIGNED_CONTEXT ( ( #2686, #1508, #1320 ) ) REPRESENTATION_CONTEXT ( 'NONE', 'WORKASPACE' ) );
#2240 = FACE_OUTER_BOUND ( 'NONE', #2756, .T. ) ;
#2241 = VERTEX_POINT ( 'NONE', #2340 ) ;
#2242 = AXIS2_PLACEMENT_3D ( 'NONE', #1035, #1209, #1933 ) ;
#2243 = CIRCLE ( 'NONE', #252, 0.5000000000000004441 ) ;
#2244 = AXIS2_PLACEMENT_3D ( 'NONE', #702, #2129, #2337 ) ;
#2245 = EDGE_LOOP ( 'NONE', ( #899, #1033, #781, #359 ) ) ;
#2246 = COLOUR_RGB ( '',0.6666666666666666297, 0.6980392156862744724, 0.7686274509803920907 ) ;
#2247 = LINE ( 'NONE', #2057, #2322 ) ;
#2248 = ORIENTED_EDGE ( 'NONE', *, *, #937, .F. ) ;
#2249 = CARTESIAN_POINT ( 'NONE',  ( 1.000000000000000000, -4.349999999999998757, -0.4000000000000004108 ) ) ;
#2250 = DIRECTION ( 'NONE',  ( 1.000000000000000000, 0.000000000000000000, 0.000000000000000000 ) ) ;
#2251 = CIRCLE ( 'NONE', #2438, 0.5000000000000004441 ) ;
#2252 = DIRECTION ( 'NONE',  ( 0.5773502691896245098, -0.5773502691896285066, 0.5773502691896245098 ) ) ;
#2253 = VERTEX_POINT ( 'NONE', #125 ) ;
#2254 = EDGE_CURVE ( 'NONE', #2873, #2743, #321, .T. ) ;
#2255 = ORIENTED_EDGE ( 'NONE', *, *, #1623, .T. ) ;
#2256 = ORIENTED_EDGE ( 'NONE', *, *, #1037, .T. ) ;
#2257 = PLANE ( 'NONE',  #875 ) ;
#2258 = DIRECTION ( 'NONE',  ( -0.000000000000000000, -0.000000000000000000, 1.000000000000000000 ) ) ;
#2259 = ORIENTED_EDGE ( 'NONE', *, *, #1661, .T. ) ;
#2260 = CARTESIAN_POINT ( 'NONE',  ( -4.549999999999998934, 3.700000000000000178, -0.8999999999999995781 ) ) ;
#2261 = LINE ( 'NONE', #234, #2572 ) ;
#2262 = ADVANCED_FACE ( 'NONE', ( #2537 ), #1701, .T. ) ;
#2263 = LINE ( 'NONE', #1906, #2894 ) ;
#2264 = EDGE_CURVE ( 'NONE', #1194, #2663, #1244, .T. ) ;
#2265 = EDGE_LOOP ( 'NONE', ( #984, #1754, #765, #1354 ) ) ;
#2266 = LINE ( 'NONE', #50, #285 ) ;
#2267 = ORIENTED_EDGE ( 'NONE', *, *, #2167, .F. ) ;
#2268 = PLANE ( 'NONE',  #2287 ) ;
#2269 = FACE_OUTER_BOUND ( 'NONE', #1470, .T. ) ;
#2270 = ORIENTED_EDGE ( 'NONE', *, *, #600, .T. ) ;
#2271 = DIRECTION ( 'NONE',  ( -0.000000000000000000, -0.000000000000000000, 1.000000000000000000 ) ) ;
#2272 = LINE ( 'NONE', #598, #909 ) ;
#2273 = CARTESIAN_POINT ( 'NONE',  ( 2.549999999999999378, 3.700000000000000178, -0.8999999999999995781 ) ) ;
#2274 = ADVANCED_FACE ( 'NONE', ( #1924 ), #2822, .F. ) ;
#2275 =( GEOMETRIC_REPRESENTATION_CONTEXT ( 3 ) GLOBAL_UNCERTAINTY_ASSIGNED_CONTEXT ( ( #503 ) ) GLOBAL_UNIT_ASSIGNED_CONTEXT ( ( #856, #1969, #2000 ) ) REPRESENTATION_CONTEXT ( 'NONE', 'WORKASPACE' ) );
#2276 = AXIS2_PLACEMENT_3D ( 'NONE', #619, #1300, #1122 ) ;
#2277 = ORIENTED_EDGE ( 'NONE', *, *, #2733, .F. ) ;
#2278 = VECTOR ( 'NONE', #757, 1000.000000000000000 ) ;
#2279 = ADVANCED_FACE ( 'NONE', ( #1196 ), #1981, .F. ) ;
#2280 = VECTOR ( 'NONE', #1413, 1000.000000000000000 ) ;
#2281 = VECTOR ( 'NONE', #158, 1000.000000000000000 ) ;
#2282 = VECTOR ( 'NONE', #2217, 1000.000000000000000 ) ;
#2283 = AXIS2_PLACEMENT_3D ( 'NONE', #1586, #2223, #919 ) ;
#2284 = DIRECTION ( 'NONE',  ( -0.000000000000000000, -0.000000000000000000, 1.000000000000000000 ) ) ;
#2285 = LINE ( 'NONE', #2738, #1159 ) ;
#2286 = VERTEX_POINT ( 'NONE', #141 ) ;
#2287 = AXIS2_PLACEMENT_3D ( 'NONE', #13, #1813, #1986 ) ;
#2288 = AXIS2_PLACEMENT_3D ( 'NONE', #2383, #778, #1690 ) ;
#2289 = DIRECTION ( 'NONE',  ( -0.000000000000000000, -0.000000000000000000, 1.000000000000000000 ) ) ;
#2290 = CARTESIAN_POINT ( 'NONE',  ( 4.549999999999999822, 3.850000000000000533, 1.899999999999999467 ) ) ;
#2291 = ORIENTED_EDGE ( 'NONE', *, *, #937, .T. ) ;
#2292 = ADVANCED_FACE ( 'NONE', ( #1326 ), #1350, .T. ) ;
#2293 = ORIENTED_EDGE ( 'NONE', *, *, #1971, .F. ) ;
#2294 = CARTESIAN_POINT ( 'NONE',  ( 0.6999999999999951816, -10.60000000000000320, -0.9000000000000045741 ) ) ;
#2295 = ORIENTED_EDGE ( 'NONE', *, *, #2367, .T. ) ;
#2296 = EDGE_CURVE ( 'NONE', #389, #1727, #636, .T. ) ;
#2297 = DIRECTION ( 'NONE',  ( -0.000000000000000000, 1.000000000000000000, -0.000000000000000000 ) ) ;
#2298 = CARTESIAN_POINT ( 'NONE',  ( -1.199999999999999289, -6.842519067951209344, -1.900000000000000355 ) ) ;
#2299 = ORIENTED_EDGE ( 'NONE', *, *, #2022, .F. ) ;
#2300 = FACE_OUTER_BOUND ( 'NONE', #409, .T. ) ;
#2301 = ORIENTED_EDGE ( 'NONE', *, *, #1405, .F. ) ;
#2302 = PLANE ( 'NONE',  #2118 ) ;
#2303 = DIRECTION ( 'NONE',  ( -0.7999999999999999334, 0.6000000000000001998, 0.000000000000000000 ) ) ;
#2304 = DIRECTION ( 'NONE',  ( -1.000000000000000000, -0.000000000000000000, -0.000000000000000000 ) ) ;
#2305 = CARTESIAN_POINT ( 'NONE',  ( -3.621841060262849243, 2.000000000000000000, 0.8999999999999995781 ) ) ;
#2306 =( NAMED_UNIT ( * ) PLANE_ANGLE_UNIT ( ) SI_UNIT ( $, .RADIAN. ) );
#2307 = ORIENTED_EDGE ( 'NONE', *, *, #1389, .T. ) ;
#2308 = EDGE_CURVE ( 'NONE', #2490, #2737, #2187, .T. ) ;
#2309 = ORIENTED_EDGE ( 'NONE', *, *, #1613, .T. ) ;
#2310 = CYLINDRICAL_SURFACE ( 'NONE', #2198, 0.5000000000000004441 ) ;
#2311 = ORIENTED_EDGE ( 'NONE', *, *, #387, .F. ) ;
#2312 = FACE_OUTER_BOUND ( 'NONE', #216, .T. ) ;
#2313 = ORIENTED_EDGE ( 'NONE', *, *, #2411, .T. ) ;
#2314 = CARTESIAN_POINT ( 'NONE',  ( 3.121841060262850132, -2.000000000000000000, 0.7999999999999994893 ) ) ;
#2315 = DIRECTION ( 'NONE',  ( 6.847592668329502052E-16, 0.000000000000000000, 1.000000000000000000 ) ) ;
#2316 = VECTOR ( 'NONE', #2213, 1000.000000000000000 ) ;
#2317 = CIRCLE ( 'NONE', #529, 0.5000000000000004441 ) ;
#2318 = SURFACE_STYLE_FILL_AREA ( #517 ) ;
#2319 = MECHANICAL_DESIGN_GEOMETRIC_PRESENTATION_REPRESENTATION (  '', ( #669 ), #2513 ) ;
#2320 = EDGE_LOOP ( 'NONE', ( #687, #220 ) ) ;
#2321 = VECTOR ( 'NONE', #1132, 1000.000000000000000 ) ;
#2322 = VECTOR ( 'NONE', #2719, 1000.000000000000000 ) ;
#2323 = DIRECTION ( 'NONE',  ( -1.000000000000000000, 0.000000000000000000, 0.000000000000000000 ) ) ;
#2324 = CARTESIAN_POINT ( 'NONE',  ( -1.200000000000000178, -11.34999999999999964, -1.900000000000000355 ) ) ;
#2325 = LINE ( 'NONE', #2130, #297 ) ;
#2326 = AXIS2_PLACEMENT_3D ( 'NONE', #2831, #2389, #1726 ) ;
#2327 = VERTEX_POINT ( 'NONE', #839 ) ;
#2328 = CARTESIAN_POINT ( 'NONE',  ( -2.549999999999997602, 3.700000000000000178, 0.8999999999999995781 ) ) ;
#2329 = EDGE_CURVE ( 'NONE', #1976, #2739, #1794, .T. ) ;
#2330 = CARTESIAN_POINT ( 'NONE',  ( 2.550000000000000266, -3.950000000000000178, -0.8999999999999995781 ) ) ;
#2331 = EDGE_LOOP ( 'NONE', ( #1863, #2654, #2064, #795 ) ) ;
#2332 = UNCERTAINTY_MEASURE_WITH_UNIT (LENGTH_MEASURE( 1.000000000000000082E-05 ), #1808, 'distance_accuracy_value', 'NONE');
#2333 = SURFACE_STYLE_USAGE ( .BOTH. , #2812 ) ;
#2334 = DIRECTION ( 'NONE',  ( -0.000000000000000000, 0.000000000000000000, 1.000000000000000000 ) ) ;
#2335 = FILL_AREA_STYLE_COLOUR ( '', #1116 ) ;
#2336 = ORIENTED_EDGE ( 'NONE', *, *, #457, .F. ) ;
#2337 = DIRECTION ( 'NONE',  ( -4.925733949545031524E-16, -1.000000000000000000, 0.000000000000000000 ) ) ;
#2338 =( LENGTH_UNIT ( ) NAMED_UNIT ( * ) SI_UNIT ( .MILLI., .METRE. ) );
#2339 = DIRECTION ( 'NONE',  ( 0.000000000000000000, 0.000000000000000000, 1.000000000000000000 ) ) ;
#2340 = CARTESIAN_POINT ( 'NONE',  ( 1.200000000000000622, -6.701097711713900118, -0.4000000000000004108 ) ) ;
#2341 = ORIENTED_EDGE ( 'NONE', *, *, #2866, .F. ) ;
#2342 = EDGE_CURVE ( 'NONE', #1625, #972, #429, .T. ) ;
#2343 = LINE ( 'NONE', #2839, #494 ) ;
#2344 = VERTEX_POINT ( 'NONE', #1765 ) ;
#2345 = DIRECTION ( 'NONE',  ( 0.000000000000000000, -0.000000000000000000, 1.000000000000000000 ) ) ;
#2346 = FACE_OUTER_BOUND ( 'NONE', #1383, .T. ) ;
#2347 = SURFACE_STYLE_FILL_AREA ( #1914 ) ;
#2348 = EDGE_CURVE ( 'NONE', #1450, #881, #2836, .T. ) ;
#2349 = FILL_AREA_STYLE ('',( #346 ) ) ;
#2350 = DIRECTION ( 'NONE',  ( -0.000000000000000000, 1.000000000000000000, 0.000000000000000000 ) ) ;
#2351 = ORIENTED_EDGE ( 'NONE', *, *, #1391, .F. ) ;
#2352 = PRODUCT_DEFINITION_CONTEXT ( 'detailed design', #1211, 'design' ) ;
#2353 = VERTEX_POINT ( 'NONE', #194 ) ;
#2354 =( NAMED_UNIT ( * ) SI_UNIT ( $, .STERADIAN. ) SOLID_ANGLE_UNIT ( ) );
#2355 = CARTESIAN_POINT ( 'NONE',  ( 0.000000000000000000, 3.850000000000000533, 0.000000000000000000 ) ) ;
#2356 = DIRECTION ( 'NONE',  ( -0.000000000000000000, 1.000000000000000000, -0.000000000000000000 ) ) ;
#2357 = ORIENTED_EDGE ( 'NONE', *, *, #2191, .F. ) ;
#2358 = DIRECTION ( 'NONE',  ( -0.000000000000000000, -0.000000000000000000, 1.000000000000000000 ) ) ;
#2359 = ORIENTED_EDGE ( 'NONE', *, *, #960, .F. ) ;
#2360 = ADVANCED_FACE ( 'NONE', ( #2657 ), #645, .F. ) ;
#2361 = DIRECTION ( 'NONE',  ( -1.000000000000000000, 0.000000000000000000, 0.000000000000000000 ) ) ;
#2362 = CARTESIAN_POINT ( 'NONE',  ( 4.550000000000000711, 3.700000000000000178, -0.8999999999999995781 ) ) ;
#2363 = CARTESIAN_POINT ( 'NONE',  ( 4.550000000000000711, 3.700000000000000178, -0.8999999999999995781 ) ) ;
#2364 = ORIENTED_EDGE ( 'NONE', *, *, #2704, .T. ) ;
#2365 = CARTESIAN_POINT ( 'NONE',  ( 4.549999999999999822, 3.950000000000000178, -1.900000000000000355 ) ) ;
#2366 =( GEOMETRIC_REPRESENTATION_CONTEXT ( 3 ) GLOBAL_UNCERTAINTY_ASSIGNED_CONTEXT ( ( #1868 ) ) GLOBAL_UNIT_ASSIGNED_CONTEXT ( ( #1860, #1408, #538 ) ) REPRESENTATION_CONTEXT ( 'NONE', 'WORKASPACE' ) );
#2367 = EDGE_CURVE ( 'NONE', #2435, #1374, #1191, .T. ) ;
#2368 = CARTESIAN_POINT ( 'NONE',  ( 4.021259533975597655, -4.021259533975646505, -0.4000000000000000222 ) ) ;
#2369 = ORIENTED_EDGE ( 'NONE', *, *, #2232, .F. ) ;
#2370 = CARTESIAN_POINT ( 'NONE',  ( -3.621841060262849243, 2.000000000000000000, 0.7999999999999994893 ) ) ;
#2371 = CIRCLE ( 'NONE', #2478, 0.5000000000000004441 ) ;
#2372 = SURFACE_SIDE_STYLE ('',( #1485 ) ) ;
#2373 = CARTESIAN_POINT ( 'NONE',  ( 2.549999999999999378, 3.700000000000000178, -0.8999999999999995781 ) ) ;
#2374 = ORIENTED_EDGE ( 'NONE', *, *, #1213, .F. ) ;
#2375 = CIRCLE ( 'NONE', #1121, 0.5000000000000004441 ) ;
#2376 =( GEOMETRIC_REPRESENTATION_CONTEXT ( 3 ) GLOBAL_UNCERTAINTY_ASSIGNED_CONTEXT ( ( #319 ) ) GLOBAL_UNIT_ASSIGNED_CONTEXT ( ( #2450, #1787, #2226 ) ) REPRESENTATION_CONTEXT ( 'NONE', 'WORKASPACE' ) );
#2377 = DIRECTION ( 'NONE',  ( -1.000000000000000000, 0.000000000000000000, 0.000000000000000000 ) ) ;
#2378 = ORIENTED_EDGE ( 'NONE', *, *, #2632, .F. ) ;
#2379 = STYLED_ITEM ( 'NONE', ( #2794 ), #1989 ) ;
#2380 = LINE ( 'NONE', #2314, #1305 ) ;
#2381 = CARTESIAN_POINT ( 'NONE',  ( -2.549999999999997602, 3.700000000000000178, 0.8999999999999995781 ) ) ;
#2382 = VERTEX_POINT ( 'NONE', #2060 ) ;
#2383 = CARTESIAN_POINT ( 'NONE',  ( 3.621841060262851020, -2.000000000000000000, -0.7999999999999994893 ) ) ;
#2384 = EDGE_LOOP ( 'NONE', ( #2714, #518, #623, #2472 ) ) ;
#2385 = LINE ( 'NONE', #1253, #2049 ) ;
#2386 = DIRECTION ( 'NONE',  ( -0.7071067811865500152, 0.7071067811865451302, 0.000000000000000000 ) ) ;
#2387 = ORIENTED_EDGE ( 'NONE', *, *, #1576, .T. ) ;
#2388 = EDGE_CURVE ( 'NONE', #282, #1656, #703, .T. ) ;
#2389 = DIRECTION ( 'NONE',  ( -0.000000000000000000, 0.000000000000000000, 1.000000000000000000 ) ) ;
#2390 = EDGE_LOOP ( 'NONE', ( #1521, #939, #1222, #2837 ) ) ;
#2391 = ORIENTED_EDGE ( 'NONE', *, *, #186, .T. ) ;
#2392 = DIRECTION ( 'NONE',  ( 0.000000000000000000, 0.000000000000000000, 1.000000000000000000 ) ) ;
#2393 = EDGE_CURVE ( 'NONE', #2058, #1678, #1830, .T. ) ;
#2394 = CARTESIAN_POINT ( 'NONE',  ( -4.121841060262849687, 2.000000000000000000, 0.8999999999999995781 ) ) ;
#2395 = FACE_OUTER_BOUND ( 'NONE', #1745, .T. ) ;
#2396 = EDGE_LOOP ( 'NONE', ( #329, #608 ) ) ;
#2397 = LINE ( 'NONE', #2153, #2485 ) ;
#2398 = EDGE_LOOP ( 'NONE', ( #515, #1321, #2578, #199, #362, #2519, #2309, #700, #651, #2336, #2811, #383 ) ) ;
#2399 = VERTEX_POINT ( 'NONE', #693 ) ;
#2400 = SURFACE_STYLE_USAGE ( .BOTH. , #1721 ) ;
#2401 = PRESENTATION_STYLE_ASSIGNMENT (( #378 ) ) ;
#2402 = VERTEX_POINT ( 'NONE', #2010 ) ;
#2403 = CARTESIAN_POINT ( 'NONE',  ( 3.250000000000000000, 3.850000000000000533, -0.5000000000000005551 ) ) ;
#2404 = DIRECTION ( 'NONE',  ( -0.000000000000000000, -0.000000000000000000, -1.000000000000000000 ) ) ;
#2405 = CARTESIAN_POINT ( 'NONE',  ( -1.199999999999997735, -4.499999999999999112, -0.4000000000000000222 ) ) ;
#2406 = VERTEX_POINT ( 'NONE', #1133 ) ;
#2407 = EDGE_CURVE ( 'NONE', #1386, #1976, #223, .T. ) ;
#2408 = PLANE ( 'NONE',  #1593 ) ;
#2409 = ORIENTED_EDGE ( 'NONE', *, *, #29, .F. ) ;
#2410 = DIRECTION ( 'NONE',  ( 0.000000000000000000, 0.000000000000000000, 1.000000000000000000 ) ) ;
#2411 = EDGE_CURVE ( 'NONE', #1462, #1189, #2713, .T. ) ;
#2412 = ORIENTED_EDGE ( 'NONE', *, *, #725, .T. ) ;
#2413 = VERTEX_POINT ( 'NONE', #2469 ) ;
#2414 = DIRECTION ( 'NONE',  ( 0.000000000000000000, 0.000000000000000000, 1.000000000000000000 ) ) ;
#2415 = ORIENTED_EDGE ( 'NONE', *, *, #2735, .T. ) ;
#2416 = DIRECTION ( 'NONE',  ( -0.000000000000000000, -0.000000000000000000, 1.000000000000000000 ) ) ;
#2417 = DIRECTION ( 'NONE',  ( 0.000000000000000000, 0.000000000000000000, 1.000000000000000000 ) ) ;
#2418 = EDGE_LOOP ( 'NONE', ( #1568, #2163, #448, #2732, #1131, #2378, #603, #432, #1704, #616, #1291, #1423 ) ) ;
#2419 = MECHANICAL_DESIGN_GEOMETRIC_PRESENTATION_REPRESENTATION (  '', ( #944 ), #1629 ) ;
#2420 = CARTESIAN_POINT ( 'NONE',  ( -2.549999999999997602, 3.700000000000000178, 0.8999999999999995781 ) ) ;
#2421 = ORIENTED_EDGE ( 'NONE', *, *, #1544, .T. ) ;
#2422 = DIRECTION ( 'NONE',  ( -0.000000000000000000, 1.000000000000000000, -0.000000000000000000 ) ) ;
#2423 = ORIENTED_EDGE ( 'NONE', *, *, #2448, .T. ) ;
#2424 = DIRECTION ( 'NONE',  ( -1.000000000000000000, 0.000000000000000000, 0.000000000000000000 ) ) ;
#2425 = MECHANICAL_DESIGN_GEOMETRIC_PRESENTATION_REPRESENTATION (  '', ( #1241 ), #664 ) ;
#2426 = ORIENTED_EDGE ( 'NONE', *, *, #1438, .F. ) ;
#2427 = VECTOR ( 'NONE', #2444, 1000.000000000000114 ) ;
#2428 = AXIS2_PLACEMENT_3D ( 'NONE', #406, #2168, #2900 ) ;
#2429 = VECTOR ( 'NONE', #1084, 1000.000000000000000 ) ;
#2430 = CARTESIAN_POINT ( 'NONE',  ( 1.199999999999998623, 3.546528443672417846E-16, -0.4000000000000000222 ) ) ;
#2431 = EDGE_CURVE ( 'NONE', #1017, #1625, #1170, .T. ) ;
#2432 = VERTEX_POINT ( 'NONE', #480 ) ;
#2433 = AXIS2_PLACEMENT_3D ( 'NONE', #1032, #2422, #400 ) ;
#2434 = VECTOR ( 'NONE', #465, 1000.000000000000000 ) ;
#2435 = VERTEX_POINT ( 'NONE', #2031 ) ;
#2436 = COLOUR_RGB ( '',0.6666666666666666297, 0.6980392156862744724, 0.7686274509803920907 ) ;
#2437 = EDGE_CURVE ( 'NONE', #2921, #2557, #1412, .T. ) ;
#2438 = AXIS2_PLACEMENT_3D ( 'NONE', #610, #390, #422 ) ;
#2439 = DIRECTION ( 'NONE',  ( 0.7071067811865519026, 0.7071067811865431318, 0.000000000000000000 ) ) ;
#2440 = ORIENTED_EDGE ( 'NONE', *, *, #1086, .T. ) ;
#2441 = VECTOR ( 'NONE', #2877, 1000.000000000000000 ) ;
#2442 = CARTESIAN_POINT ( 'NONE',  ( 1.270710678118655013, -6.771808389832554731, -1.900000000000000355 ) ) ;
#2443 = CARTESIAN_POINT ( 'NONE',  ( 2.649999999999999467, 3.850000000000000533, 2.117582368135750848E-19 ) ) ;
#2444 = DIRECTION ( 'NONE',  ( 0.7071067811865519026, 0.7071067811865431318, 0.000000000000000000 ) ) ;
#2445 =( LENGTH_UNIT ( ) NAMED_UNIT ( * ) SI_UNIT ( .MILLI., .METRE. ) );
#2446 = PRODUCT_CONTEXT ( 'NONE', #609, 'mechanical' ) ;
#2447 = SURFACE_STYLE_USAGE ( .BOTH. , #1561 ) ;
#2448 = EDGE_CURVE ( 'NONE', #1743, #1723, #2913, .T. ) ;
#2449 = ORIENTED_EDGE ( 'NONE', *, *, #1376, .F. ) ;
#2450 =( LENGTH_UNIT ( ) NAMED_UNIT ( * ) SI_UNIT ( .MILLI., .METRE. ) );
#2451 = ADVANCED_FACE ( 'NONE', ( #1157 ), #2699, .T. ) ;
#2452 = ORIENTED_EDGE ( 'NONE', *, *, #1627, .F. ) ;
#2453 =( LENGTH_UNIT ( ) NAMED_UNIT ( * ) SI_UNIT ( .MILLI., .METRE. ) );
#2454 = DIRECTION ( 'NONE',  ( 0.000000000000000000, 0.000000000000000000, 1.000000000000000000 ) ) ;
#2455 = LINE ( 'NONE', #2575, #2199 ) ;
#2456 = EDGE_LOOP ( 'NONE', ( #1044, #2291, #173, #2646 ) ) ;
#2457 = SURFACE_STYLE_USAGE ( .BOTH. , #848 ) ;
#2458 = PRESENTATION_STYLE_ASSIGNMENT (( #827 ) ) ;
#2459 = DIRECTION ( 'NONE',  ( -0.000000000000000000, -0.000000000000000000, -1.000000000000000000 ) ) ;
#2460 = DIRECTION ( 'NONE',  ( 0.000000000000000000, 0.000000000000000000, -1.000000000000000000 ) ) ;
#2461 = DIRECTION ( 'NONE',  ( 1.000000000000000000, 0.000000000000000000, -0.000000000000000000 ) ) ;
#2462 = EDGE_LOOP ( 'NONE', ( #510, #1481, #1821, #59 ) ) ;
#2463 = FILL_AREA_STYLE ('',( #218 ) ) ;
#2464 = DIRECTION ( 'NONE',  ( -0.000000000000000000, 1.000000000000000000, -0.000000000000000000 ) ) ;
#2465 = ORIENTED_EDGE ( 'NONE', *, *, #1956, .T. ) ;
#2466 = MECHANICAL_DESIGN_GEOMETRIC_PRESENTATION_REPRESENTATION (  '', ( #2841 ), #572 ) ;
#2467 = ADVANCED_FACE ( 'NONE', ( #684 ), #28, .F. ) ;
#2468 = VECTOR ( 'NONE', #1203, 1000.000000000000000 ) ;
#2469 = CARTESIAN_POINT ( 'NONE',  ( -1.749999999999999778, 3.850000000000000533, -0.5000000000000000000 ) ) ;
#2470 = AXIS2_PLACEMENT_3D ( 'NONE', #1377, #246, #2708 ) ;
#2471 = PLANE ( 'NONE',  #1325 ) ;
#2472 = ORIENTED_EDGE ( 'NONE', *, *, #1716, .F. ) ;
#2473 = CARTESIAN_POINT ( 'NONE',  ( 4.000000000000000000, -3.950000000000000178, 0.4000000000000000222 ) ) ;
#2474 = DIRECTION ( 'NONE',  ( -1.000000000000000000, 0.000000000000000000, 0.000000000000000000 ) ) ;
#2475 = CARTESIAN_POINT ( 'NONE',  ( 1.750000000000000222, 3.850000000000000533, -0.5000000000000004441 ) ) ;
#2476 = VECTOR ( 'NONE', #2252, 1000.000000000000114 ) ;
#2477 = ORIENTED_EDGE ( 'NONE', *, *, #1504, .T. ) ;
#2478 = AXIS2_PLACEMENT_3D ( 'NONE', #259, #243, #2721 ) ;
#2479 = VECTOR ( 'NONE', #1034, 1000.000000000000000 ) ;
#2480 = CIRCLE ( 'NONE', #1200, 1.900000000000000133 ) ;
#2481 = ORIENTED_EDGE ( 'NONE', *, *, #739, .F. ) ;
#2482 = PLANE ( 'NONE',  #1954 ) ;
#2483 = ORIENTED_EDGE ( 'NONE', *, *, #1923, .T. ) ;
#2484 = EDGE_CURVE ( 'NONE', #271, #2871, #2797, .T. ) ;
#2485 = VECTOR ( 'NONE', #127, 1000.000000000000000 ) ;
#2486 = DIRECTION ( 'NONE',  ( 0.000000000000000000, 1.000000000000000000, -0.000000000000000000 ) ) ;
#2487 = EDGE_CURVE ( 'NONE', #2853, #880, #249, .T. ) ;
#2488 = DIRECTION ( 'NONE',  ( 0.5773502691896285066, 0.5773502691896204020, -0.5773502691896285066 ) ) ;
#2489 = SURFACE_STYLE_FILL_AREA ( #483 ) ;
#2490 = VERTEX_POINT ( 'NONE', #2505 ) ;
#2491 = CARTESIAN_POINT ( 'NONE',  ( -1.270710678118653902, -6.771808389832553843, -1.900000000000000355 ) ) ;
#2492 = EDGE_LOOP ( 'NONE', ( #2351, #1902, #562, #2727, #1331, #2862, #2053, #2301, #2817 ) ) ;
#2493 = DIRECTION ( 'NONE',  ( 0.000000000000000000, 0.000000000000000000, 1.000000000000000000 ) ) ;
#2494 = CARTESIAN_POINT ( 'NONE',  ( -2.549999999999997602, 3.700000000000000178, -1.899999999999999467 ) ) ;
#2495 = VERTEX_POINT ( 'NONE', #444 ) ;
#2496 = LINE ( 'NONE', #1570, #905 ) ;
#2497 = EDGE_CURVE ( 'NONE', #2739, #2743, #1367, .T. ) ;
#2498 = CARTESIAN_POINT ( 'NONE',  ( -3.121841060262848799, 2.000000000000000000, -0.7999999999999994893 ) ) ;
#2499 = ORIENTED_EDGE ( 'NONE', *, *, #2749, .F. ) ;
#2500 = FILL_AREA_STYLE_COLOUR ( '', #2707 ) ;
#2501 = CARTESIAN_POINT ( 'NONE',  ( -1.449999999999998623, -11.34999999999999964, -0.1500000000000015210 ) ) ;
#2502 = ORIENTED_EDGE ( 'NONE', *, *, #1213, .T. ) ;
#2503 = CARTESIAN_POINT ( 'NONE',  ( -2.549999999999998490, -3.950000000000000178, 0.8999999999999995781 ) ) ;
#2504 = ORIENTED_EDGE ( 'NONE', *, *, #372, .T. ) ;
#2505 = CARTESIAN_POINT ( 'NONE',  ( 1.000000000000000000, -3.950000000000000178, 0.4000000000000000222 ) ) ;
#2506 = AXIS2_PLACEMENT_3D ( 'NONE', #2381, #81, #2790 ) ;
#2507 = PLANE ( 'NONE',  #44 ) ;
#2508 = LINE ( 'NONE', #1819, #1242 ) ;
#2509 = ADVANCED_FACE ( 'NONE', ( #260 ), #1598, .F. ) ;
#2510 = CARTESIAN_POINT ( 'NONE',  ( 1.750000000000000222, 3.950000000000000178, -0.5000000000000004441 ) ) ;
#2511 = ORIENTED_EDGE ( 'NONE', *, *, #2038, .F. ) ;
#2512 = VECTOR ( 'NONE', #981, 1000.000000000000000 ) ;
#2513 =( GEOMETRIC_REPRESENTATION_CONTEXT ( 3 ) GLOBAL_UNCERTAINTY_ASSIGNED_CONTEXT ( ( #1457 ) ) GLOBAL_UNIT_ASSIGNED_CONTEXT ( ( #2073, #1681, #2354 ) ) REPRESENTATION_CONTEXT ( 'NONE', 'WORKASPACE' ) );
#2514 = CIRCLE ( 'NONE', #1248, 0.5000000000000004441 ) ;
#2515 = AXIS2_PLACEMENT_3D ( 'NONE', #1382, #2046, #908 ) ;
#2516 = VECTOR ( 'NONE', #2284, 1000.000000000000000 ) ;
#2517 = ORIENTED_EDGE ( 'NONE', *, *, #2690, .T. ) ;
#2518 = DIRECTION ( 'NONE',  ( -0.7071067811865453523, 0.7071067811865496822, 0.000000000000000000 ) ) ;
#2519 = ORIENTED_EDGE ( 'NONE', *, *, #903, .T. ) ;
#2520 = CARTESIAN_POINT ( 'NONE',  ( -2.649999999999999467, 3.850000000000000533, 0.000000000000000000 ) ) ;
#2521 = AXIS2_PLACEMENT_3D ( 'NONE', #1567, #178, #419 ) ;
#2522 = CARTESIAN_POINT ( 'NONE',  ( 2.649999999999999467, 3.850000000000000533, 2.117582368135750848E-19 ) ) ;
#2523 = DIRECTION ( 'NONE',  ( 0.000000000000000000, -0.7071067811865451302, 0.7071067811865500152 ) ) ;
#2524 = LINE ( 'NONE', #1414, #2441 ) ;
#2525 = ORIENTED_EDGE ( 'NONE', *, *, #172, .F. ) ;
#2526 = DIRECTION ( 'NONE',  ( 0.000000000000000000, -0.000000000000000000, -1.000000000000000000 ) ) ;
#2527 = CARTESIAN_POINT ( 'NONE',  ( 2.549999999999999378, 3.700000000000000178, -0.8999999999999995781 ) ) ;
#2528 = ORIENTED_EDGE ( 'NONE', *, *, #2407, .T. ) ;
#2529 = ADVANCED_FACE ( 'NONE', ( #1875 ), #1666, .F. ) ;
#2530 = DIRECTION ( 'NONE',  ( 0.000000000000000000, 0.7071067811865451302, 0.7071067811865500152 ) ) ;
#2531 = ADVANCED_FACE ( 'NONE', ( #1439 ), #951, .F. ) ;
#2532 = DIRECTION ( 'NONE',  ( -4.336808689942017736E-16, 0.000000000000000000, 1.000000000000000000 ) ) ;
#2533 = ORIENTED_EDGE ( 'NONE', *, *, #2090, .F. ) ;
#2534 = DIRECTION ( 'NONE',  ( -0.000000000000000000, -0.000000000000000000, -1.000000000000000000 ) ) ;
#2535 = SURFACE_STYLE_FILL_AREA ( #1019 ) ;
#2536 = ORIENTED_EDGE ( 'NONE', *, *, #2431, .T. ) ;
#2537 = FACE_OUTER_BOUND ( 'NONE', #270, .T. ) ;
#2538 =( NAMED_UNIT ( * ) SI_UNIT ( $, .STERADIAN. ) SOLID_ANGLE_UNIT ( ) );
#2539 = EDGE_CURVE ( 'NONE', #1054, #2402, #2760, .T. ) ;
#2540 = CARTESIAN_POINT ( 'NONE',  ( 1.750000000000000222, 3.850000000000000533, -0.5000000000000004441 ) ) ;
#2541 = DIRECTION ( 'NONE',  ( -0.000000000000000000, 1.000000000000000000, -0.000000000000000000 ) ) ;
#2542 = ORIENTED_EDGE ( 'NONE', *, *, #2090, .T. ) ;
#2543 = PRESENTATION_STYLE_ASSIGNMENT (( #2741 ) ) ;
#2544 = LINE ( 'NONE', #122, #2194 ) ;
#2545 = EDGE_CURVE ( 'NONE', #2115, #1952, #1279, .T. ) ;
#2546 = COLOUR_RGB ( '',0.6666666666666666297, 0.6980392156862744724, 0.7686274509803920907 ) ;
#2547 = DIRECTION ( 'NONE',  ( -1.000000000000000000, 0.000000000000000000, 0.000000000000000000 ) ) ;
#2548 = VERTEX_POINT ( 'NONE', #417 ) ;
#2549 = PRESENTATION_LAYER_ASSIGNMENT (  '', '', ( #1241 ) ) ;
#2550 = FACE_OUTER_BOUND ( 'NONE', #2154, .T. ) ;
#2551 = LINE ( 'NONE', #534, #659 ) ;
#2552 = VECTOR ( 'NONE', #2488, 1000.000000000000114 ) ;
#2553 = AXIS2_PLACEMENT_3D ( 'NONE', #1614, #1624, #1172 ) ;
#2554 = DIRECTION ( 'NONE',  ( -0.000000000000000000, -0.000000000000000000, 1.000000000000000000 ) ) ;
#2555 = PLANE ( 'NONE',  #485 ) ;
#2556 = AXIS2_PLACEMENT_3D ( 'NONE', #2923, #913, #898 ) ;
#2557 = VERTEX_POINT ( 'NONE', #2162 ) ;
#2558 = CIRCLE ( 'NONE', #1788, 0.5000000000000004441 ) ;
#2559 = AXIS2_PLACEMENT_3D ( 'NONE', #2766, #2577, #1677 ) ;
#2560 =( NAMED_UNIT ( * ) PLANE_ANGLE_UNIT ( ) SI_UNIT ( $, .RADIAN. ) );
#2561 = ADVANCED_FACE ( 'NONE', ( #1522 ), #365, .F. ) ;
#2562 = VECTOR ( 'NONE', #2230, 1000.000000000000000 ) ;
#2563 = DIRECTION ( 'NONE',  ( 1.000000000000000000, 0.000000000000000000, 0.000000000000000000 ) ) ;
#2564 = VECTOR ( 'NONE', #865, 1000.000000000000000 ) ;
#2565 = CARTESIAN_POINT ( 'NONE',  ( 2.649999999999999467, 3.850000000000000533, 1.899999999999999467 ) ) ;
#2566 = EDGE_CURVE ( 'NONE', #1637, #2580, #1260, .T. ) ;
#2567 = DIRECTION ( 'NONE',  ( 1.000000000000000000, 0.000000000000000000, 0.000000000000000000 ) ) ;
#2568 = EDGE_LOOP ( 'NONE', ( #1831, #2208, #2865, #226 ) ) ;
#2569 = AXIS2_PLACEMENT_3D ( 'NONE', #596, #358, #829 ) ;
#2570 = DIRECTION ( 'NONE',  ( 1.000000000000000000, 0.000000000000000000, 0.000000000000000000 ) ) ;
#2571 = ORIENTED_EDGE ( 'NONE', *, *, #1870, .F. ) ;
#2572 = VECTOR ( 'NONE', #2034, 1000.000000000000000 ) ;
#2573 = LINE ( 'NONE', #978, #1395 ) ;
#2574 = DIRECTION ( 'NONE',  ( -0.000000000000000000, -0.000000000000000000, 1.000000000000000000 ) ) ;
#2575 = CARTESIAN_POINT ( 'NONE',  ( 3.250000000000000000, 3.950000000000000178, -0.5000000000000005551 ) ) ;
#2576 = LINE ( 'NONE', #2540, #2005 ) ;
#2577 = DIRECTION ( 'NONE',  ( -0.000000000000000000, -0.7071067811865524577, 0.7071067811865425767 ) ) ;
#2578 = ORIENTED_EDGE ( 'NONE', *, *, #387, .T. ) ;
#2579 = DIRECTION ( 'NONE',  ( 0.000000000000000000, 1.000000000000000000, -0.000000000000000000 ) ) ;
#2580 = VERTEX_POINT ( 'NONE', #1535 ) ;
#2581 = DIRECTION ( 'NONE',  ( -0.000000000000000000, -0.000000000000000000, 1.000000000000000000 ) ) ;
#2582 = EDGE_CURVE ( 'NONE', #2737, #858, #190, .T. ) ;
#2583 = DIRECTION ( 'NONE',  ( 0.000000000000000000, 0.000000000000000000, -1.000000000000000000 ) ) ;
#2584 = ORIENTED_EDGE ( 'NONE', *, *, #2407, .F. ) ;
#2585 = CARTESIAN_POINT ( 'NONE',  ( -2.649999999999999467, 3.850000000000000533, 0.000000000000000000 ) ) ;
#2586 = ADVANCED_FACE ( 'NONE', ( #2882 ), #847, .F. ) ;
#2587 = ORIENTED_EDGE ( 'NONE', *, *, #1958, .F. ) ;
#2588 = DIRECTION ( 'NONE',  ( -0.000000000000000000, -0.000000000000000000, 1.000000000000000000 ) ) ;
#2589 = VERTEX_POINT ( 'NONE', #1761 ) ;
#2590 = EDGE_CURVE ( 'NONE', #2663, #1607, #402, .T. ) ;
#2591 = ORIENTED_EDGE ( 'NONE', *, *, #928, .F. ) ;
#2592 = UNCERTAINTY_MEASURE_WITH_UNIT (LENGTH_MEASURE( 1.000000000000000082E-05 ), #2784, 'distance_accuracy_value', 'NONE');
#2593 = FACE_OUTER_BOUND ( 'NONE', #2076, .T. ) ;
#2594 = ORIENTED_EDGE ( 'NONE', *, *, #1517, .F. ) ;
#2595 =( NAMED_UNIT ( * ) PLANE_ANGLE_UNIT ( ) SI_UNIT ( $, .RADIAN. ) );
#2596 = EDGE_LOOP ( 'NONE', ( #2774, #695 ) ) ;
#2597 = DIRECTION ( 'NONE',  ( -0.000000000000000000, -0.000000000000000000, 1.000000000000000000 ) ) ;
#2598 = CARTESIAN_POINT ( 'NONE',  ( 3.250000000000000888, 3.850000000000000533, 0.4999999999999994449 ) ) ;
#2599 = FILL_AREA_STYLE_COLOUR ( '', #626 ) ;
#2600 = CARTESIAN_POINT ( 'NONE',  ( -1.727999999999999314, -2.303999999999998938, -0.4000000000000000222 ) ) ;
#2601 = CARTESIAN_POINT ( 'NONE',  ( -1.749999999999999778, 3.950000000000000178, -0.5000000000000000000 ) ) ;
#2602 = ORIENTED_EDGE ( 'NONE', *, *, #1278, .T. ) ;
#2603 = DIRECTION ( 'NONE',  ( -0.000000000000000000, 1.000000000000000000, -0.000000000000000000 ) ) ;
#2604 = ORIENTED_EDGE ( 'NONE', *, *, #1330, .T. ) ;
#2605 =( NAMED_UNIT ( * ) PLANE_ANGLE_UNIT ( ) SI_UNIT ( $, .RADIAN. ) );
#2606 = EDGE_LOOP ( 'NONE', ( #1179, #1091, #2758, #1415 ) ) ;
#2607 = ADVANCED_FACE ( 'NONE', ( #799 ), #2408, .F. ) ;
#2608 = ORIENTED_EDGE ( 'NONE', *, *, #2582, .T. ) ;
#2609 = CARTESIAN_POINT ( 'NONE',  ( -1.270710678118653902, -6.771808389832553843, 0.4000000000000000222 ) ) ;
#2610 = EDGE_CURVE ( 'NONE', #830, #1750, #384, .T. ) ;
#2611 = EDGE_LOOP ( 'NONE', ( #2729, #2225, #2084, #1583 ) ) ;
#2612 = VECTOR ( 'NONE', #1539, 1000.000000000000000 ) ;
#2613 = PRESENTATION_LAYER_ASSIGNMENT (  '', '', ( #1542 ) ) ;
#2614 = CARTESIAN_POINT ( 'NONE',  ( 0.000000000000000000, -3.950000000000000178, 0.000000000000000000 ) ) ;
#2615 = VECTOR ( 'NONE', #2813, 1000.000000000000000 ) ;
#2616 = VECTOR ( 'NONE', #2868, 1000.000000000000000 ) ;
#2617 = CARTESIAN_POINT ( 'NONE',  ( -3.250000000000000000, 3.850000000000000533, 0.5000000000000002220 ) ) ;
#2618 = ORIENTED_EDGE ( 'NONE', *, *, #2744, .F. ) ;
#2619 = CARTESIAN_POINT ( 'NONE',  ( -3.121841060262848799, 2.000000000000000000, 0.8999999999999995781 ) ) ;
#2620 = VERTEX_POINT ( 'NONE', #1074 ) ;
#2621 = LINE ( 'NONE', #2019, #5 ) ;
#2622 = VECTOR ( 'NONE', #2339, 1000.000000000000000 ) ;
#2623 =( LENGTH_UNIT ( ) NAMED_UNIT ( * ) SI_UNIT ( .MILLI., .METRE. ) );
#2624 = CIRCLE ( 'NONE', #161, 0.5000000000000004441 ) ;
#2625 =( LENGTH_UNIT ( ) NAMED_UNIT ( * ) SI_UNIT ( .MILLI., .METRE. ) );
#2626 = CARTESIAN_POINT ( 'NONE',  ( 2.649999999999999467, 3.850000000000000533, 2.117582368135750848E-19 ) ) ;
#2627 = ORIENTED_EDGE ( 'NONE', *, *, #638, .F. ) ;
#2628 = ORIENTED_EDGE ( 'NONE', *, *, #2264, .F. ) ;
#2629 = STYLED_ITEM ( 'NONE', ( #1673 ), #69 ) ;
#2630 = ORIENTED_EDGE ( 'NONE', *, *, #1118, .F. ) ;
#2631 = VECTOR ( 'NONE', #876, 1000.000000000000000 ) ;
#2632 = EDGE_CURVE ( 'NONE', #830, #2832, #1932, .T. ) ;
#2633 = FACE_OUTER_BOUND ( 'NONE', #548, .T. ) ;
#2634 = DIRECTION ( 'NONE',  ( -0.000000000000000000, -0.000000000000000000, 1.000000000000000000 ) ) ;
#2635 = VERTEX_POINT ( 'NONE', #2892 ) ;
#2636 = EDGE_CURVE ( 'NONE', #389, #2620, #1728, .T. ) ;
#2637 = CARTESIAN_POINT ( 'NONE',  ( 1.200000000000000178, -6.842519067951209344, -1.900000000000000355 ) ) ;
#2638 = EDGE_LOOP ( 'NONE', ( #1428, #1890, #1128, #1931 ) ) ;
#2639 = FILL_AREA_STYLE_COLOUR ( '', #1155 ) ;
#2640 = CARTESIAN_POINT ( 'NONE',  ( -1.000000000000000000, -3.949999999999999734, -0.4000000000000000222 ) ) ;
#2641 = LINE ( 'NONE', #838, #948 ) ;
#2642 = ORIENTED_EDGE ( 'NONE', *, *, #1842, .F. ) ;
#2643 = CARTESIAN_POINT ( 'NONE',  ( 3.621841060262851020, 2.000000000000000000, 0.7999999999999994893 ) ) ;
#2644 = VERTEX_POINT ( 'NONE', #177 ) ;
#2645 = PRESENTATION_STYLE_ASSIGNMENT (( #1740 ) ) ;
#2646 = ORIENTED_EDGE ( 'NONE', *, *, #560, .F. ) ;
#2647 = VERTEX_POINT ( 'NONE', #2619 ) ;
#2648 =( NAMED_UNIT ( * ) PLANE_ANGLE_UNIT ( ) SI_UNIT ( $, .RADIAN. ) );
#2649 = ORIENTED_EDGE ( 'NONE', *, *, #144, .F. ) ;
#2650 = FACE_BOUND ( 'NONE', #1694, .T. ) ;
#2651 = ORIENTED_EDGE ( 'NONE', *, *, #2173, .F. ) ;
#2652 = DIRECTION ( 'NONE',  ( -0.7071067811865453523, 0.7071067811865496822, 0.000000000000000000 ) ) ;
#2653 = ADVANCED_BREP_SHAPE_REPRESENTATION ( 'MIC2015.VP', ( #2849, #2283 ), #714 ) ;
#2654 = ORIENTED_EDGE ( 'NONE', *, *, #2904, .F. ) ;
#2655 = EDGE_CURVE ( 'NONE', #2353, #755, #590, .T. ) ;
#2656 = PLANE ( 'NONE',  #2789 ) ;
#2657 = FACE_OUTER_BOUND ( 'NONE', #1628, .T. ) ;
#2658 = EDGE_CURVE ( 'NONE', #2253, #689, #2247, .T. ) ;
#2659 = LINE ( 'NONE', #1285, #678 ) ;
#2660 = VERTEX_POINT ( 'NONE', #933 ) ;
#2661 = CARTESIAN_POINT ( 'NONE',  ( 4.549999999999999822, 3.950000000000000178, -1.900000000000000355 ) ) ;
#2662 = FILL_AREA_STYLE_COLOUR ( '', #746 ) ;
#2663 = VERTEX_POINT ( 'NONE', #697 ) ;
#2664 = VECTOR ( 'NONE', #1316, 1000.000000000000000 ) ;
#2665 = EDGE_LOOP ( 'NONE', ( #611, #1080, #1328, #927, #2536, #2604, #763, #1199, #1939 ) ) ;
#2666 = PLANE ( 'NONE',  #993 ) ;
#2667 = CARTESIAN_POINT ( 'NONE',  ( -4.121841060262849687, -2.000000000000000000, -0.8999999999999995781 ) ) ;
#2668 = FACE_OUTER_BOUND ( 'NONE', #970, .T. ) ;
#2669 = DIRECTION ( 'NONE',  ( -0.000000000000000000, -0.000000000000000000, 1.000000000000000000 ) ) ;
#2670 = ORIENTED_EDGE ( 'NONE', *, *, #692, .T. ) ;
#2671 = CARTESIAN_POINT ( 'NONE',  ( -1.000000000000000000, -3.949999999999999734, 0.4000000000000000222 ) ) ;
#2672 = VECTOR ( 'NONE', #1559, 1000.000000000000000 ) ;
#2673 = AXIS2_PLACEMENT_3D ( 'NONE', #1892, #2345, #2361 ) ;
#2674 = VECTOR ( 'NONE', #1816, 1000.000000000000000 ) ;
#2675 = PRESENTATION_STYLE_ASSIGNMENT (( #123 ) ) ;
#2676 = ADVANCED_FACE ( 'NONE', ( #2269 ), #2017, .T. ) ;
#2677 =( NAMED_UNIT ( * ) SI_UNIT ( $, .STERADIAN. ) SOLID_ANGLE_UNIT ( ) );
#2678 = EDGE_CURVE ( 'NONE', #947, #282, #1828, .T. ) ;
#2679 = VECTOR ( 'NONE', #936, 1000.000000000000000 ) ;
#2680 = FILL_AREA_STYLE ('',( #146 ) ) ;
#2681 = ORIENTED_EDGE ( 'NONE', *, *, #1994, .T. ) ;
#2682 = SURFACE_SIDE_STYLE ('',( #171 ) ) ;
#2683 = VERTEX_POINT ( 'NONE', #1580 ) ;
#2684 = CIRCLE ( 'NONE', #2202, 0.5000000000000004441 ) ;
#2685 = DIRECTION ( 'NONE',  ( 0.000000000000000000, 0.000000000000000000, 1.000000000000000000 ) ) ;
#2686 =( LENGTH_UNIT ( ) NAMED_UNIT ( * ) SI_UNIT ( .MILLI., .METRE. ) );
#2687 = CARTESIAN_POINT ( 'NONE',  ( 2.549999999999999378, 3.700000000000000178, -1.899999999999999467 ) ) ;
#2688 = LINE ( 'NONE', #1572, #1486 ) ;
#2689 = PLANE ( 'NONE',  #1785 ) ;
#2690 = EDGE_CURVE ( 'NONE', #1760, #2382, #14, .T. ) ;
#2691 = EDGE_LOOP ( 'NONE', ( #2387, #1410 ) ) ;
#2692 = VERTEX_POINT ( 'NONE', #454 ) ;
#2693 = ORIENTED_EDGE ( 'NONE', *, *, #233, .F. ) ;
#2694 = EDGE_CURVE ( 'NONE', #1004, #1807, #1803, .T. ) ;
#2695 = FILL_AREA_STYLE ('',( #228 ) ) ;
#2696 = FACE_OUTER_BOUND ( 'NONE', #1534, .T. ) ;
#2697 = ORIENTED_EDGE ( 'NONE', *, *, #2825, .T. ) ;
#2698 = DIRECTION ( 'NONE',  ( 1.133806193448893442E-16, 1.000000000000000000, -0.000000000000000000 ) ) ;
#2699 = PLANE ( 'NONE',  #1444 ) ;
#2700 = DIRECTION ( 'NONE',  ( 0.7071067811865431318, -0.7071067811865519026, 0.000000000000000000 ) ) ;
#2701 = CARTESIAN_POINT ( 'NONE',  ( 1.000000000000000000, -11.34999999999999964, -0.1499999999999998002 ) ) ;
#2702 = ORIENTED_EDGE ( 'NONE', *, *, #1368, .T. ) ;
#2703 = EDGE_CURVE ( 'NONE', #854, #2413, #1361, .T. ) ;
#2704 = EDGE_CURVE ( 'NONE', #1723, #1067, #680, .T. ) ;
#2705 = PRESENTATION_STYLE_ASSIGNMENT (( #1129 ) ) ;
#2706 = LINE ( 'NONE', #241, #1689 ) ;
#2707 = COLOUR_RGB ( '',0.6666666666666666297, 0.6980392156862744724, 0.7686274509803920907 ) ;
#2708 = DIRECTION ( 'NONE',  ( -0.000000000000000000, 0.000000000000000000, -1.000000000000000000 ) ) ;
#2709 = COLOUR_RGB ( '',0.6666666666666666297, 0.6980392156862744724, 0.7686274509803920907 ) ;
#2710 = AXIS2_PLACEMENT_3D ( 'NONE', #976, #1038, #1226 ) ;
#2711 = LINE ( 'NONE', #673, #1746 ) ;
#2712 = PLANE ( 'NONE',  #2123 ) ;
#2713 = CIRCLE ( 'NONE', #2128, 0.5000000000000004441 ) ;
#2714 = ORIENTED_EDGE ( 'NONE', *, *, #65, .F. ) ;
#2715 = VECTOR ( 'NONE', #2669, 1000.000000000000000 ) ;
#2716 = ORIENTED_EDGE ( 'NONE', *, *, #2825, .F. ) ;
#2717 = EDGE_CURVE ( 'NONE', #2692, #2739, #2285, .T. ) ;
#2718 = DIRECTION ( 'NONE',  ( -0.5773502691896245098, 0.5773502691896285066, 0.5773502691896245098 ) ) ;
#2719 = DIRECTION ( 'NONE',  ( -0.000000000000000000, -0.000000000000000000, 1.000000000000000000 ) ) ;
#2720 = ORIENTED_EDGE ( 'NONE', *, *, #1438, .T. ) ;
#2721 = DIRECTION ( 'NONE',  ( 1.000000000000000000, 0.000000000000000000, 0.000000000000000000 ) ) ;
#2722 = EDGE_CURVE ( 'NONE', #793, #640, #2243, .T. ) ;
#2723 = DIRECTION ( 'NONE',  ( 1.000000000000000000, 0.000000000000000000, 0.000000000000000000 ) ) ;
#2724 = DIRECTION ( 'NONE',  ( -2.955440369727018323E-16, 1.000000000000000000, -0.000000000000000000 ) ) ;
#2725 = FACE_OUTER_BOUND ( 'NONE', #2798, .T. ) ;
#2726 = DIRECTION ( 'NONE',  ( -4.336808689942017736E-16, 0.000000000000000000, 1.000000000000000000 ) ) ;
#2727 = ORIENTED_EDGE ( 'NONE', *, *, #2915, .T. ) ;
#2728 =( NAMED_UNIT ( * ) PLANE_ANGLE_UNIT ( ) SI_UNIT ( $, .RADIAN. ) );
#2729 = ORIENTED_EDGE ( 'NONE', *, *, #2308, .F. ) ;
#2730 = CARTESIAN_POINT ( 'NONE',  ( 4.549999999999998934, 3.850000000000000533, -1.900000000000000355 ) ) ;
#2731 = LINE ( 'NONE', #2910, #1909 ) ;
#2732 = ORIENTED_EDGE ( 'NONE', *, *, #328, .F. ) ;
#2733 = EDGE_CURVE ( 'NONE', #1403, #2737, #229, .T. ) ;
#2734 = CARTESIAN_POINT ( 'NONE',  ( 3.621841060262851020, -2.000000000000000000, -0.7999999999999994893 ) ) ;
#2735 = EDGE_CURVE ( 'NONE', #1656, #157, #2706, .T. ) ;
#2736 = PLANE ( 'NONE',  #2553 ) ;
#2737 = VERTEX_POINT ( 'NONE', #1346 ) ;
#2738 = CARTESIAN_POINT ( 'NONE',  ( 0.000000000000000000, -11.09999999999999787, -0.4000000000000000222 ) ) ;
#2739 = VERTEX_POINT ( 'NONE', #435 ) ;
#2740 = CARTESIAN_POINT ( 'NONE',  ( 4.000000000000000000, -3.949999999999998845, -0.4000000000000000222 ) ) ;
#2741 = SURFACE_STYLE_USAGE ( .BOTH. , #2050 ) ;
#2742 = CARTESIAN_POINT ( 'NONE',  ( 2.549999999999999378, 3.700000000000000178, -1.899999999999999467 ) ) ;
#2743 = VERTEX_POINT ( 'NONE', #258 ) ;
#2744 = EDGE_CURVE ( 'NONE', #2921, #389, #662, .T. ) ;
#2745 = AXIS2_PLACEMENT_3D ( 'NONE', #1217, #1496, #1719 ) ;
#2746 = DIRECTION ( 'NONE',  ( 1.000000000000000000, 0.000000000000000000, 0.000000000000000000 ) ) ;
#2747 = MECHANICAL_DESIGN_GEOMETRIC_PRESENTATION_REPRESENTATION (  '', ( #2124 ), #45 ) ;
#2748 = PLANE ( 'NONE',  #1369 ) ;
#2749 = EDGE_CURVE ( 'NONE', #858, #1807, #1606, .T. ) ;
#2750 = VECTOR ( 'NONE', #2079, 1000.000000000000000 ) ;
#2751 =( GEOMETRIC_REPRESENTATION_CONTEXT ( 3 ) GLOBAL_UNCERTAINTY_ASSIGNED_CONTEXT ( ( #2065 ) ) GLOBAL_UNIT_ASSIGNED_CONTEXT ( ( #2184, #442, #2896 ) ) REPRESENTATION_CONTEXT ( 'NONE', 'WORKASPACE' ) );
#2752 = MECHANICAL_DESIGN_GEOMETRIC_PRESENTATION_REPRESENTATION (  '', ( #756 ), #209 ) ;
#2753 = VECTOR ( 'NONE', #2297, 1000.000000000000000 ) ;
#2754 =( GEOMETRIC_REPRESENTATION_CONTEXT ( 3 ) GLOBAL_UNCERTAINTY_ASSIGNED_CONTEXT ( ( #1695 ) ) GLOBAL_UNIT_ASSIGNED_CONTEXT ( ( #1515, #1705, #2828 ) ) REPRESENTATION_CONTEXT ( 'NONE', 'WORKASPACE' ) );
#2755 = CARTESIAN_POINT ( 'NONE',  ( 4.550000000000000711, 3.700000000000000178, -0.8999999999999995781 ) ) ;
#2756 = EDGE_LOOP ( 'NONE', ( #2293, #1014, #2670, #2762, #567, #2928, #150, #2697, #2311 ) ) ;
#2757 = AXIS2_PLACEMENT_3D ( 'NONE', #2305, #1871, #268 ) ;
#2758 = ORIENTED_EDGE ( 'NONE', *, *, #372, .F. ) ;
#2759 = CARTESIAN_POINT ( 'NONE',  ( 3.250000000000000000, 3.850000000000000533, -0.5000000000000005551 ) ) ;
#2760 = LINE ( 'NONE', #1193, #1002 ) ;
#2761 = CARTESIAN_POINT ( 'NONE',  ( 0.000000000000000000, 3.850000000000000533, 1.899999999999999467 ) ) ;
#2762 = ORIENTED_EDGE ( 'NONE', *, *, #2437, .F. ) ;
#2763 = AXIS2_PLACEMENT_3D ( 'NONE', #2585, #1081, #2414 ) ;
#2764 = PLANE ( 'NONE',  #665 ) ;
#2765 = ORIENTED_EDGE ( 'NONE', *, *, #1763, .T. ) ;
#2766 = CARTESIAN_POINT ( 'NONE',  ( 0.000000000000000000, -11.10000000000000142, 0.4000000000000000222 ) ) ;
#2767 = VERTEX_POINT ( 'NONE', #1151 ) ;
#2768 = DIRECTION ( 'NONE',  ( -1.000000000000000000, 0.000000000000000000, 0.000000000000000000 ) ) ;
#2769 = CARTESIAN_POINT ( 'NONE',  ( -1.199999999999998179, -4.499999999999999112, -1.900000000000000355 ) ) ;
#2770 = CARTESIAN_POINT ( 'NONE',  ( -1.000000000000000000, -3.949999999999999734, -0.4000000000000000222 ) ) ;
#2771 = FACE_BOUND ( 'NONE', #1697, .T. ) ;
#2772 = VERTEX_POINT ( 'NONE', #1167 ) ;
#2773 = DIRECTION ( 'NONE',  ( -1.000000000000000000, 0.000000000000000000, 0.000000000000000000 ) ) ;
#2774 = ORIENTED_EDGE ( 'NONE', *, *, #1055, .F. ) ;
#2775 = UNCERTAINTY_MEASURE_WITH_UNIT (LENGTH_MEASURE( 1.000000000000000082E-05 ), #2453, 'distance_accuracy_value', 'NONE');
#2776 = DIRECTION ( 'NONE',  ( -0.000000000000000000, -0.000000000000000000, 1.000000000000000000 ) ) ;
#2777 = CARTESIAN_POINT ( 'NONE',  ( -3.621841060262849243, -2.000000000000000000, -0.8999999999999995781 ) ) ;
#2778 =( LENGTH_UNIT ( ) NAMED_UNIT ( * ) SI_UNIT ( .MILLI., .METRE. ) );
#2779 = EDGE_CURVE ( 'NONE', #1530, #2402, #926, .T. ) ;
#2780 = CARTESIAN_POINT ( 'NONE',  ( -2.549999999999998490, -3.950000000000000178, -0.8999999999999995781 ) ) ;
#2781 = ORIENTED_EDGE ( 'NONE', *, *, #139, .T. ) ;
#2782 = ADVANCED_FACE ( 'NONE', ( #2696 ), #2482, .T. ) ;
#2783 = CARTESIAN_POINT ( 'NONE',  ( 4.000000000000000000, -11.10000000000000142, 0.4000000000000000222 ) ) ;
#2784 =( LENGTH_UNIT ( ) NAMED_UNIT ( * ) SI_UNIT ( .MILLI., .METRE. ) );
#2785 = CARTESIAN_POINT ( 'NONE',  ( 1.200000000000000178, -11.10000000000000142, -1.900000000000000355 ) ) ;
#2786 = CARTESIAN_POINT ( 'NONE',  ( 0.000000000000000000, 0.000000000000000000, -0.8999999999999995781 ) ) ;
#2787 = DIRECTION ( 'NONE',  ( 1.000000000000000000, 0.000000000000000000, 0.000000000000000000 ) ) ;
#2788 = ORIENTED_EDGE ( 'NONE', *, *, #1763, .F. ) ;
#2789 = AXIS2_PLACEMENT_3D ( 'NONE', #2355, #1525, #802 ) ;
#2790 = DIRECTION ( 'NONE',  ( 1.133806193448893442E-16, 1.000000000000000000, 0.000000000000000000 ) ) ;
#2791 =( NAMED_UNIT ( * ) PLANE_ANGLE_UNIT ( ) SI_UNIT ( $, .RADIAN. ) );
#2792 = STYLED_ITEM ( 'NONE', ( #786 ), #832 ) ;
#2793 = AXIS2_PLACEMENT_3D ( 'NONE', #225, #235, #2746 ) ;
#2794 = PRESENTATION_STYLE_ASSIGNMENT (( #740 ) ) ;
#2795 = SURFACE_SIDE_STYLE ('',( #991 ) ) ;
#2796 = VECTOR ( 'NONE', #1050, 1000.000000000000000 ) ;
#2797 = CIRCLE ( 'NONE', #443, 0.5000000000000004441 ) ;
#2798 = EDGE_LOOP ( 'NONE', ( #391, #2716, #250, #2178 ) ) ;
#2799 = EDGE_CURVE ( 'NONE', #2016, #2135, #2731, .T. ) ;
#2800 = VECTOR ( 'NONE', #2926, 1000.000000000000000 ) ;
#2801 = UNCERTAINTY_MEASURE_WITH_UNIT (LENGTH_MEASURE( 1.000000000000000082E-05 ), #327, 'distance_accuracy_value', 'NONE');
#2802 = MECHANICAL_DESIGN_GEOMETRIC_PRESENTATION_REPRESENTATION (  '', ( #760 ), #2754 ) ;
#2803 = CARTESIAN_POINT ( 'NONE',  ( -2.549999999999997602, 3.700000000000000178, -0.8999999999999995781 ) ) ;
#2804 = CARTESIAN_POINT ( 'NONE',  ( 1.200000000000000178, -11.34999999999999964, 0.1499999999999998002 ) ) ;
#2805 = PRODUCT_DEFINITION ( 'UNKNOWN', '', #436, #2352 ) ;
#2806 = MECHANICAL_DESIGN_GEOMETRIC_PRESENTATION_REPRESENTATION (  '', ( #966 ), #1317 ) ;
#2807 = SURFACE_STYLE_USAGE ( .BOTH. , #801 ) ;
#2808 = CARTESIAN_POINT ( 'NONE',  ( -1.749999999999999334, 3.850000000000000533, 0.4999999999999998890 ) ) ;
#2809 = ORIENTED_EDGE ( 'NONE', *, *, #2703, .T. ) ;
#2810 = DIRECTION ( 'NONE',  ( 0.000000000000000000, -1.000000000000000000, 0.000000000000000000 ) ) ;
#2811 = ORIENTED_EDGE ( 'NONE', *, *, #739, .T. ) ;
#2812 = SURFACE_SIDE_STYLE ('',( #2347 ) ) ;
#2813 = DIRECTION ( 'NONE',  ( -0.000000000000000000, -0.000000000000000000, -1.000000000000000000 ) ) ;
#2814 = CARTESIAN_POINT ( 'NONE',  ( 3.121841060262850132, -2.000000000000000000, 0.7999999999999994893 ) ) ;
#2815 = ORIENTED_EDGE ( 'NONE', *, *, #2590, .T. ) ;
#2816 = DIRECTION ( 'NONE',  ( -0.000000000000000000, -0.000000000000000000, 1.000000000000000000 ) ) ;
#2817 = ORIENTED_EDGE ( 'NONE', *, *, #770, .F. ) ;
#2818 = CARTESIAN_POINT ( 'NONE',  ( 0.000000000000000000, 3.850000000000000533, -1.900000000000000355 ) ) ;
#2819 = PLANE ( 'NONE',  #752 ) ;
#2820 = DIRECTION ( 'NONE',  ( 0.000000000000000000, 0.000000000000000000, 1.000000000000000000 ) ) ;
#2821 = EDGE_CURVE ( 'NONE', #2635, #2644, #2624, .T. ) ;
#2822 = PLANE ( 'NONE',  #579 ) ;
#2823 = FACE_OUTER_BOUND ( 'NONE', #476, .T. ) ;
#2824 = EDGE_LOOP ( 'NONE', ( #2299, #1916, #1603, #1554 ) ) ;
#2825 = EDGE_CURVE ( 'NONE', #2016, #1450, #1221, .T. ) ;
#2826 = CARTESIAN_POINT ( 'NONE',  ( 1.200000000000000622, -6.701097711713900118, -1.900000000000000355 ) ) ;
#2827 =( NAMED_UNIT ( * ) SI_UNIT ( $, .STERADIAN. ) SOLID_ANGLE_UNIT ( ) );
#2828 =( NAMED_UNIT ( * ) SI_UNIT ( $, .STERADIAN. ) SOLID_ANGLE_UNIT ( ) );
#2829 = ORIENTED_EDGE ( 'NONE', *, *, #1971, .T. ) ;
#2830 = FACE_OUTER_BOUND ( 'NONE', #2824, .T. ) ;
#2831 = CARTESIAN_POINT ( 'NONE',  ( 0.000000000000000000, 0.000000000000000000, 0.8999999999999995781 ) ) ;
#2832 = VERTEX_POINT ( 'NONE', #1176 ) ;
#2833 = DIRECTION ( 'NONE',  ( 1.000000000000000000, 0.000000000000000000, 0.000000000000000000 ) ) ;
#2834 = DIRECTION ( 'NONE',  ( 1.000000000000000000, 0.000000000000000000, 0.000000000000000000 ) ) ;
#2835 = DIRECTION ( 'NONE',  ( -0.000000000000000000, 1.000000000000000000, -0.000000000000000000 ) ) ;
#2836 = LINE ( 'NONE', #2687, #397 ) ;
#2837 = ORIENTED_EDGE ( 'NONE', *, *, #2917, .T. ) ;
#2838 = EDGE_CURVE ( 'NONE', #2406, #323, #1422, .T. ) ;
#2839 = CARTESIAN_POINT ( 'NONE',  ( 1.749999999999999778, 3.850000000000000533, 0.4999999999999994449 ) ) ;
#2840 = EDGE_LOOP ( 'NONE', ( #264, #1718, #1073, #833 ) ) ;
#2841 = STYLED_ITEM ( 'NONE', ( #1835 ), #412 ) ;
#2842 = ORIENTED_EDGE ( 'NONE', *, *, #924, .T. ) ;
#2843 =( GEOMETRIC_REPRESENTATION_CONTEXT ( 3 ) GLOBAL_UNCERTAINTY_ASSIGNED_CONTEXT ( ( #1891 ) ) GLOBAL_UNIT_ASSIGNED_CONTEXT ( ( #779, #1012, #878 ) ) REPRESENTATION_CONTEXT ( 'NONE', 'WORKASPACE' ) );
#2844 = SURFACE_STYLE_USAGE ( .BOTH. , #2013 ) ;
#2845 = CARTESIAN_POINT ( 'NONE',  ( -2.549999999999998490, -3.950000000000000178, 0.8999999999999995781 ) ) ;
#2846 = ORIENTED_EDGE ( 'NONE', *, *, #1810, .T. ) ;
#2847 = AXIS2_PLACEMENT_3D ( 'NONE', #1324, #1749, #181 ) ;
#2848 = AXIS2_PLACEMENT_3D ( 'NONE', #2522, #2486, #497 ) ;
#2849 = MANIFOLD_SOLID_BREP ( 'Chamfer1', #300 ) ;
#2850 = MECHANICAL_DESIGN_GEOMETRIC_PRESENTATION_REPRESENTATION (  '', ( #2792 ), #152 ) ;
#2851 = CARTESIAN_POINT ( 'NONE',  ( 3.121841060262850132, -2.000000000000000000, -0.7999999999999994893 ) ) ;
#2852 = DIRECTION ( 'NONE',  ( 1.000000000000000000, -0.000000000000000000, -0.000000000000000000 ) ) ;
#2853 = VERTEX_POINT ( 'NONE', #2814 ) ;
#2854 = AXIS2_PLACEMENT_3D ( 'NONE', #41, #1261, #591 ) ;
#2855 = LINE ( 'NONE', #826, #1060 ) ;
#2856 = VERTEX_POINT ( 'NONE', #56 ) ;
#2857 = VECTOR ( 'NONE', #1771, 1000.000000000000000 ) ;
#2858 = DIRECTION ( 'NONE',  ( -0.000000000000000000, 1.000000000000000000, -0.000000000000000000 ) ) ;
#2859 = ORIENTED_EDGE ( 'NONE', *, *, #983, .F. ) ;
#2860 =( LENGTH_UNIT ( ) NAMED_UNIT ( * ) SI_UNIT ( .MILLI., .METRE. ) );
#2861 = CIRCLE ( 'NONE', #2521, 1.900000000000000133 ) ;
#2862 = ORIENTED_EDGE ( 'NONE', *, *, #2694, .F. ) ;
#2863 = EDGE_CURVE ( 'NONE', #1512, #2772, #536, .T. ) ;
#2864 = LINE ( 'NONE', #780, #586 ) ;
#2865 = ORIENTED_EDGE ( 'NONE', *, *, #682, .F. ) ;
#2866 = EDGE_CURVE ( 'NONE', #1473, #1173, #2086, .T. ) ;
#2867 = DIRECTION ( 'NONE',  ( 1.000000000000000000, 0.000000000000000000, 0.000000000000000000 ) ) ;
#2868 = DIRECTION ( 'NONE',  ( 0.000000000000000000, -1.000000000000000000, 0.000000000000000000 ) ) ;
#2869 = DIRECTION ( 'NONE',  ( -0.000000000000000000, -0.000000000000000000, -1.000000000000000000 ) ) ;
#2870 = FILL_AREA_STYLE ('',( #182 ) ) ;
#2871 = VERTEX_POINT ( 'NONE', #1634 ) ;
#2872 = DIRECTION ( 'NONE',  ( 0.5773502691896245098, 0.5773502691896285066, 0.5773502691896245098 ) ) ;
#2873 = VERTEX_POINT ( 'NONE', #491 ) ;
#2874 = CARTESIAN_POINT ( 'NONE',  ( 4.000000000000000000, -11.10000000000000142, 0.4000000000000000222 ) ) ;
#2875 = LINE ( 'NONE', #2845, #2078 ) ;
#2876 = ORIENTED_EDGE ( 'NONE', *, *, #1757, .F. ) ;
#2877 = DIRECTION ( 'NONE',  ( 1.000000000000000000, 0.000000000000000000, 0.000000000000000000 ) ) ;
#2878 = ADVANCED_FACE ( 'NONE', ( #1409 ), #741, .T. ) ;
#2879 = CARTESIAN_POINT ( 'NONE',  ( 3.621841060262851020, -2.000000000000000000, -0.8999999999999995781 ) ) ;
#2880 = LINE ( 'NONE', #1759, #2282 ) ;
#2881 = ORIENTED_EDGE ( 'NONE', *, *, #767, .T. ) ;
#2882 = FACE_OUTER_BOUND ( 'NONE', #934, .T. ) ;
#2883 = CARTESIAN_POINT ( 'NONE',  ( 4.121841060262851464, 2.000000000000000000, -0.8999999999999995781 ) ) ;
#2884 = ADVANCED_FACE ( 'NONE', ( #551 ), #2555, .T. ) ;
#2885 = DIRECTION ( 'NONE',  ( 0.000000000000000000, 0.000000000000000000, 1.000000000000000000 ) ) ;
#2886 = ORIENTED_EDGE ( 'NONE', *, *, #888, .T. ) ;
#2887 = CARTESIAN_POINT ( 'NONE',  ( -2.549999999999998490, -3.950000000000000178, 0.8999999999999995781 ) ) ;
#2888 = ORIENTED_EDGE ( 'NONE', *, *, #1262, .T. ) ;
#2889 = PRESENTATION_STYLE_ASSIGNMENT (( #1111 ) ) ;
#2890 = CARTESIAN_POINT ( 'NONE',  ( -2.549999999999997602, 3.700000000000000178, -0.8999999999999995781 ) ) ;
#2891 = ADVANCED_FACE ( 'NONE', ( #1046 ), #794, .F. ) ;
#2892 = CARTESIAN_POINT ( 'NONE',  ( 3.121841060262850576, 2.000000000000000000, 0.8999999999999995781 ) ) ;
#2893 = VECTOR ( 'NONE', #1963, 1000.000000000000114 ) ;
#2894 = VECTOR ( 'NONE', #1877, 1000.000000000000000 ) ;
#2895 = ORIENTED_EDGE ( 'NONE', *, *, #1923, .F. ) ;
#2896 =( NAMED_UNIT ( * ) SI_UNIT ( $, .STERADIAN. ) SOLID_ANGLE_UNIT ( ) );
#2897 = STYLED_ITEM ( 'NONE', ( #1565 ), #1799 ) ;
#2898 = CIRCLE ( 'NONE', #1861, 0.5000000000000004441 ) ;
#2899 = PRESENTATION_LAYER_ASSIGNMENT (  '', '', ( #669 ) ) ;
#2900 = DIRECTION ( 'NONE',  ( 0.000000000000000000, -0.000000000000000000, 1.000000000000000000 ) ) ;
#2901 = VECTOR ( 'NONE', #570, 1000.000000000000000 ) ;
#2902 = STYLED_ITEM ( 'NONE', ( #269 ), #2878 ) ;
#2903 = VECTOR ( 'NONE', #2404, 1000.000000000000000 ) ;
#2904 = EDGE_CURVE ( 'NONE', #1286, #1750, #413, .T. ) ;
#2905 = DIRECTION ( 'NONE',  ( -1.000000000000000000, 0.000000000000000000, -4.336808689942017736E-16 ) ) ;
#2906 = CARTESIAN_POINT ( 'NONE',  ( 1.199999999999999956, -4.499999999999999112, 0.4000000000000000222 ) ) ;
#2907 = EDGE_LOOP ( 'NONE', ( #2608, #318, #2082, #1319 ) ) ;
#2908 = ORIENTED_EDGE ( 'NONE', *, *, #288, .F. ) ;
#2909 = LINE ( 'NONE', #1617, #351 ) ;
#2910 = CARTESIAN_POINT ( 'NONE',  ( 2.549999999999999378, 3.700000000000000178, -0.8999999999999995781 ) ) ;
#2911 = ORIENTED_EDGE ( 'NONE', *, *, #657, .F. ) ;
#2912 = DIRECTION ( 'NONE',  ( 1.000000000000000000, 0.000000000000000000, 0.000000000000000000 ) ) ;
#2913 = LINE ( 'NONE', #19, #1998 ) ;
#2914 = CARTESIAN_POINT ( 'NONE',  ( -1.199999999999999289, -6.842519067951209344, -0.4000000000000004108 ) ) ;
#2915 = EDGE_CURVE ( 'NONE', #625, #2490, #1943, .T. ) ;
#2916 = PRESENTATION_STYLE_ASSIGNMENT (( #1783 ) ) ;
#2917 = EDGE_CURVE ( 'NONE', #1017, #755, #2864, .T. ) ;
#2918 = VERTEX_POINT ( 'NONE', #2609 ) ;
#2919 = LINE ( 'NONE', #652, #1647 ) ;
#2920 = DIRECTION ( 'NONE',  ( 0.7071067811865465735, -0.7071067811865485719, 0.000000000000000000 ) ) ;
#2921 = VERTEX_POINT ( 'NONE', #2177 ) ;
#2922 = LINE ( 'NONE', #884, #2679 ) ;
#2923 = CARTESIAN_POINT ( 'NONE',  ( 3.621841060262851020, -2.000000000000000000, 0.7999999999999994893 ) ) ;
#2924 = DIRECTION ( 'NONE',  ( 1.000000000000000000, 0.000000000000000000, -0.000000000000000000 ) ) ;
#2925 = DIRECTION ( 'NONE',  ( 1.000000000000000000, 0.000000000000000000, -0.000000000000000000 ) ) ;
#2926 = DIRECTION ( 'NONE',  ( -0.000000000000000000, 1.000000000000000000, -0.000000000000000000 ) ) ;
#2927 = EDGE_CURVE ( 'NONE', #1067, #830, #2875, .T. ) ;
#2928 = ORIENTED_EDGE ( 'NONE', *, *, #1446, .T. ) ;
#2929 = ADVANCED_FACE ( 'NONE', ( #1272 ), #116, .F. ) ;
#2930 = VERTEX_POINT ( 'NONE', #566 ) ;
#2931 = DIRECTION ( 'NONE',  ( -0.000000000000000000, 0.000000000000000000, -1.000000000000000000 ) ) ;
#2932 = DIRECTION ( 'NONE',  ( -1.000000000000000000, -0.000000000000000000, -0.000000000000000000 ) ) ;
#2933 = MECHANICAL_DESIGN_GEOMETRIC_PRESENTATION_REPRESENTATION (  '', ( #2179 ), #2275 ) ;
#2934 = DIRECTION ( 'NONE',  ( -1.000000000000000000, 0.000000000000000000, 0.000000000000000000 ) ) ;
ENDSEC;
END-ISO-10303-21;
